-- MySQL dump 10.13  Distrib 5.5.49, for debian-linux-gnu (x86_64)
--
-- Host: 127.0.0.1    Database: person_kpi_test
-- ------------------------------------------------------
-- Server version	5.5.49-0ubuntu0.14.04.1

/*!40101 SET @OLD_CHARACTER_SET_CLIENT=@@CHARACTER_SET_CLIENT */;
/*!40101 SET @OLD_CHARACTER_SET_RESULTS=@@CHARACTER_SET_RESULTS */;
/*!40101 SET @OLD_COLLATION_CONNECTION=@@COLLATION_CONNECTION */;
/*!40101 SET NAMES utf8 */;
/*!40103 SET @OLD_TIME_ZONE=@@TIME_ZONE */;
/*!40103 SET TIME_ZONE='+00:00' */;
/*!40014 SET @OLD_UNIQUE_CHECKS=@@UNIQUE_CHECKS, UNIQUE_CHECKS=0 */;
/*!40014 SET @OLD_FOREIGN_KEY_CHECKS=@@FOREIGN_KEY_CHECKS, FOREIGN_KEY_CHECKS=0 */;
/*!40101 SET @OLD_SQL_MODE=@@SQL_MODE, SQL_MODE='NO_AUTO_VALUE_ON_ZERO' */;
/*!40111 SET @OLD_SQL_NOTES=@@SQL_NOTES, SQL_NOTES=0 */;

--
-- Table structure for table `admin`
--

DROP TABLE IF EXISTS `admin`;
/*!40101 SET @saved_cs_client     = @@character_set_client */;
/*!40101 SET character_set_client = utf8 */;
CREATE TABLE `admin` (
  `admin_id` int(11) NOT NULL AUTO_INCREMENT,
  `admin_name` varchar(255) NOT NULL,
  `admin_surname` varchar(255) NOT NULL,
  `admin_username` varchar(255) NOT NULL,
  `admin_password` varchar(255) NOT NULL,
  `admin_status` varchar(255) NOT NULL,
  `admin_email` varchar(100) DEFAULT NULL,
  `admin_website` varchar(100) DEFAULT NULL,
  `admin_send_email` varchar(100) DEFAULT NULL,
  `admin_address` text NOT NULL,
  `admin_tel` varchar(255) NOT NULL,
  `admin_age` varchar(11) NOT NULL,
  `register_date` datetime NOT NULL,
  `expired_date` datetime DEFAULT NULL,
  `activated` int(11) NOT NULL,
  `package` int(11) DEFAULT NULL,
  PRIMARY KEY (`admin_id`)
) ENGINE=InnoDB AUTO_INCREMENT=200 DEFAULT CHARSET=utf8;
/*!40101 SET character_set_client = @saved_cs_client */;

--
-- Dumping data for table `admin`
--

LOCK TABLES `admin` WRITE;
/*!40000 ALTER TABLE `admin` DISABLE KEYS */;
INSERT INTO `admin` VALUES (1,'Kosit','Aromsava','admin_kpi','5f4dcc3b5aa765d61d8327deb882cf99','3','nn.it@hotmail.com','www.nn-webready.com','','','','','0000-00-00 00:00:00','2018-01-01 00:00:00',1,1),(197,'Demo.Test','Demo','demo_test','5f4dcc3b5aa765d61d8327deb882cf99','1','nn.it@hotmail.com','','','','0809926565','29','2017-09-09 00:00:00','2017-11-30 00:00:00',1,3),(198,'Demo.V1','Demo','demo_admin','5f4dcc3b5aa765d61d8327deb882cf99','1','nn.it@hotmail.com','www.dashboardweb.com','','','0809926565','29','0000-00-00 00:00:00','2018-01-01 00:00:00',1,1),(199,'kongsin','fongda','noonuy','81dc9bdb52d04dc20036dbd8313ed055','1','noonuyit29@gmail.com','','','','0863420195','31','2017-09-30 00:00:00','2017-10-01 00:00:00',0,NULL);
/*!40000 ALTER TABLE `admin` ENABLE KEYS */;
UNLOCK TABLES;

--
-- Table structure for table `appraisal_period`
--

DROP TABLE IF EXISTS `appraisal_period`;
/*!40101 SET @saved_cs_client     = @@character_set_client */;
/*!40101 SET character_set_client = utf8 */;
CREATE TABLE `appraisal_period` (
  `appraisal_period_id` int(11) NOT NULL AUTO_INCREMENT,
  `appraisal_period_year` varchar(255) DEFAULT NULL,
  `appraisal_period_desc` varchar(255) DEFAULT NULL,
  `appraisal_period_start` varchar(255) DEFAULT NULL,
  `appraisal_period_end` varchar(255) DEFAULT NULL,
  `appraisal_period_target_percentage` double(11,0) DEFAULT NULL,
  `admin_id` int(11) DEFAULT NULL,
  PRIMARY KEY (`appraisal_period_id`)
) ENGINE=MyISAM AUTO_INCREMENT=827 DEFAULT CHARSET=utf8;
/*!40101 SET character_set_client = @saved_cs_client */;

--
-- Dumping data for table `appraisal_period`
--

LOCK TABLES `appraisal_period` WRITE;
/*!40000 ALTER TABLE `appraisal_period` DISABLE KEYS */;
INSERT INTO `appraisal_period` VALUES (822,'2017','ไตรมาส 1','1/1/2017','3/31/2017',0,199),(821,'2016','ครั้งที่4','2/5/2015','2/27/2015',81,197),(820,'2016','ครั้งที่3','1/20/2015','2/14/2015',80,197),(819,'2016','ครั้งที่2','1/5/2015','2/21/2015',88,197),(11,'2012','ประเมินครั้งที่1','01/01/2015','01/31/2015',91,198),(13,'2012','ประเมินครั้งที่2','01/01/2015','01/16/2015',78,198),(14,'2013','ประเมินครั้งที่1','01/01/2015','01/29/2015',80,198),(15,'2013','ประเมินครั้งที่2','01/28/2015','01/31/2015',81,198),(16,'2012','ประเมินครั้งที่3','01/01/2015','01/30/2015',75,198),(17,'2012','ประเมินครั้งที่4','01/01/2015','01/30/2015',81,198),(18,'2013','ประเมินครั้งที่3','01/01/2015','01/29/2015',76,198),(20,'2013','ประเมินครั้งที่4','01/01/2015','01/28/2015',80,198),(22,'2015','ครั้งที่1','1/1/2015','4/30/2015',75,198),(23,'2012','ครั้งที่2','5/1/2015','8/1/2015',80,198),(24,'2015','ครั้งที่2','5/1/2015','8/1/2015',80,198),(25,'2015','ครั้งที่3','9/1/2015','10/1/2015',80,198),(26,'2015','ครั้งที่4','10/1/2015','12/1/2015',80,198),(31,'2014','ครั้งที่1','2/4/2015','2/25/2015',80,198),(32,'2014','ครั้งที่2','2/17/2015','2/19/2015',80,198),(33,'2014','ครั้งที่3','2/2/2015','2/19/2015',81,198),(34,'2014','ครั้งที่4','2/2/2015','2/28/2015',85,198),(35,'2016','ครั้งที่1','1/26/2015','2/20/2015',80,198),(36,'2016','ครั้งที่2','1/5/2015','2/21/2015',88,198),(37,'2016','ครั้งที่3','1/20/2015','2/14/2015',80,198),(38,'2016','ครั้งที่4','2/5/2015','2/27/2015',81,198),(818,'2016','ครั้งที่1','1/26/2015','2/20/2015',80,197),(817,'2014','ครั้งที่4','2/2/2015','2/28/2015',85,197),(816,'2014','ครั้งที่3','2/2/2015','2/19/2015',81,197),(815,'2014','ครั้งที่2','2/17/2015','2/19/2015',80,197),(814,'2014','ครั้งที่1','2/4/2015','2/25/2015',80,197),(813,'2015','ครั้งที่4','10/1/2015','12/1/2015',80,197),(812,'2015','ครั้งที่3','9/1/2015','10/1/2015',80,197),(811,'2015','ครั้งที่2','5/1/2015','8/1/2015',80,197),(810,'2012','ครั้งที่2','5/1/2015','8/1/2015',80,197),(809,'2015','ครั้งที่1','1/1/2015','4/30/2015',75,197),(808,'2013','ประเมินครั้งที่4','01/01/2015','01/28/2015',80,197),(807,'2013','ประเมินครั้งที่3','01/01/2015','01/29/2015',76,197),(806,'2012','ประเมินครั้งที่4','01/01/2015','01/30/2015',81,197),(805,'2012','ประเมินครั้งที่3','01/01/2015','01/30/2015',75,197),(804,'2013','ประเมินครั้งที่2','01/28/2015','01/31/2015',81,197),(801,'2012','ประเมินครั้งที่1','01/01/2015','01/31/2015',91,197),(803,'2013','ประเมินครั้งที่1','01/01/2015','01/29/2015',80,197),(802,'2012','ประเมินครั้งที่2','01/01/2015','01/16/2015',78,197),(823,'2017','ไตรมาส 2','4/1/2017','6/30/2017',0,199),(824,'2017','ไตรมาส 3','7/1/2017','9/30/2017',0,199),(825,'2017','ไตรมาส 4','10/1/2017','12/31/2017',0,199);
/*!40000 ALTER TABLE `appraisal_period` ENABLE KEYS */;
UNLOCK TABLES;

--
-- Table structure for table `assign_kpi`
--

DROP TABLE IF EXISTS `assign_kpi`;
/*!40101 SET @saved_cs_client     = @@character_set_client */;
/*!40101 SET character_set_client = utf8 */;
CREATE TABLE `assign_kpi` (
  `assign_kpi_id` int(11) NOT NULL AUTO_INCREMENT,
  `assign_kpi_year` varchar(255) DEFAULT NULL,
  `appraisal_period_id` varchar(11) DEFAULT NULL,
  `kpi_id` varchar(11) DEFAULT NULL,
  `department_id` varchar(11) DEFAULT NULL,
  `division_id` varchar(11) DEFAULT NULL,
  `position_id` varchar(11) DEFAULT NULL,
  `emp_id` varchar(11) DEFAULT NULL,
  `kpi_weight` double DEFAULT NULL,
  `kpi_type_actual` varchar(255) DEFAULT NULL,
  `kpi_actual_query` varchar(255) DEFAULT NULL,
  `kpi_actual_manual` varchar(255) DEFAULT NULL,
  `target_data` varchar(255) DEFAULT NULL,
  `target_score` varchar(255) DEFAULT NULL,
  `total_kpi_actual_score` int(11) DEFAULT NULL,
  `kpi_actual_score` double DEFAULT NULL,
  `performance` double DEFAULT NULL,
  `admin_id` int(11) DEFAULT NULL,
  PRIMARY KEY (`assign_kpi_id`)
) ENGINE=MyISAM AUTO_INCREMENT=5775 DEFAULT CHARSET=utf8;
/*!40101 SET character_set_client = @saved_cs_client */;

--
-- Dumping data for table `assign_kpi`
--

LOCK TABLES `assign_kpi` WRITE;
/*!40000 ALTER TABLE `assign_kpi` DISABLE KEYS */;
INSERT INTO `assign_kpi` VALUES (182,'2015','22','35','9',NULL,'10','1',25,'0','','70','100.00','5.00',2000,4,80,198),(183,'2015','22','36','9',NULL,'10','1',25,'0','','4','2.00','5.00',1500,3,60,198),(181,'2015','22','34','9',NULL,'10','1',25,'0','','0','5.00','5.00',2500,5,99,198),(9,'2015','22','42','11',NULL,'10','17',25,'0','','2','2.00','5.00',2500,5,100,198),(10,'2015','22','43','11',NULL,'10','17',25,'0','','4','99.00','5.00',1500,3,60,198),(11,'2015','22','44','11',NULL,'10','17',25,'0','','70','100.00','5.00',2000,4,80,198),(12,'2015','22','45','11',NULL,'10','17',25,'0','','75','100.00','5.00',1500,3,60,198),(17,'2015','22','42','11',NULL,'10','18',25,'0','','2','2.00','5.00',2500,5,100,198),(18,'2015','22','43','11',NULL,'10','18',25,'0','','4','99.00','5.00',1500,3,60,198),(19,'2015','22','44','11',NULL,'10','18',25,'0','','55','100.00','5.00',1000,2,40,198),(20,'2015','22','45','11',NULL,'10','18',25,'0','','90','100.00','5.00',2500,5,100,198),(25,'2015','24','42','11',NULL,'10','17',25,'0','','2','2.00','5.00',2500,5,100,198),(26,'2015','24','43','11',NULL,'10','17',25,'0','','2','99.00','5.00',1000,2,40,198),(27,'2015','24','44','11',NULL,'10','17',25,'0','','70','100.00','5.00',2000,4,80,198),(28,'2015','24','45','11',NULL,'10','17',25,'0','','80','100.00','5.00',2000,4,80,198),(29,'2015','24','42','11',NULL,'10','18',25,'0','','3','2.00','5.00',2000,4,80,198),(30,'2015','24','43','11',NULL,'10','18',25,'0','','5','99.00','5.00',1500,3,60,198),(31,'2015','24','44','11',NULL,'10','18',25,'0','','60','100.00','5.00',1500,3,60,198),(32,'2015','24','45','11',NULL,'10','18',25,'0','','80','100.00','5.00',2000,4,80,198),(33,'2015','25','42','11',NULL,'10','17',25,'0','','3','2.00','5.00',2000,4,80,198),(34,'2015','25','43','11',NULL,'10','17',25,'0','','5','99.00','5.00',1500,3,60,198),(35,'2015','25','44','11',NULL,'10','17',25,'0','','75','100.00','5.00',2000,4,80,198),(36,'2015','25','45','11',NULL,'10','17',25,'0','','70','100.00','5.00',1500,3,60,198),(37,'2015','25','42','11',NULL,'10','18',25,'0','','4','2.00','5.00',2000,4,80,198),(38,'2015','25','43','11',NULL,'10','18',25,'0','','2','99.00','5.00',1000,2,40,198),(39,'2015','25','44','11',NULL,'10','18',25,'0','','50','100.00','5.00',1000,2,40,198),(40,'2015','25','45','11',NULL,'10','18',25,'0','','60','100.00','5.00',1000,2,40,198),(41,'2015','26','42','11',NULL,'10','17',25,'0','','0','2.00','5.00',2500,5,100,198),(42,'2015','26','43','11',NULL,'10','17',25,'0','','5','99.00','5.00',1500,3,60,198),(43,'2015','26','44','11',NULL,'10','17',25,'0','','80','100.00','5.00',2000,4,80,198),(44,'2015','26','45','11',NULL,'10','17',25,'0','','75','100.00','5.00',1500,3,60,198),(45,'2015','26','42','11',NULL,'10','18',25,'0','','0','2.00','5.00',2500,5,100,198),(46,'2015','26','43','11',NULL,'10','18',25,'0','','8','99.00','5.00',2500,5,100,198),(47,'2015','26','44','11',NULL,'10','18',25,'0','','60','100.00','5.00',1500,3,60,198),(48,'2015','26','45','11',NULL,'10','18',25,'0','','60','100.00','5.00',1000,2,40,198),(49,'2015','22','78','12',NULL,'10','11',25,'0','','80','100.00','5.00',2000,4,80,198),(50,'2015','22','79','12',NULL,'10','11',25,'0','','2','1.00','5.00',2000,4,80,198),(51,'2015','22','80','12',NULL,'10','11',25,'0','','3','1.00','5.00',1500,3,60,198),(52,'2015','22','81','12',NULL,'10','11',25,'0','','5','5.00','5.00',2500,5,100,198),(53,'2015','22','78','12',NULL,'10','12',25,'0','','80','100.00','5.00',2000,4,80,198),(54,'2015','22','79','12',NULL,'10','12',25,'0','','2','1.00','5.00',2000,4,80,198),(55,'2015','22','80','12',NULL,'10','12',25,'0','','4','1.00','5.00',1000,2,40,198),(56,'2015','22','81','12',NULL,'10','12',25,'0','','5','5.00','5.00',2500,5,100,198),(57,'2015','24','78','12',NULL,'10','11',25,'0','','70','100.00','5.00',1500,3,60,198),(58,'2015','24','79','12',NULL,'10','11',25,'0','','4','1.00','5.00',1000,2,40,198),(59,'2015','24','80','12',NULL,'10','11',25,'0','','2','1.00','5.00',2000,4,80,198),(60,'2015','24','81','12',NULL,'10','11',25,'0','','3','5.00','5.00',1500,3,60,198),(61,'2015','24','78','12',NULL,'10','12',25,'0','','80','100.00','5.00',2000,4,80,198),(62,'2015','24','79','12',NULL,'10','12',25,'0','','2','1.00','5.00',2000,4,80,198),(63,'2015','24','80','12',NULL,'10','12',25,'0','','2','1.00','5.00',2000,4,80,198),(64,'2015','24','81','12',NULL,'10','12',25,'0','','4','5.00','5.00',2000,4,80,198),(65,'2015','25','79','12',NULL,'10','11',25,'0','','0','1.00','5.00',2500,5,100,198),(66,'2015','25','78','12',NULL,'10','11',25,'0','','80','100.00','5.00',2000,4,80,198),(67,'2015','25','80','12',NULL,'10','11',25,'0','','4','1.00','5.00',1000,2,40,198),(68,'2015','25','81','12',NULL,'10','11',25,'0','','4','5.00','5.00',2000,4,80,198),(69,'2015','25','79','12',NULL,'10','12',25,'0','','2','1.00','5.00',2000,4,80,198),(70,'2015','25','78','12',NULL,'10','12',25,'0','','80','100.00','5.00',2000,4,80,198),(71,'2015','25','80','12',NULL,'10','12',25,'0','','3','1.00','5.00',1500,3,60,198),(72,'2015','25','81','12',NULL,'10','12',25,'0','','3','5.00','5.00',1500,3,60,198),(73,'2015','26','78','12',NULL,'10','11',25,'0','','80','100.00','5.00',2000,4,80,198),(74,'2015','26','80','12',NULL,'10','11',25,'0','','4','1.00','5.00',1000,2,40,198),(75,'2015','26','81','12',NULL,'10','11',25,'0','','2','5.00','5.00',1000,2,40,198),(76,'2015','26','79','12',NULL,'10','11',25,'0','','4','1.00','5.00',1000,2,40,198),(77,'2015','26','78','12',NULL,'10','12',25,'0','','50','100.00','5.00',500,1,20,198),(78,'2015','26','80','12',NULL,'10','12',25,'0','','4','1.00','5.00',1000,2,40,198),(79,'2015','26','81','12',NULL,'10','12',25,'0','','5','5.00','5.00',2500,5,100,198),(80,'2015','26','79','12',NULL,'10','12',25,'0','','0','1.00','5.00',2500,5,100,198),(81,'2015','22','82','13',NULL,'10','6',25,'0','','70','100.00','5.00',1500,3,60,198),(82,'2015','22','83','13',NULL,'10','6',25,'0','','42','100.00','5.00',2000,4,80,198),(83,'2015','22','84','13',NULL,'10','6',25,'0','','4','3.00','5.00',2000,4,80,198),(84,'2015','22','85','13',NULL,'10','6',25,'0','','1','5.00','5.00',500,1,20,198),(85,'2015','22','82','13',NULL,'10','7',25,'0','','80','100.00','5.00',2000,4,80,198),(86,'2015','22','83','13',NULL,'10','7',25,'0','','50','100.00','5.00',2500,5,100,198),(87,'2015','22','84','13',NULL,'10','7',25,'0','','2','3.00','5.00',2500,5,100,198),(88,'2015','22','85','13',NULL,'10','7',25,'0','','2','5.00','5.00',1000,2,40,198),(89,'2015','24','82','13',NULL,'10','6',25,'0','','70','100.00','5.00',1500,3,60,198),(90,'2015','24','83','13',NULL,'10','6',25,'0','','40','100.00','5.00',2000,4,80,198),(91,'2015','24','84','13',NULL,'10','6',25,'0','','0','3.00','5.00',2500,5,100,198),(92,'2015','24','85','13',NULL,'10','6',25,'0','','1','5.00','5.00',500,1,20,198),(93,'2015','24','82','13',NULL,'10','7',25,'0','','80','100.00','5.00',2000,4,80,198),(94,'2015','24','83','13',NULL,'10','7',25,'0','','20','100.00','5.00',1000,2,40,198),(95,'2015','24','84','13',NULL,'10','7',25,'0','','2','3.00','5.00',2500,5,100,198),(96,'2015','24','85','13',NULL,'10','7',25,'0','','5','5.00','5.00',2500,5,100,198),(97,'2015','25','82','13',NULL,'10','6',25,'0','','95','100.00','5.00',2500,5,100,198),(98,'2015','25','83','13',NULL,'10','6',25,'0','','50','100.00','5.00',2500,5,100,198),(99,'2015','25','84','13',NULL,'10','6',25,'0','','0','3.00','5.00',2500,5,100,198),(100,'2015','25','85','13',NULL,'10','6',25,'0','','5','5.00','5.00',2500,5,100,198),(101,'2015','25','82','13',NULL,'10','7',25,'0','','85','100.00','5.00',2000,4,80,198),(102,'2015','25','83','13',NULL,'10','7',25,'0','','40','100.00','5.00',2000,4,80,198),(103,'2015','25','84','13',NULL,'10','7',25,'0','','5','3.00','5.00',2000,4,80,198),(104,'2015','25','85','13',NULL,'10','7',25,'0','','5','5.00','5.00',2500,5,100,198),(105,'2015','26','82','13',NULL,'10','6',25,'0','','90','100.00','5.00',2000,4,80,198),(106,'2015','26','83','13',NULL,'10','6',25,'0','','50','100.00','5.00',2500,5,100,198),(107,'2015','26','84','13',NULL,'10','6',25,'0','','5','3.00','5.00',2000,4,80,198),(108,'2015','26','85','13',NULL,'10','6',25,'0','','2','5.00','5.00',1000,2,40,198),(109,'2015','26','82','13',NULL,'10','7',25,'0','','90','100.00','5.00',2000,4,80,198),(110,'2015','26','83','13',NULL,'10','7',25,'0','','50','100.00','5.00',2500,5,100,198),(111,'2015','26','84','13',NULL,'10','7',25,'0','','2','3.00','5.00',2500,5,100,198),(112,'2015','26','85','13',NULL,'10','7',25,'0','','5','5.00','5.00',2500,5,100,198),(113,'2015','22','90','14',NULL,'10','21',25,'0','','80','100.00','5.00',2000,4,80,198),(114,'2015','22','91','14',NULL,'10','21',25,'0','','90','99.00','5.00',2500,5,100,198),(115,'2015','22','92','14',NULL,'10','21',25,'0','','70','100.00','5.00',1500,3,60,198),(116,'2015','22','93','14',NULL,'10','21',25,'0','','80','100.00','5.00',2000,4,80,198),(117,'2015','22','90','14',NULL,'10','22',25,'0','','80','100.00','5.00',2000,4,80,198),(118,'2015','22','91','14',NULL,'10','22',25,'0','','85','99.00','5.00',2000,4,80,198),(119,'2015','22','92','14',NULL,'10','22',25,'0','','70','100.00','5.00',1500,3,60,198),(120,'2015','22','93','14',NULL,'10','22',25,'0','','50','100.00','5.00',500,1,20,198),(121,'2015','24','93','14',NULL,'10','21',25,'0','','80','100.00','5.00',2000,4,80,198),(122,'2015','24','92','14',NULL,'10','21',25,'0','','70','100.00','5.00',1500,3,60,198),(123,'2015','24','91','14',NULL,'10','21',25,'0','','60','99.00','5.00',1000,2,40,198),(124,'2015','24','90','14',NULL,'10','21',25,'0','','80','100.00','5.00',2000,4,80,198),(125,'2015','24','93','14',NULL,'10','22',25,'0','','80','100.00','5.00',2000,4,80,198),(126,'2015','24','92','14',NULL,'10','22',25,'0','','80','100.00','5.00',2000,4,80,198),(127,'2015','24','91','14',NULL,'10','22',25,'0','','90','99.00','5.00',2500,5,100,198),(128,'2015','24','90','14',NULL,'10','22',25,'0','','88','100.00','5.00',2000,4,80,198),(129,'2015','25','90','14',NULL,'10','21',25,'0','','80','100.00','5.00',2000,4,80,198),(130,'2015','25','91','14',NULL,'10','21',25,'0','','70','99.00','5.00',1500,3,60,198),(131,'2015','25','92','14',NULL,'10','21',25,'0','','50','100.00','5.00',500,1,20,198),(132,'2015','25','93','14',NULL,'10','21',25,'0','','40','100.00','5.00',0,0,0,198),(133,'2015','25','90','14',NULL,'10','22',25,'0','','50','100.00','5.00',500,1,20,198),(134,'2015','25','91','14',NULL,'10','22',25,'0','','80','99.00','5.00',2000,4,80,198),(135,'2015','25','92','14',NULL,'10','22',25,'0','','80','100.00','5.00',2000,4,80,198),(136,'2015','25','93','14',NULL,'10','22',25,'0','','80','100.00','5.00',2000,4,80,198),(137,'2015','26','93','14',NULL,'10','21',25,'0','','70','100.00','5.00',1500,3,60,198),(138,'2015','26','92','14',NULL,'10','21',25,'0','','80','100.00','5.00',2000,4,80,198),(139,'2015','26','91','14',NULL,'10','21',25,'0','','80','99.00','5.00',2000,4,80,198),(140,'2015','26','90','14',NULL,'10','21',25,'0','','70','100.00','5.00',1500,3,60,198),(141,'2015','26','93','14',NULL,'10','22',25,'0','','80','100.00','5.00',2000,4,80,198),(142,'2015','26','92','14',NULL,'10','22',25,'0','','80','100.00','5.00',2000,4,80,198),(143,'2015','26','91','14',NULL,'10','22',25,'0','','90','99.00','5.00',2500,5,100,198),(144,'2015','26','90','14',NULL,'10','22',25,'0','','70','100.00','5.00',1500,3,60,198),(145,'2015','22','86','15',NULL,'10','26',25,'0','','80','100.00','5.00',2000,4,80,198),(146,'2015','22','87','15',NULL,'10','26',25,'0','','0.8','2.00','5.00',2000,4,80,198),(147,'2015','22','88','15',NULL,'10','26',25,'0','','2','5.00','5.00',1000,2,40,198),(148,'2015','22','89','15',NULL,'10','26',25,'0','','80','100.00','5.00',2000,4,80,198),(149,'2015','22','86','15',NULL,'10','27',25,'0','','90','100.00','5.00',2500,5,100,198),(150,'2015','22','87','15',NULL,'10','27',25,'0','','1','2.00','5.00',2500,5,100,198),(151,'2015','22','88','15',NULL,'10','27',25,'0','','1','5.00','5.00',500,1,20,198),(152,'2015','22','89','15',NULL,'10','27',25,'0','','82','100.00','5.00',2000,4,80,198),(153,'2015','24','89','15',NULL,'10','26',25,'0','','80','100.00','5.00',2000,4,80,198),(154,'2015','24','88','15',NULL,'10','26',25,'0','','4','5.00','5.00',2000,4,80,198),(155,'2015','24','87','15',NULL,'10','26',25,'0','','0.5','2.00','5.00',500,1,20,198),(156,'2015','24','86','15',NULL,'10','26',25,'0','','80','100.00','5.00',2000,4,80,198),(157,'2015','24','89','15',NULL,'10','27',25,'0','','70','100.00','5.00',1500,3,60,198),(158,'2015','24','88','15',NULL,'10','27',25,'0','','5','5.00','5.00',2500,5,100,198),(159,'2015','24','87','15',NULL,'10','27',25,'0','','0.5','2.00','5.00',500,1,20,198),(160,'2015','24','86','15',NULL,'10','27',25,'0','','80','100.00','5.00',2000,4,80,198),(161,'2015','25','86','15',NULL,'10','26',25,'0','','90','100.00','5.00',2500,5,100,198),(162,'2015','25','87','15',NULL,'10','26',25,'0','','1','2.00','5.00',2500,5,100,198),(163,'2015','25','89','15',NULL,'10','26',25,'0','','0.00','100.00','5.00',0,0,0,198),(164,'2015','25','88','15',NULL,'10','26',25,'0','','2','5.00','5.00',1000,2,40,198),(165,'2015','25','86','15',NULL,'10','27',25,'0','','80','100.00','5.00',2000,4,80,198),(166,'2015','25','87','15',NULL,'10','27',25,'0','','0.5','2.00','5.00',500,1,20,198),(167,'2015','25','89','15',NULL,'10','27',25,'0','','70','100.00','5.00',1500,3,60,198),(168,'2015','25','88','15',NULL,'10','27',25,'0','','3','5.00','5.00',1500,3,60,198),(169,'2015','26','88','15',NULL,'10','26',25,'0','','4','5.00','5.00',2000,4,80,198),(170,'2015','26','89','15',NULL,'10','26',25,'0','','80','100.00','5.00',2000,4,80,198),(171,'2015','26','87','15',NULL,'10','26',25,'0','','0.7','2.00','5.00',1500,3,60,198),(172,'2015','26','86','15',NULL,'10','26',25,'0','','90','100.00','5.00',2500,5,99,198),(173,'2015','26','88','15',NULL,'10','27',25,'0','','4','5.00','5.00',2000,4,80,198),(174,'2015','26','89','15',NULL,'10','27',25,'0','','80','100.00','5.00',2000,4,80,198),(175,'2015','26','87','15',NULL,'10','27',25,'0','','0.2','2.00','5.00',0,0,0,198),(176,'2015','26','86','15',NULL,'10','27',25,'0','','90','100.00','5.00',2500,5,99,198),(177,'2015','22','34','9',NULL,'10','2',25,'0','','0','5.00','5.00',2500,5,99,198),(178,'2015','22','35','9',NULL,'10','2',25,'0','','70','100.00','5.00',2000,4,80,198),(179,'2015','22','36','9',NULL,'10','2',25,'0','','4','2.00','5.00',1500,3,60,198),(180,'2015','22','33','9',NULL,'10','2',25,'0','','2','4.00','5.00',2500,5,99,198),(184,'2015','22','33','9',NULL,'10','1',25,'0','','2','4.00','5.00',2500,5,99,198),(185,'2015','24','33','9',NULL,'10','1',25,'0','','0','4.00','5.00',2500,5,99,198),(186,'2015','24','34','9',NULL,'10','1',25,'0','','10','5.00','5.00',1000,2,40,198),(187,'2015','24','35','9',NULL,'10','1',25,'0','','50','100.00','5.00',1000,2,40,198),(188,'2015','24','36','9',NULL,'10','1',25,'0','','5','2.00','5.00',1000,2,40,198),(189,'2015','24','33','9',NULL,'10','2',25,'0','','0','4.00','5.00',2500,5,99,198),(190,'2015','24','34','9',NULL,'10','2',25,'0','','2','5.00','5.00',2500,5,99,198),(191,'2015','24','35','9',NULL,'10','2',25,'0','','50','100.00','5.00',1000,2,40,198),(192,'2015','24','36','9',NULL,'10','2',25,'0','','7','2.00','5.00',500,1,20,198),(193,'2015','25','33','9',NULL,'10','1',25,'0','','4','4.00','5.00',2500,5,99,198),(194,'2015','25','34','9',NULL,'10','1',25,'0','','4','5.00','5.00',2500,5,99,198),(195,'2015','25','35','9',NULL,'10','1',25,'0','','50','100.00','5.00',1000,2,40,198),(196,'2015','25','36','9',NULL,'10','1',25,'0','','8','2.00','5.00',500,1,20,198),(197,'2015','25','33','9',NULL,'10','2',25,'0','','4','4.00','5.00',2500,5,99,198),(198,'2015','25','34','9',NULL,'10','2',25,'0','','12','5.00','5.00',500,1,20,198),(199,'2015','25','35','9',NULL,'10','2',25,'0','','65','100.00','5.00',1500,3,60,198),(200,'2015','25','36','9',NULL,'10','2',25,'0','','8','2.00','5.00',500,1,20,198),(201,'2015','26','33','9',NULL,'10','1',25,'0','','5','4.00','5.00',2000,4,80,198),(202,'2015','26','34','9',NULL,'10','1',25,'0','','8','5.00','5.00',1500,3,60,198),(203,'2015','26','36','9',NULL,'10','1',25,'0','','4','2.00','5.00',1500,3,60,198),(204,'2015','26','35','9',NULL,'10','1',25,'0','','90','100.00','5.00',2500,5,99,198),(205,'2015','26','33','9',NULL,'10','2',25,'0','','4','4.00','5.00',2500,5,100,198),(206,'2015','26','34','9',NULL,'10','2',25,'0','','8','5.00','5.00',1500,3,60,198),(207,'2015','26','36','9',NULL,'10','2',25,'0','','4','2.00','5.00',1500,3,60,198),(208,'2015','26','35','9',NULL,'10','2',25,'0','','90','100.00','5.00',2500,5,99,198),(5750,'2015','809','753','233',NULL,'120','559',25,'0','','0.00','5.00','5.00',0,0,0,197),(5751,'2015','809','752','233',NULL,'120','559',25,'0','','0.00','1.00','5.00',0,0,0,197),(5749,'2015','809','742','231',NULL,'120','559',25,'0','','2','4.00','5.00',2500,5,99,197),(5747,'2015','809','745','231',NULL,'120','559',25,'0','','4','2.00','5.00',1500,3,60,197),(5748,'2015','809','746','234',NULL,'120','559',25,'0','','0.00','','',0,0,0,197),(5746,'2015','809','762','235',NULL,'120','559',25,'0','','0.00','100.00','5.00',0,0,0,197),(5744,'2015','809','765','235',NULL,'120','559',25,'0','','0.00','100.00','5.00',0,0,0,197),(5745,'2015','809','763','235',NULL,'120','559',25,'0','','0.00','99.00','5.00',0,0,0,197),(5743,'2015','809','764','235',NULL,'120','559',25,'0','','0.00','100.00','5.00',0,0,0,197),(5741,'2015','809','760','236',NULL,'120','559',25,'0','','2','5.00','5.00',1000,2,40,197),(5742,'2015','809','758','236',NULL,'120','559',25,'0','','80','100.00','5.00',2000,4,80,197),(5739,'2015','809','761','236',NULL,'120','559',25,'0','','90','100.00','5.00',2500,5,99,197),(5740,'2015','809','759','236',NULL,'120','559',25,'0','','1','2.00','5.00',2500,5,99,197),(5738,'2015','809','747','234',NULL,'119','556',25,'0','','0.00','99.00','5.00',0,0,0,197),(5737,'2015','809','746','234',NULL,'119','556',25,'0','','0.00','2.00','5.00',0,0,0,197),(5735,'2015','809','749','234',NULL,'119','556',25,'0','','0.00','100.00','5.00',0,0,0,197),(5736,'2015','809','748','234',NULL,'119','556',25,'0','','0.00','100.00','5.00',0,0,0,197),(5734,'2015','809','742','231',NULL,'119','556',25,'0','','0.00','4.00','5.00',0,0,0,197),(5732,'2015','809','744','231',NULL,'119','556',25,'0','','0.00','100.00','5.00',0,0,0,197),(5733,'2015','809','743','231',NULL,'119','556',25,'0','','0.00','5.00','5.00',0,0,0,197),(5731,'2015','809','745','231',NULL,'119','556',25,'0','','0.00','2.00','5.00',0,0,0,197),(5730,'2015','809','743','231',NULL,'120','556',25,'0','','0','5.00','5.00',2500,5,99,197),(5729,'2015','809','744','231',NULL,'120','556',25,'0','','70','100.00','5.00',2000,4,80,197),(5727,'2015','809','748','234',NULL,'120','556',25,'0','','0.00','','',0,0,0,197),(5728,'2015','809','747','234',NULL,'120','556',25,'0','','0.00','','',0,0,0,197),(5726,'2015','809','749','234',NULL,'120','556',25,'0','','0.00','','',0,0,0,197),(5725,'2015','809','754','232',NULL,'120','556',25,'0','','0.00','100.00','5.00',0,0,0,197),(5723,'2015','809','756','232',NULL,'120','556',25,'0','','0.00','3.00','5.00',0,0,0,197),(5724,'2015','809','755','232',NULL,'120','556',25,'0','','0.00','100.00','5.00',0,0,0,197),(5722,'2015','809','757','232',NULL,'120','556',25,'0','','0.00','5.00','5.00',0,0,0,197),(5720,'2015','809','751','233',NULL,'120','556',25,'0','','0.00','1.00','5.00',0,0,0,197),(5721,'2015','809','750','233',NULL,'120','556',25,'0','','0.00','100.00','5.00',0,0,0,197),(5717,'2015','809','742','231',NULL,'120','556',25,'0','','2','4.00','5.00',2500,5,99,197),(5719,'2015','809','752','233',NULL,'120','556',25,'0','','0.00','1.00','5.00',0,0,0,197),(5718,'2015','809','753','233',NULL,'120','556',25,'0','','0.00','5.00','5.00',0,0,0,197),(5716,'2015','809','746','234',NULL,'120','556',25,'0','','0.00','','',0,0,0,197),(5715,'2015','809','745','231',NULL,'120','556',25,'0','','4','2.00','5.00',1500,3,60,197),(5714,'2015','809','762','235',NULL,'120','556',25,'0','','0.00','100.00','5.00',0,0,0,197),(5713,'2015','809','763','235',NULL,'120','556',25,'0','','0.00','99.00','5.00',0,0,0,197),(5712,'2015','809','765','235',NULL,'120','556',25,'0','','0.00','100.00','5.00',0,0,0,197),(5711,'2015','809','764','235',NULL,'120','556',25,'0','','0.00','100.00','5.00',0,0,0,197),(5710,'2015','809','758','236',NULL,'120','556',25,'0','','80','100.00','5.00',2000,4,80,197),(5708,'2015','809','759','236',NULL,'120','556',25,'0','','1','2.00','5.00',2500,5,99,197),(5709,'2015','809','760','236',NULL,'120','556',25,'0','','2','5.00','5.00',1000,2,40,197),(5705,'2015','813','745','231',NULL,'120','551',25,'0','','4','2.00','5.00',1500,3,60,197),(5706,'2015','813','744','231',NULL,'120','551',25,'0','','90','100.00','5.00',2500,5,99,197),(5702,'2015','813','744','231',NULL,'120','550',25,'0','','90','100.00','5.00',2500,5,99,197),(5704,'2015','813','743','231',NULL,'120','551',25,'0','','8','5.00','5.00',1500,3,60,197),(5703,'2015','813','742','231',NULL,'120','551',25,'0','','4','4.00','5.00',2500,5,100,197),(5701,'2015','813','745','231',NULL,'120','550',25,'0','','4','2.00','5.00',1500,3,60,197),(5700,'2015','813','743','231',NULL,'120','550',25,'0','','8','5.00','5.00',1500,3,60,197),(5699,'2015','813','742','231',NULL,'120','550',25,'0','','5','4.00','5.00',2000,4,80,197),(5698,'2015','812','745','231',NULL,'120','551',25,'0','','8','2.00','5.00',500,1,20,197),(5697,'2015','812','744','231',NULL,'120','551',25,'0','','65','100.00','5.00',1500,3,60,197),(5696,'2015','812','743','231',NULL,'120','551',25,'0','','12','5.00','5.00',500,1,20,197),(5695,'2015','812','742','231',NULL,'120','551',25,'0','','4','4.00','5.00',2500,5,99,197),(5694,'2015','812','745','231',NULL,'120','550',25,'0','','8','2.00','5.00',500,1,20,197),(5693,'2015','812','744','231',NULL,'120','550',25,'0','','50','100.00','5.00',1000,2,40,197),(5692,'2015','812','743','231',NULL,'120','550',25,'0','','4','5.00','5.00',2500,5,99,197),(5691,'2015','812','742','231',NULL,'120','550',25,'0','','4','4.00','5.00',2500,5,99,197),(5690,'2015','811','745','231',NULL,'120','551',25,'0','','7','2.00','5.00',500,1,20,197),(5689,'2015','811','744','231',NULL,'120','551',25,'0','','50','100.00','5.00',1000,2,40,197),(5688,'2015','811','743','231',NULL,'120','551',25,'0','','2','5.00','5.00',2500,5,99,197),(5687,'2015','811','742','231',NULL,'120','551',25,'0','','0','4.00','5.00',2500,5,99,197),(5686,'2015','811','745','231',NULL,'120','550',25,'0','','5','2.00','5.00',1000,2,40,197),(5685,'2015','811','744','231',NULL,'120','550',25,'0','','50','100.00','5.00',1000,2,40,197),(5682,'2015','809','742','231',NULL,'120','550',25,'0','','2','4.00','5.00',2500,5,99,197),(5684,'2015','811','743','231',NULL,'120','550',25,'0','','10','5.00','5.00',1000,2,40,197),(5683,'2015','811','742','231',NULL,'120','550',25,'0','','0','4.00','5.00',2500,5,99,197),(5681,'2015','809','742','231',NULL,'120','551',25,'0','','2','4.00','5.00',2500,5,99,197),(5680,'2015','809','745','231',NULL,'120','551',25,'0','','4','2.00','5.00',1500,3,60,197),(5679,'2015','809','744','231',NULL,'120','551',25,'0','','70','100.00','5.00',2000,4,80,197),(5678,'2015','809','743','231',NULL,'120','551',25,'0','','0','5.00','5.00',2500,5,99,197),(5677,'2015','813','758','236',NULL,'120','563',25,'0','','90','100.00','5.00',2500,5,99,197),(5676,'2015','813','759','236',NULL,'120','563',25,'0','','0.2','2.00','5.00',0,0,0,197),(5675,'2015','813','761','236',NULL,'120','563',25,'0','','80','100.00','5.00',2000,4,80,197),(5674,'2015','813','760','236',NULL,'120','563',25,'0','','4','5.00','5.00',2000,4,80,197),(5673,'2015','813','758','236',NULL,'120','562',25,'0','','90','100.00','5.00',2500,5,99,197),(5672,'2015','813','759','236',NULL,'120','562',25,'0','','0.7','2.00','5.00',1500,3,60,197),(5671,'2015','813','761','236',NULL,'120','562',25,'0','','80','100.00','5.00',2000,4,80,197),(5670,'2015','813','760','236',NULL,'120','562',25,'0','','4','5.00','5.00',2000,4,80,197),(5669,'2015','812','760','236',NULL,'120','563',25,'0','','3','5.00','5.00',1500,3,60,197),(5668,'2015','812','761','236',NULL,'120','563',25,'0','','70','100.00','5.00',1500,3,60,197),(5667,'2015','812','759','236',NULL,'120','563',25,'0','','0.5','2.00','5.00',500,1,20,197),(5666,'2015','812','758','236',NULL,'120','563',25,'0','','80','100.00','5.00',2000,4,80,197),(5665,'2015','812','760','236',NULL,'120','562',25,'0','','2','5.00','5.00',1000,2,40,197),(5664,'2015','812','761','236',NULL,'120','562',25,'0','','0.00','100.00','5.00',0,0,0,197),(5663,'2015','812','759','236',NULL,'120','562',25,'0','','1','2.00','5.00',2500,5,100,197),(5662,'2015','812','758','236',NULL,'120','562',25,'0','','90','100.00','5.00',2500,5,100,197),(5659,'2015','811','760','236',NULL,'120','563',25,'0','','5','5.00','5.00',2500,5,100,197),(5660,'2015','811','759','236',NULL,'120','563',25,'0','','0.5','2.00','5.00',500,1,20,197),(5661,'2015','811','758','236',NULL,'120','563',25,'0','','80','100.00','5.00',2000,4,80,197),(5658,'2015','811','761','236',NULL,'120','563',25,'0','','70','100.00','5.00',1500,3,60,197),(5657,'2015','811','758','236',NULL,'120','562',25,'0','','80','100.00','5.00',2000,4,80,197),(5656,'2015','811','759','236',NULL,'120','562',25,'0','','0.5','2.00','5.00',500,1,20,197),(5654,'2015','811','761','236',NULL,'120','562',25,'0','','80','100.00','5.00',2000,4,80,197),(5655,'2015','811','760','236',NULL,'120','562',25,'0','','4','5.00','5.00',2000,4,80,197),(5652,'2015','809','760','236',NULL,'120','563',25,'0','','1','5.00','5.00',500,1,20,197),(5653,'2015','809','761','236',NULL,'120','563',25,'0','','82','100.00','5.00',2000,4,80,197),(5651,'2015','809','759','236',NULL,'120','563',25,'0','','1','2.00','5.00',2500,5,100,197),(5707,'2015','809','761','236',NULL,'120','556',25,'0','','90','100.00','5.00',2500,5,99,197),(5649,'2015','809','761','236',NULL,'120','562',25,'0','','100','100.00','5.00',0,0,0,197),(5650,'2015','809','758','236',NULL,'120','563',25,'0','','90','100.00','5.00',0,0,0,197),(5648,'2015','809','760','236',NULL,'120','562',25,'0','','8','5.00','5.00',0,0,0,197),(5646,'2015','809','','236',NULL,'120','562',25,'0','','85','100.00','5.00',0,0,0,197),(5647,'2015','809','','236',NULL,'120','562',25,'0','','0.4','2.00','5.00',0,0,0,197),(5645,'2015','813','762','235',NULL,'120','561',25,'0','','70','100.00','5.00',1500,3,60,197),(5643,'2015','813','764','235',NULL,'120','561',25,'0','','80','100.00','5.00',2000,4,80,197),(5644,'2015','813','763','235',NULL,'120','561',25,'0','','90','99.00','5.00',2500,5,100,197),(5641,'2015','813','762','235',NULL,'120','560',25,'0','','70','100.00','5.00',1500,3,60,197),(5642,'2015','813','765','235',NULL,'120','561',25,'0','','80','100.00','5.00',2000,4,80,197),(5640,'2015','813','763','235',NULL,'120','560',25,'0','','80','99.00','5.00',2000,4,80,197),(5638,'2015','813','765','235',NULL,'120','560',25,'0','','70','100.00','5.00',1500,3,60,197),(5639,'2015','813','764','235',NULL,'120','560',25,'0','','80','100.00','5.00',2000,4,80,197),(5637,'2015','812','765','235',NULL,'120','561',25,'0','','80','100.00','5.00',2000,4,80,197),(5635,'2015','812','763','235',NULL,'120','561',25,'0','','80','99.00','5.00',2000,4,80,197),(5636,'2015','812','764','235',NULL,'120','561',25,'0','','80','100.00','5.00',2000,4,80,197),(5633,'2015','812','765','235',NULL,'120','560',25,'0','','40','100.00','5.00',0,0,0,197),(5634,'2015','812','762','235',NULL,'120','561',25,'0','','50','100.00','5.00',500,1,20,197),(5631,'2015','812','763','235',NULL,'120','560',25,'0','','70','99.00','5.00',1500,3,60,197),(5632,'2015','812','764','235',NULL,'120','560',25,'0','','50','100.00','5.00',500,1,20,197),(5630,'2015','812','762','235',NULL,'120','560',25,'0','','80','100.00','5.00',2000,4,80,197),(5629,'2015','811','762','235',NULL,'120','561',25,'0','','88','100.00','5.00',2000,4,80,197),(5628,'2015','811','763','235',NULL,'120','561',25,'0','','90','99.00','5.00',2500,5,100,197),(5626,'2015','811','765','235',NULL,'120','561',25,'0','','80','100.00','5.00',2000,4,80,197),(5627,'2015','811','764','235',NULL,'120','561',25,'0','','80','100.00','5.00',2000,4,80,197),(5625,'2015','811','762','235',NULL,'120','560',25,'0','','80','100.00','5.00',2000,4,80,197),(5624,'2015','811','763','235',NULL,'120','560',25,'0','','60','99.00','5.00',1000,2,40,197),(5623,'2015','811','764','235',NULL,'120','560',25,'0','','70','100.00','5.00',1500,3,60,197),(5622,'2015','811','765','235',NULL,'120','560',25,'0','','80','100.00','5.00',2000,4,80,197),(5620,'2015','809','764','235',NULL,'120','561',25,'0','','70','100.00','5.00',1500,3,60,197),(5621,'2015','809','765','235',NULL,'120','561',25,'0','','50','100.00','5.00',500,1,20,197),(5619,'2015','809','763','235',NULL,'120','561',25,'0','','85','99.00','5.00',2000,4,80,197),(5617,'2015','809','765','235',NULL,'120','560',25,'0','','80','100.00','5.00',2000,4,80,197),(5618,'2015','809','762','235',NULL,'120','561',25,'0','','80','100.00','5.00',2000,4,80,197),(5616,'2015','809','764','235',NULL,'120','560',25,'0','','70','100.00','5.00',1500,3,60,197),(5614,'2015','809','762','235',NULL,'120','560',25,'0','','80','100.00','5.00',2000,4,80,197),(5615,'2015','809','763','235',NULL,'120','560',25,'0','','90','99.00','5.00',2500,5,100,197),(5612,'2015','813','756','232',NULL,'120','553',25,'0','','2','3.00','5.00',2500,5,100,197),(5613,'2015','813','757','232',NULL,'120','553',25,'0','','5','5.00','5.00',2500,5,100,197),(5611,'2015','813','755','232',NULL,'120','553',25,'0','','50','100.00','5.00',2500,5,100,197),(5610,'2015','813','754','232',NULL,'120','553',25,'0','','90','100.00','5.00',2000,4,80,197),(5609,'2015','813','757','232',NULL,'120','552',25,'0','','2','5.00','5.00',1000,2,40,197),(5607,'2015','813','755','232',NULL,'120','552',25,'0','','50','100.00','5.00',2500,5,100,197),(5608,'2015','813','756','232',NULL,'120','552',25,'0','','5','3.00','5.00',2000,4,80,197),(5606,'2015','813','754','232',NULL,'120','552',25,'0','','90','100.00','5.00',2000,4,80,197),(5604,'2015','812','756','232',NULL,'120','553',25,'0','','5','3.00','5.00',2000,4,80,197),(5605,'2015','812','757','232',NULL,'120','553',25,'0','','5','5.00','5.00',2500,5,100,197),(5603,'2015','812','755','232',NULL,'120','553',25,'0','','40','100.00','5.00',2000,4,80,197),(5602,'2015','812','754','232',NULL,'120','553',25,'0','','85','100.00','5.00',2000,4,80,197),(5601,'2015','812','757','232',NULL,'120','552',25,'0','','5','5.00','5.00',2500,5,100,197),(5600,'2015','812','756','232',NULL,'120','552',25,'0','','0','3.00','5.00',2500,5,100,197),(5599,'2015','812','755','232',NULL,'120','552',25,'0','','50','100.00','5.00',2500,5,100,197),(5598,'2015','812','754','232',NULL,'120','552',25,'0','','95','100.00','5.00',2500,5,100,197),(5597,'2015','811','757','232',NULL,'120','553',25,'0','','5','5.00','5.00',2500,5,100,197),(5596,'2015','811','756','232',NULL,'120','553',25,'0','','2','3.00','5.00',2500,5,100,197),(5595,'2015','811','755','232',NULL,'120','553',25,'0','','20','100.00','5.00',1000,2,40,197),(5592,'2015','811','756','232',NULL,'120','552',25,'0','','0','3.00','5.00',2500,5,100,197),(5594,'2015','811','754','232',NULL,'120','553',25,'0','','80','100.00','5.00',2000,4,80,197),(5593,'2015','811','757','232',NULL,'120','552',25,'0','','1','5.00','5.00',500,1,20,197),(5591,'2015','811','755','232',NULL,'120','552',25,'0','','40','100.00','5.00',2000,4,80,197),(5588,'2015','809','756','232',NULL,'120','553',25,'0','','2','3.00','5.00',2500,5,100,197),(5589,'2015','809','757','232',NULL,'120','553',25,'0','','2','5.00','5.00',1000,2,40,197),(5590,'2015','811','754','232',NULL,'120','552',25,'0','','70','100.00','5.00',1500,3,60,197),(5587,'2015','809','755','232',NULL,'120','553',25,'0','','50','100.00','5.00',2500,5,100,197),(5586,'2015','809','754','232',NULL,'120','553',25,'0','','80','100.00','5.00',2000,4,80,197),(5584,'2015','809','756','232',NULL,'120','552',25,'0','','4','3.00','5.00',2000,4,80,197),(5585,'2015','809','757','232',NULL,'120','552',25,'0','','1','5.00','5.00',500,1,20,197),(5582,'2015','809','754','232',NULL,'120','552',25,'0','','70','100.00','5.00',1500,3,60,197),(5583,'2015','809','755','232',NULL,'120','552',25,'0','','42','100.00','5.00',2000,4,80,197),(5580,'2015','813','753','233',NULL,'120','555',25,'0','','5','5.00','5.00',2500,5,100,197),(5581,'2015','813','751','233',NULL,'120','555',25,'0','','0','1.00','5.00',2500,5,100,197),(5579,'2015','813','752','233',NULL,'120','555',25,'0','','4','1.00','5.00',1000,2,40,197),(5578,'2015','813','750','233',NULL,'120','555',25,'0','','50','100.00','5.00',500,1,20,197),(5577,'2015','813','751','233',NULL,'120','554',25,'0','','4','1.00','5.00',1000,2,40,197),(5575,'2015','813','752','233',NULL,'120','554',25,'0','','4','1.00','5.00',1000,2,40,197),(5576,'2015','813','753','233',NULL,'120','554',25,'0','','2','5.00','5.00',1000,2,40,197),(5574,'2015','813','750','233',NULL,'120','554',25,'0','','80','100.00','5.00',2000,4,80,197),(5573,'2015','812','753','233',NULL,'120','555',25,'0','','3','5.00','5.00',1500,3,60,197),(5572,'2015','812','752','233',NULL,'120','555',25,'0','','3','1.00','5.00',1500,3,60,197),(5570,'2015','812','751','233',NULL,'120','555',25,'0','','2','1.00','5.00',2000,4,80,197),(5571,'2015','812','750','233',NULL,'120','555',25,'0','','80','100.00','5.00',2000,4,80,197),(5569,'2015','812','753','233',NULL,'120','554',25,'0','','4','5.00','5.00',2000,4,80,197),(5568,'2015','812','752','233',NULL,'120','554',25,'0','','4','1.00','5.00',1000,2,40,197),(5567,'2015','812','750','233',NULL,'120','554',25,'0','','80','100.00','5.00',2000,4,80,197),(5565,'2015','811','753','233',NULL,'120','555',25,'0','','4','5.00','5.00',2000,4,80,197),(5566,'2015','812','751','233',NULL,'120','554',25,'0','','0','1.00','5.00',2500,5,100,197),(5564,'2015','811','752','233',NULL,'120','555',25,'0','','2','1.00','5.00',2000,4,80,197),(5563,'2015','811','751','233',NULL,'120','555',25,'0','','2','1.00','5.00',2000,4,80,197),(5562,'2015','811','750','233',NULL,'120','555',25,'0','','80','100.00','5.00',2000,4,80,197),(5561,'2015','811','753','233',NULL,'120','554',25,'0','','3','5.00','5.00',1500,3,60,197),(5560,'2015','811','752','233',NULL,'120','554',25,'0','','2','1.00','5.00',2000,4,80,197),(5558,'2015','811','750','233',NULL,'120','554',25,'0','','70','100.00','5.00',1500,3,60,197),(5559,'2015','811','751','233',NULL,'120','554',25,'0','','4','1.00','5.00',1000,2,40,197),(5557,'2015','809','753','233',NULL,'120','555',25,'0','','5','5.00','5.00',2500,5,100,197),(5556,'2015','809','752','233',NULL,'120','555',25,'0','','4','1.00','5.00',1000,2,40,197),(5554,'2015','809','750','233',NULL,'120','555',25,'0','','80','100.00','5.00',2000,4,80,197),(5555,'2015','809','751','233',NULL,'120','555',25,'0','','2','1.00','5.00',2000,4,80,197),(5553,'2015','809','753','233',NULL,'120','554',25,'0','','5','5.00','5.00',2500,5,100,197),(5552,'2015','809','752','233',NULL,'120','554',25,'0','','3','1.00','5.00',1500,3,60,197),(5550,'2015','809','750','233',NULL,'120','554',25,'0','','80','100.00','5.00',2000,4,80,197),(5551,'2015','809','751','233',NULL,'120','554',25,'0','','2','1.00','5.00',2000,4,80,197),(5549,'2015','813','749','234',NULL,'120','558',25,'0','','60','100.00','5.00',1000,2,40,197),(5548,'2015','813','748','234',NULL,'120','558',25,'0','','60','100.00','5.00',1500,3,60,197),(5546,'2015','813','746','234',NULL,'120','558',25,'0','','0','2.00','5.00',2500,5,100,197),(5547,'2015','813','747','234',NULL,'120','558',25,'0','','8','99.00','5.00',2500,5,100,197),(5545,'2015','813','749','234',NULL,'120','557',25,'0','','75','100.00','5.00',1500,3,60,197),(5544,'2015','813','748','234',NULL,'120','557',25,'0','','80','100.00','5.00',2000,4,80,197),(5543,'2015','813','747','234',NULL,'120','557',25,'0','','5','99.00','5.00',1500,3,60,197),(5542,'2015','813','746','234',NULL,'120','557',25,'0','','0','2.00','5.00',2500,5,100,197),(5541,'2015','812','749','234',NULL,'120','558',25,'0','','60','100.00','5.00',1000,2,40,197),(5540,'2015','812','748','234',NULL,'120','558',25,'0','','50','100.00','5.00',1000,2,40,197),(5538,'2015','812','746','234',NULL,'120','558',25,'0','','4','2.00','5.00',2000,4,80,197),(5539,'2015','812','747','234',NULL,'120','558',25,'0','','2','99.00','5.00',1000,2,40,197),(5537,'2015','812','749','234',NULL,'120','557',25,'0','','70','100.00','5.00',1500,3,60,197),(5536,'2015','812','748','234',NULL,'120','557',25,'0','','75','100.00','5.00',2000,4,80,197),(5535,'2015','812','747','234',NULL,'120','557',25,'0','','5','99.00','5.00',1500,3,60,197),(5534,'2015','812','746','234',NULL,'120','557',25,'0','','3','2.00','5.00',2000,4,80,197),(5533,'2015','811','749','234',NULL,'120','558',25,'0','','80','100.00','5.00',2000,4,80,197),(5531,'2015','811','747','234',NULL,'120','558',25,'0','','5','99.00','5.00',1500,3,60,197),(5532,'2015','811','748','234',NULL,'120','558',25,'0','','60','100.00','5.00',1500,3,60,197),(5530,'2015','811','746','234',NULL,'120','558',25,'0','','3','2.00','5.00',2000,4,80,197),(5529,'2015','811','749','234',NULL,'120','557',25,'0','','80','100.00','5.00',2000,4,80,197),(5527,'2015','811','747','234',NULL,'120','557',25,'0','','2','99.00','5.00',1000,2,40,197),(5528,'2015','811','748','234',NULL,'120','557',25,'0','','70','100.00','5.00',2000,4,80,197),(5526,'2015','811','746','234',NULL,'120','557',25,'0','','2','2.00','5.00',2500,5,100,197),(5525,'2015','809','749','234',NULL,'120','558',25,'0','','90','100.00','5.00',2500,5,100,197),(5524,'2015','809','748','234',NULL,'120','558',25,'0','','55','100.00','5.00',1000,2,40,197),(5522,'2015','809','746','234',NULL,'120','558',25,'0','','2','2.00','5.00',2500,5,100,197),(5523,'2015','809','747','234',NULL,'120','558',25,'0','','4','99.00','5.00',1500,3,60,197),(5521,'2015','809','749','234',NULL,'120','557',25,'0','','75','100.00','5.00',1500,3,60,197),(5519,'2015','809','747','234',NULL,'120','557',25,'0','','4','99.00','5.00',1500,3,60,197),(5520,'2015','809','748','234',NULL,'120','557',25,'0','','70','100.00','5.00',2000,4,80,197),(5518,'2015','809','746','234',NULL,'120','557',25,'0','','2','2.00','5.00',2500,5,100,197),(5517,'2015','809','743','231',NULL,'120','550',25,'0','','0','5.00','5.00',2500,5,99,197),(5515,'2015','809','744','231',NULL,'120','550',25,'0','','70','100.00','5.00',2000,4,80,197),(5516,'2015','809','745','231',NULL,'120','550',25,'0','','4','2.00','5.00',1500,3,60,197),(5752,'2015','809','751','233',NULL,'120','559',25,'0','','0.00','1.00','5.00',0,0,0,197),(5753,'2015','809','750','233',NULL,'120','559',25,'0','','0.00','100.00','5.00',0,0,0,197),(5754,'2015','809','757','232',NULL,'120','559',25,'0','','0.00','5.00','5.00',0,0,0,197),(5755,'2015','809','756','232',NULL,'120','559',25,'0','','0.00','3.00','5.00',0,0,0,197),(5756,'2015','809','755','232',NULL,'120','559',25,'0','','0.00','100.00','5.00',0,0,0,197),(5757,'2015','809','754','232',NULL,'120','559',25,'0','','0.00','100.00','5.00',0,0,0,197),(5758,'2015','809','749','234',NULL,'120','559',25,'0','','0.00','','',0,0,0,197),(5759,'2015','809','748','234',NULL,'120','559',25,'0','','0.00','','',0,0,0,197),(5760,'2015','809','747','234',NULL,'120','559',25,'0','','0.00','','',0,0,0,197),(5761,'2015','809','744','231',NULL,'120','559',25,'0','','70','100.00','5.00',2000,4,80,197),(5762,'2015','809','743','231',NULL,'120','559',25,'0','','0','5.00','5.00',2500,5,99,197),(5763,'2015','809','745','231',NULL,'119','559',25,'0','','0.00','2.00','5.00',0,0,0,197),(5764,'2015','809','744','231',NULL,'119','559',25,'0','','0.00','100.00','5.00',0,0,0,197),(5765,'2015','809','743','231',NULL,'119','559',25,'0','','0.00','5.00','5.00',0,0,0,197),(5766,'2015','809','742','231',NULL,'119','559',25,'0','','0.00','4.00','5.00',0,0,0,197),(5767,'2015','809','749','234',NULL,'119','559',25,'0','','0.00','100.00','5.00',0,0,0,197),(5768,'2015','809','748','234',NULL,'119','559',25,'0','','0.00','100.00','5.00',0,0,0,197),(5769,'2015','809','746','234',NULL,'119','559',25,'0','','0.00','2.00','5.00',0,0,0,197),(5770,'2015','809','747','234',NULL,'119','559',25,'0','','0.00','99.00','5.00',0,0,0,197),(5771,'2014','814','749','234',NULL,'120','557',25,'0','','0.00','100.00','5.00',0,0,0,197),(5772,'2014','814','748','234',NULL,'120','557',25,'0','','0.00','100.00','5.00',0,0,0,197),(5773,'2014','814','747','234',NULL,'120','557',25,'0','','0.00','99.00','5.00',0,0,0,197),(5774,'2014','814','746','234',NULL,'120','557',25,'0','','0.00','2.00','5.00',0,0,0,197);
/*!40000 ALTER TABLE `assign_kpi` ENABLE KEYS */;
UNLOCK TABLES;

--
-- Table structure for table `assign_kpi_master`
--

DROP TABLE IF EXISTS `assign_kpi_master`;
/*!40101 SET @saved_cs_client     = @@character_set_client */;
/*!40101 SET character_set_client = utf8 */;
CREATE TABLE `assign_kpi_master` (
  `assign_kpi_id` int(11) NOT NULL AUTO_INCREMENT,
  `assign_kpi_year` varchar(255) DEFAULT NULL,
  `appraisal_period_id` varchar(11) DEFAULT NULL,
  `kpi_id` varchar(11) DEFAULT NULL,
  `department_id` varchar(11) DEFAULT NULL,
  `position_id` varchar(11) DEFAULT NULL,
  `kpi_weight` double(2,0) DEFAULT NULL,
  `kpi_type_actual` varchar(255) DEFAULT NULL,
  `kpi_actual_query` varchar(255) DEFAULT NULL,
  `kpi_actual_manual` varchar(255) DEFAULT NULL,
  `target_data` varchar(255) DEFAULT NULL,
  `target_score` varchar(255) DEFAULT NULL,
  `total_kpi_actual_score` int(11) DEFAULT NULL,
  `kpi_actual_score` double(2,0) DEFAULT NULL,
  `performance` double(2,0) DEFAULT NULL,
  `admin_id` int(11) DEFAULT NULL,
  `confirm_flag` varchar(1) DEFAULT NULL,
  `created_dt` datetime DEFAULT NULL,
  `updated_dt` datetime DEFAULT NULL,
  PRIMARY KEY (`assign_kpi_id`)
) ENGINE=MyISAM AUTO_INCREMENT=5719 DEFAULT CHARSET=utf8;
/*!40101 SET character_set_client = @saved_cs_client */;

--
-- Dumping data for table `assign_kpi_master`
--

LOCK TABLES `assign_kpi_master` WRITE;
/*!40000 ALTER TABLE `assign_kpi_master` DISABLE KEYS */;
INSERT INTO `assign_kpi_master` VALUES (78,'2015','22','34','9','10',25,'0','','0','5.00','5.00',2500,5,99,198,'Y',NULL,'2015-03-25 14:19:26'),(79,'2015','22','35','9','10',25,'0','','70','100.00','5.00',2000,4,80,198,'Y',NULL,'2015-03-25 14:19:26'),(80,'2015','22','36','9','10',25,'0','','4','2.00','5.00',1500,3,60,198,'Y',NULL,'2015-03-25 14:19:26'),(8,'2015','22','42','11','10',25,'0','','0.00','','',0,0,0,198,'Y',NULL,'2015-03-23 13:20:54'),(77,'2015','22','33','9','10',25,'0','','2','4.00','5.00',2500,5,99,198,'Y',NULL,'2015-03-25 14:19:26'),(9,'2015','22','43','11','10',25,'0','','0.00','','',0,0,0,198,'Y',NULL,'2015-03-23 13:20:54'),(10,'2015','22','44','11','10',25,'0','','0.00','','',0,0,0,198,'Y',NULL,'2015-03-23 13:20:54'),(11,'2015','22','45','11','10',25,'0','','0.00','','',0,0,0,198,'Y',NULL,'2015-03-23 13:20:54'),(5702,'2014','814','761','236','120',25,'0','','0.00','100.00','5.00',0,0,0,197,'Y',NULL,NULL),(5704,'2014','815','760','236','120',25,'0','','0.00','5.00','5.00',0,0,0,197,'Y',NULL,NULL),(5703,'2014','815','761','236','120',25,'0','','0.00','100.00','5.00',0,0,0,197,'Y',NULL,NULL),(5701,'2014','814','760','236','120',25,'0','','0.00','5.00','5.00',0,0,0,197,'Y',NULL,NULL),(5699,'2014','814','758','236','120',25,'0','','0.00','100.00','5.00',0,0,0,197,'Y',NULL,NULL),(68,'2015','22','42','11','8',25,'0','','0.00','2.00','5.00',0,0,0,198,'Y',NULL,'2015-03-23 17:41:11'),(69,'2015','22','43','11','8',25,'0','','0.00','99.00','5.00',0,0,0,198,'Y',NULL,'2015-03-23 17:41:11'),(70,'2015','22','44','11','8',25,'0','','0.00','100.00','5.00',0,0,0,198,'Y',NULL,'2015-03-23 17:41:11'),(71,'2015','22','45','11','8',25,'0','','0.00','100.00','5.00',0,0,0,198,'Y',NULL,'2015-03-23 17:41:11'),(72,'2015','22','33','9','8',25,'0','','0.00','4.00','5.00',0,0,0,198,'Y',NULL,'2015-03-23 17:41:53'),(73,'2015','22','34','9','8',25,'0','','0.00','5.00','5.00',0,0,0,198,'Y',NULL,'2015-03-23 17:41:53'),(74,'2015','22','35','9','8',25,'0','','0.00','100.00','5.00',0,0,0,198,'Y',NULL,'2015-03-23 17:41:53'),(75,'2015','22','36','9','8',25,'0','','0.00','2.00','5.00',0,0,0,198,'Y',NULL,'2015-03-23 17:41:53'),(81,'2015','24','33','9','10',25,'0','','0','4.00','5.00',2500,5,99,198,'Y',NULL,'2015-03-25 14:20:18'),(82,'2015','24','34','9','10',25,'0','','2','5.00','5.00',2500,5,99,198,'Y',NULL,'2015-03-25 14:20:18'),(83,'2015','24','35','9','10',25,'0','','50','100.00','5.00',1000,2,40,198,'Y',NULL,'2015-03-25 14:20:18'),(84,'2015','24','36','9','10',25,'0','','5','2.00','5.00',1000,2,40,198,'Y',NULL,'2015-03-25 14:20:18'),(85,'2015','25','33','9','10',25,'0','','4','4.00','5.00',2500,5,99,198,'Y',NULL,'2015-03-25 14:20:49'),(86,'2015','25','34','9','10',25,'0','','4','5.00','5.00',2500,5,99,198,'Y',NULL,'2015-03-25 14:20:49'),(87,'2015','25','35','9','10',25,'0','','65','100.00','5.00',1500,3,60,198,'Y',NULL,'2015-03-25 14:20:49'),(88,'2015','25','36','9','10',25,'0','','8','2.00','5.00',500,1,20,198,'Y',NULL,'2015-03-25 14:20:49'),(89,'2015','26','33','9','10',25,'0','','9','4.00','5.00',1000,2,40,198,'Y',NULL,'2015-03-25 14:21:20'),(90,'2015','26','34','9','10',25,'0','','8','5.00','5.00',1500,3,60,198,'Y',NULL,'2015-03-25 14:21:20'),(91,'2015','26','36','9','10',25,'0','','4','2.00','5.00',1500,3,60,198,'Y',NULL,'2015-03-25 14:21:20'),(92,'2015','26','35','9','10',25,'0','','90','100.00','5.00',2500,5,99,198,'Y',NULL,'2015-03-25 14:21:20'),(93,'2015','22','82','13','10',25,'0','','0.00','100.00','5.00',0,0,0,198,'Y',NULL,'2015-03-24 16:23:31'),(94,'2015','22','83','13','10',25,'0','','0.00','100.00','5.00',0,0,0,198,'Y',NULL,'2015-03-24 16:23:31'),(95,'2015','22','84','13','10',25,'0','','0.00','3.00','5.00',0,0,0,198,'Y',NULL,'2015-03-24 16:23:31'),(96,'2015','22','85','13','10',25,'0','','0.00','5.00','5.00',0,0,0,198,'Y',NULL,'2015-03-24 16:23:31'),(97,'2015','24','82','13','10',25,'0','','0.00','100.00','5.00',0,0,0,198,'Y',NULL,'2015-03-24 16:24:30'),(98,'2015','24','83','13','10',25,'0','','0.00','100.00','5.00',0,0,0,198,'Y',NULL,'2015-03-24 16:24:30'),(99,'2015','24','84','13','10',25,'0','','0.00','3.00','5.00',0,0,0,198,'Y',NULL,'2015-03-24 16:24:30'),(100,'2015','24','85','13','10',25,'0','','0.00','5.00','5.00',0,0,0,198,'Y',NULL,'2015-03-24 16:24:30'),(101,'2015','25','82','13','10',25,'0','','0.00','100.00','5.00',0,0,0,198,'Y',NULL,'2015-03-24 16:25:01'),(102,'2015','25','83','13','10',25,'0','','0.00','100.00','5.00',0,0,0,198,'Y',NULL,'2015-03-24 16:25:01'),(103,'2015','25','84','13','10',25,'0','','0.00','3.00','5.00',0,0,0,198,'Y',NULL,'2015-03-24 16:25:01'),(104,'2015','25','85','13','10',25,'0','','0.00','5.00','5.00',0,0,0,198,'Y',NULL,'2015-03-24 16:25:01'),(105,'2015','26','82','13','10',25,'0','','0.00','100.00','5.00',0,0,0,198,'Y',NULL,'2015-03-24 16:25:29'),(106,'2015','26','83','13','10',25,'0','','0.00','100.00','5.00',0,0,0,198,'Y',NULL,'2015-03-24 16:25:29'),(107,'2015','26','84','13','10',25,'0','','0.00','3.00','5.00',0,0,0,198,'Y',NULL,'2015-03-24 16:25:29'),(108,'2015','26','85','13','10',25,'0','','0.00','5.00','5.00',0,0,0,198,'Y',NULL,'2015-03-24 16:25:29'),(109,'2015','22','78','12','10',25,'0','','0.00','100.00','5.00',0,0,0,198,'Y',NULL,'2015-03-24 16:27:48'),(110,'2015','22','79','12','10',25,'0','','0.00','1.00','5.00',0,0,0,198,'Y',NULL,'2015-03-24 16:27:48'),(111,'2015','22','80','12','10',25,'0','','0.00','1.00','5.00',0,0,0,198,'Y',NULL,'2015-03-24 16:27:48'),(112,'2015','22','81','12','10',25,'0','','0.00','5.00','5.00',0,0,0,198,'Y',NULL,'2015-03-24 16:27:48'),(113,'2015','24','78','12','10',25,'0','','0.00','100.00','5.00',0,0,0,198,'Y',NULL,'2015-03-24 16:28:16'),(114,'2015','24','79','12','10',25,'0','','0.00','1.00','5.00',0,0,0,198,'Y',NULL,'2015-03-24 16:28:16'),(115,'2015','24','80','12','10',25,'0','','0.00','1.00','5.00',0,0,0,198,'Y',NULL,'2015-03-24 16:28:16'),(116,'2015','24','81','12','10',25,'0','','0.00','5.00','5.00',0,0,0,198,'Y',NULL,'2015-03-24 16:28:16'),(117,'2015','25','79','12','10',25,'0','','0.00','1.00','5.00',0,0,0,198,'Y',NULL,'2015-03-24 16:28:46'),(118,'2015','25','78','12','10',25,'0','','0.00','100.00','5.00',0,0,0,198,'Y',NULL,'2015-03-24 16:28:46'),(119,'2015','25','80','12','10',25,'0','','0.00','1.00','5.00',0,0,0,198,'Y',NULL,'2015-03-24 16:28:46'),(120,'2015','25','81','12','10',25,'0','','0.00','5.00','5.00',0,0,0,198,'Y',NULL,'2015-03-24 16:28:46'),(121,'2015','26','78','12','10',25,'0','','0.00','100.00','5.00',0,0,0,198,'Y',NULL,'2015-03-24 16:29:32'),(122,'2015','26','80','12','10',25,'0','','0.00','1.00','5.00',0,0,0,198,'Y',NULL,'2015-03-24 16:29:32'),(123,'2015','26','81','12','10',25,'0','','0.00','5.00','5.00',0,0,0,198,'Y',NULL,'2015-03-24 16:29:32'),(124,'2015','26','79','12','10',25,'0','','0.00','1.00','5.00',0,0,0,198,'Y',NULL,'2015-03-24 16:29:32'),(125,'2015','24','42','11','10',25,'0','','0.00','2.00','5.00',0,0,0,198,'Y',NULL,'2015-03-24 16:58:16'),(126,'2015','24','43','11','10',25,'0','','0.00','99.00','5.00',0,0,0,198,'Y',NULL,'2015-03-24 16:58:16'),(127,'2015','24','44','11','10',25,'0','','0.00','100.00','5.00',0,0,0,198,'Y',NULL,'2015-03-24 16:58:16'),(128,'2015','24','45','11','10',25,'0','','0.00','100.00','5.00',0,0,0,198,'Y',NULL,'2015-03-24 16:58:16'),(129,'2015','25','42','11','10',25,'0','','0.00','2.00','5.00',0,0,0,198,'Y',NULL,'2015-03-24 16:59:00'),(130,'2015','25','43','11','10',25,'0','','0.00','99.00','5.00',0,0,0,198,'Y',NULL,'2015-03-24 16:59:00'),(131,'2015','25','44','11','10',25,'0','','0.00','100.00','5.00',0,0,0,198,'Y',NULL,'2015-03-24 16:59:00'),(132,'2015','25','45','11','10',25,'0','','0.00','100.00','5.00',0,0,0,198,'Y',NULL,'2015-03-24 16:59:00'),(133,'2015','26','42','11','10',25,'0','','0.00','2.00','5.00',0,0,0,198,'Y',NULL,'2015-03-24 17:00:27'),(134,'2015','26','43','11','10',25,'0','','0.00','99.00','5.00',0,0,0,198,'Y',NULL,'2015-03-24 17:00:27'),(135,'2015','26','44','11','10',25,'0','','0.00','100.00','5.00',0,0,0,198,'Y',NULL,'2015-03-24 17:00:27'),(136,'2015','26','45','11','10',25,'0','','0.00','100.00','5.00',0,0,0,198,'Y',NULL,'2015-03-24 17:00:27'),(137,'2015','22','90','14','10',25,'0','','0.00','100.00','5.00',0,0,0,198,'Y',NULL,'2015-03-24 17:29:08'),(138,'2015','22','91','14','10',25,'0','','0.00','99.00','5.00',0,0,0,198,'Y',NULL,'2015-03-24 17:29:08'),(139,'2015','22','92','14','10',25,'0','','0.00','100.00','5.00',0,0,0,198,'Y',NULL,'2015-03-24 17:29:08'),(140,'2015','22','93','14','10',25,'0','','0.00','100.00','5.00',0,0,0,198,'Y',NULL,'2015-03-24 17:29:08'),(141,'2015','24','93','14','10',25,'0','','0.00','100.00','5.00',0,0,0,198,'Y',NULL,'2015-03-24 17:30:28'),(142,'2015','24','92','14','10',25,'0','','0.00','100.00','5.00',0,0,0,198,'Y',NULL,'2015-03-24 17:30:28'),(143,'2015','24','91','14','10',25,'0','','0.00','99.00','5.00',0,0,0,198,'Y',NULL,'2015-03-24 17:30:28'),(144,'2015','24','90','14','10',25,'0','','0.00','100.00','5.00',0,0,0,198,'Y',NULL,'2015-03-24 17:30:28'),(145,'2015','25','90','14','10',25,'0','','0.00','100.00','5.00',0,0,0,198,'Y',NULL,'2015-03-24 17:30:57'),(146,'2015','25','91','14','10',25,'0','','0.00','99.00','5.00',0,0,0,198,'Y',NULL,'2015-03-24 17:30:57'),(147,'2015','25','92','14','10',25,'0','','0.00','100.00','5.00',0,0,0,198,'Y',NULL,'2015-03-24 17:30:57'),(148,'2015','25','93','14','10',25,'0','','0.00','100.00','5.00',0,0,0,198,'Y',NULL,'2015-03-24 17:30:57'),(149,'2015','26','93','14','10',25,'0','','0.00','100.00','5.00',0,0,0,198,'Y',NULL,'2015-03-24 17:31:24'),(150,'2015','26','92','14','10',25,'0','','0.00','100.00','5.00',0,0,0,198,'Y',NULL,'2015-03-24 17:31:24'),(151,'2015','26','91','14','10',25,'0','','0.00','99.00','5.00',0,0,0,198,'Y',NULL,'2015-03-24 17:31:24'),(152,'2015','26','90','14','10',25,'0','','0.00','100.00','5.00',0,0,0,198,'Y',NULL,'2015-03-24 17:31:24'),(153,'2015','22','86','15','10',25,'0','','80','100.00','5.00',2000,4,80,198,'Y',NULL,'2015-03-25 14:16:46'),(154,'2015','22','87','15','10',25,'0','','1','2.00','5.00',2500,5,99,198,'Y',NULL,'2015-03-25 14:16:46'),(155,'2015','22','88','15','10',25,'0','','2','5.00','5.00',1000,2,40,198,'Y',NULL,'2015-03-25 14:16:46'),(156,'2015','22','89','15','10',25,'0','','90','100.00','5.00',2500,5,99,198,'Y',NULL,'2015-03-25 14:16:46'),(157,'2015','24','89','15','10',25,'0','','80','100.00','5.00',2000,4,80,198,'Y',NULL,'2015-03-25 14:17:18'),(158,'2015','24','88','15','10',25,'0','','4','5.00','5.00',2000,4,80,198,'Y',NULL,'2015-03-25 14:17:18'),(159,'2015','24','87','15','10',25,'0','','0.7','2.00','5.00',1500,3,60,198,'Y',NULL,'2015-03-25 14:17:18'),(160,'2015','24','86','15','10',25,'0','','50','100.00','5.00',500,1,20,198,'Y',NULL,'2015-03-25 14:17:18'),(161,'2015','25','86','15','10',25,'0','','80','100.00','5.00',2000,4,80,198,'Y',NULL,'2015-03-25 14:17:56'),(162,'2015','25','87','15','10',25,'0','','1','2.00','5.00',2500,5,99,198,'Y',NULL,'2015-03-25 14:17:56'),(163,'2015','25','89','15','10',25,'0','','80','100.00','5.00',2000,4,80,198,'Y',NULL,'2015-03-25 14:17:56'),(164,'2015','25','88','15','10',25,'0','','2','5.00','5.00',1000,2,40,198,'Y',NULL,'2015-03-25 14:17:56'),(165,'2015','26','88','15','10',25,'0','','4','5.00','5.00',2000,4,80,198,'Y',NULL,'2015-03-25 14:12:38'),(166,'2015','26','89','15','10',25,'0','','80','100.00','5.00',2000,4,80,198,'Y',NULL,'2015-03-25 14:12:38'),(167,'2015','26','87','15','10',25,'0','','0.7','2.00','5.00',1500,3,60,198,'Y',NULL,'2015-03-25 14:12:38'),(168,'2015','26','86','15','10',25,'0','','90','100.00','5.00',2500,5,99,198,'Y',NULL,'2015-03-25 14:12:38'),(169,'2014','31','33','9','10',25,'0','','0.00','4.00','5.00',0,0,0,198,'Y',NULL,'2015-03-25 09:32:24'),(170,'2014','31','34','9','10',25,'0','','0.00','5.00','5.00',0,0,0,198,'Y',NULL,'2015-03-25 09:32:24'),(171,'2014','31','35','9','10',25,'0','','0.00','100.00','5.00',0,0,0,198,'Y',NULL,'2015-03-25 09:32:24'),(172,'2014','31','36','9','10',25,'0','','0.00','2.00','5.00',0,0,0,198,'Y',NULL,'2015-03-25 09:32:24'),(173,'2014','32','36','9','10',25,'0','','0.00','2.00','5.00',0,0,0,198,'Y',NULL,'2015-03-25 09:33:08'),(174,'2014','32','35','9','10',25,'0','','0.00','100.00','5.00',0,0,0,198,'Y',NULL,'2015-03-25 09:33:08'),(175,'2014','32','34','9','10',25,'0','','0.00','5.00','5.00',0,0,0,198,'Y',NULL,'2015-03-25 09:33:08'),(176,'2014','32','33','9','10',25,'0','','0.00','4.00','5.00',0,0,0,198,'Y',NULL,'2015-03-25 09:33:08'),(177,'2014','33','33','9','10',25,'0','','0.00','4.00','5.00',0,0,0,198,'Y',NULL,'2015-03-25 09:33:40'),(178,'2014','33','34','9','10',25,'0','','0.00','5.00','5.00',0,0,0,198,'Y',NULL,'2015-03-25 09:33:40'),(179,'2014','33','35','9','10',25,'0','','0.00','100.00','5.00',0,0,0,198,'Y',NULL,'2015-03-25 09:33:40'),(180,'2014','33','36','9','10',25,'0','','0.00','2.00','5.00',0,0,0,198,'Y',NULL,'2015-03-25 09:33:40'),(181,'2014','34','36','9','10',25,'0','','0.00','2.00','5.00',0,0,0,198,'Y',NULL,'2015-03-25 09:53:01'),(182,'2014','34','35','9','10',25,'0','','0.00','100.00','5.00',0,0,0,198,'Y',NULL,'2015-03-25 09:53:01'),(183,'2014','34','34','9','10',25,'0','','0.00','5.00','5.00',0,0,0,198,'Y',NULL,'2015-03-25 09:53:01'),(184,'2014','34','33','9','10',25,'0','','0.00','4.00','5.00',0,0,0,198,'Y',NULL,'2015-03-25 09:53:01'),(249,'2014','34','78','12','10',25,'0','','0.00','100.00','5.00',0,0,0,198,'Y',NULL,'2015-03-25 10:10:16'),(248,'2014','34','79','12','10',25,'0','','0.00','1.00','5.00',0,0,0,198,'Y',NULL,'2015-03-25 10:10:16'),(247,'2014','34','80','12','10',25,'0','','0.00','1.00','5.00',0,0,0,198,'Y',NULL,'2015-03-25 10:10:16'),(230,'2014','34','85','13','10',25,'0','','0.00','5.00','5.00',0,0,0,198,'Y',NULL,'2015-03-25 10:06:55'),(231,'2014','34','84','13','10',25,'0','','0.00','3.00','5.00',0,0,0,198,'Y',NULL,'2015-03-25 10:06:55'),(232,'2014','34','83','13','10',25,'0','','0.00','100.00','5.00',0,0,0,198,'Y',NULL,'2015-03-25 10:06:55'),(233,'2014','34','82','13','10',25,'0','','0.00','100.00','5.00',0,0,0,198,'Y',NULL,'2015-03-25 10:06:55'),(229,'2014','33','85','13','10',25,'0','','0.00','5.00','5.00',0,0,0,198,'Y',NULL,'2015-03-25 10:06:35'),(228,'2014','33','84','13','10',25,'0','','0.00','3.00','5.00',0,0,0,198,'Y',NULL,'2015-03-25 10:06:35'),(226,'2014','33','82','13','10',25,'0','','0.00','100.00','5.00',0,0,0,198,'Y',NULL,'2015-03-25 10:06:35'),(227,'2014','33','83','13','10',25,'0','','0.00','100.00','5.00',0,0,0,198,'Y',NULL,'2015-03-25 10:06:35'),(225,'2014','32','82','13','10',25,'0','','0.00','100.00','5.00',0,0,0,198,'Y',NULL,'2015-03-25 10:06:13'),(223,'2014','32','84','13','10',25,'0','','0.00','3.00','5.00',0,0,0,198,'Y',NULL,'2015-03-25 10:06:13'),(224,'2014','32','83','13','10',25,'0','','0.00','100.00','5.00',0,0,0,198,'Y',NULL,'2015-03-25 10:06:13'),(242,'2014','33','78','12','10',25,'0','','0.00','100.00','5.00',0,0,0,198,'Y',NULL,'2015-03-25 10:09:58'),(243,'2014','33','79','12','10',25,'0','','0.00','1.00','5.00',0,0,0,198,'Y',NULL,'2015-03-25 10:09:58'),(244,'2014','33','80','12','10',25,'0','','0.00','1.00','5.00',0,0,0,198,'Y',NULL,'2015-03-25 10:09:58'),(245,'2014','33','81','12','10',25,'0','','0.00','5.00','5.00',0,0,0,198,'Y',NULL,'2015-03-25 10:09:58'),(246,'2014','34','81','12','10',25,'0','','0.00','5.00','5.00',0,0,0,198,'Y',NULL,'2015-03-25 10:10:16'),(239,'2014','32','80','12','10',25,'0','','0.00','1.00','5.00',0,0,0,198,'Y',NULL,'2015-03-25 10:09:28'),(240,'2014','32','79','12','10',25,'0','','0.00','1.00','5.00',0,0,0,198,'Y',NULL,'2015-03-25 10:09:28'),(241,'2014','32','78','12','10',25,'0','','0.00','100.00','5.00',0,0,0,198,'Y',NULL,'2015-03-25 10:09:28'),(238,'2014','32','81','12','10',25,'0','','0.00','5.00','5.00',0,0,0,198,'Y',NULL,'2015-03-25 10:09:28'),(235,'2014','31','79','12','10',25,'0','','0.00','1.00','5.00',0,0,0,198,'Y',NULL,'2015-03-25 10:09:03'),(236,'2014','31','80','12','10',25,'0','','0.00','1.00','5.00',0,0,0,198,'Y',NULL,'2015-03-25 10:09:03'),(237,'2014','31','81','12','10',25,'0','','0.00','5.00','5.00',0,0,0,198,'Y',NULL,'2015-03-25 10:09:03'),(234,'2014','31','78','12','10',25,'0','','0.00','100.00','5.00',0,0,0,198,'Y',NULL,'2015-03-25 10:09:03'),(222,'2014','32','85','13','10',25,'0','','0.00','5.00','5.00',0,0,0,198,'Y',NULL,'2015-03-25 10:06:13'),(218,'2014','31','82','13','10',25,'0','','0.00','100.00','5.00',0,0,0,198,'Y',NULL,'2015-03-25 10:05:54'),(219,'2014','31','83','13','10',25,'0','','0.00','100.00','5.00',0,0,0,198,'Y',NULL,'2015-03-25 10:05:54'),(220,'2014','31','84','13','10',25,'0','','0.00','3.00','5.00',0,0,0,198,'Y',NULL,'2015-03-25 10:05:54'),(221,'2014','31','85','13','10',25,'0','','0.00','5.00','5.00',0,0,0,198,'Y',NULL,'2015-03-25 10:05:54'),(250,'2014','31','42','11','10',25,'0','','0.00','2.00','5.00',0,0,0,198,'Y',NULL,'2015-03-25 10:21:29'),(251,'2014','31','43','11','10',25,'0','','0.00','99.00','5.00',0,0,0,198,'Y',NULL,'2015-03-25 10:21:29'),(252,'2014','31','44','11','10',25,'0','','0.00','100.00','5.00',0,0,0,198,'Y',NULL,'2015-03-25 10:21:29'),(253,'2014','31','45','11','10',25,'0','','0.00','100.00','5.00',0,0,0,198,'Y',NULL,'2015-03-25 10:21:29'),(254,'2014','32','45','11','10',25,'0','','0.00','100.00','5.00',0,0,0,198,'Y',NULL,'2015-03-25 10:21:48'),(255,'2014','32','44','11','10',25,'0','','0.00','100.00','5.00',0,0,0,198,'Y',NULL,'2015-03-25 10:21:48'),(256,'2014','32','43','11','10',25,'0','','0.00','99.00','5.00',0,0,0,198,'Y',NULL,'2015-03-25 10:21:48'),(257,'2014','32','42','11','10',25,'0','','0.00','2.00','5.00',0,0,0,198,'Y',NULL,'2015-03-25 10:21:48'),(258,'2014','33','42','11','10',25,'0','','0.00','2.00','5.00',0,0,0,198,'Y',NULL,'2015-03-25 10:22:08'),(259,'2014','33','43','11','10',25,'0','','0.00','99.00','5.00',0,0,0,198,'Y',NULL,'2015-03-25 10:22:08'),(260,'2014','33','44','11','10',25,'0','','0.00','100.00','5.00',0,0,0,198,'Y',NULL,'2015-03-25 10:22:08'),(261,'2014','33','45','11','10',25,'0','','0.00','100.00','5.00',0,0,0,198,'Y',NULL,'2015-03-25 10:22:08'),(262,'2014','34','45','11','10',25,'0','','0.00','100.00','5.00',0,0,0,198,'Y',NULL,'2015-03-25 10:22:26'),(263,'2014','34','44','11','10',25,'0','','0.00','100.00','5.00',0,0,0,198,'Y',NULL,'2015-03-25 10:22:26'),(264,'2014','34','43','11','10',25,'0','','0.00','99.00','5.00',0,0,0,198,'Y',NULL,'2015-03-25 10:22:26'),(265,'2014','34','42','11','10',25,'0','','0.00','2.00','5.00',0,0,0,198,'Y',NULL,'2015-03-25 10:22:26'),(266,'2014','31','90','14','10',25,'0','','0.00','100.00','5.00',0,0,0,198,'Y',NULL,'2015-03-25 10:22:55'),(267,'2014','31','91','14','10',25,'0','','0.00','99.00','5.00',0,0,0,198,'Y',NULL,'2015-03-25 10:22:55'),(268,'2014','31','92','14','10',25,'0','','0.00','100.00','5.00',0,0,0,198,'Y',NULL,'2015-03-25 10:22:55'),(269,'2014','31','93','14','10',25,'0','','0.00','100.00','5.00',0,0,0,198,'Y',NULL,'2015-03-25 10:22:55'),(270,'2014','32','93','14','10',25,'0','','0.00','100.00','5.00',0,0,0,198,'Y',NULL,'2015-03-25 10:23:17'),(271,'2014','32','92','14','10',25,'0','','0.00','100.00','5.00',0,0,0,198,'Y',NULL,'2015-03-25 10:23:17'),(272,'2014','32','91','14','10',25,'0','','0.00','99.00','5.00',0,0,0,198,'Y',NULL,'2015-03-25 10:23:17'),(273,'2014','32','90','14','10',25,'0','','0.00','100.00','5.00',0,0,0,198,'Y',NULL,'2015-03-25 10:23:17'),(274,'2014','33','90','14','10',25,'0','','0.00','100.00','5.00',0,0,0,198,'Y',NULL,'2015-03-25 10:23:37'),(275,'2014','33','91','14','10',25,'0','','0.00','99.00','5.00',0,0,0,198,'Y',NULL,'2015-03-25 10:23:37'),(276,'2014','33','92','14','10',25,'0','','0.00','100.00','5.00',0,0,0,198,'Y',NULL,'2015-03-25 10:23:37'),(277,'2014','33','93','14','10',25,'0','','0.00','100.00','5.00',0,0,0,198,'Y',NULL,'2015-03-25 10:23:37'),(278,'2014','34','93','14','10',25,'0','','0.00','100.00','5.00',0,0,0,198,'Y',NULL,'2015-03-25 10:23:58'),(279,'2014','34','92','14','10',25,'0','','0.00','100.00','5.00',0,0,0,198,'Y',NULL,'2015-03-25 10:23:58'),(280,'2014','34','91','14','10',25,'0','','0.00','99.00','5.00',0,0,0,198,'Y',NULL,'2015-03-25 10:23:58'),(281,'2014','34','90','14','10',25,'0','','0.00','100.00','5.00',0,0,0,198,'Y',NULL,'2015-03-25 10:23:58'),(283,'2014','31','86','15','10',25,'0','','0.00','100.00','5.00',0,0,0,198,'Y',NULL,'2015-03-25 10:24:26'),(284,'2014','31','87','15','10',25,'0','','0.00','2.00','5.00',0,0,0,198,'Y',NULL,'2015-03-25 10:24:26'),(285,'2014','31','88','15','10',25,'0','','0.00','5.00','5.00',0,0,0,198,'Y',NULL,'2015-03-25 10:24:26'),(286,'2014','31','89','15','10',25,'0','','0.00','100.00','5.00',0,0,0,198,'Y',NULL,'2015-03-25 10:24:26'),(288,'2014','32','89','15','10',25,'0','','0.00','100.00','5.00',0,0,0,198,'Y',NULL,'2015-03-25 10:25:10'),(289,'2014','32','88','15','10',25,'0','','0.00','5.00','5.00',0,0,0,198,'Y',NULL,'2015-03-25 10:25:10'),(290,'2014','32','87','15','10',25,'0','','0.00','2.00','5.00',0,0,0,198,'Y',NULL,'2015-03-25 10:25:10'),(291,'2014','32','86','15','10',25,'0','','0.00','100.00','5.00',0,0,0,198,'Y',NULL,'2015-03-25 10:25:10'),(292,'2014','33','86','15','10',25,'0','','0.00','100.00','5.00',0,0,0,198,'Y',NULL,'2015-03-25 10:25:33'),(293,'2014','33','87','15','10',25,'0','','0.00','2.00','5.00',0,0,0,198,'Y',NULL,'2015-03-25 10:25:33'),(294,'2014','33','88','15','10',25,'0','','0.00','5.00','5.00',0,0,0,198,'Y',NULL,'2015-03-25 10:25:33'),(295,'2014','33','89','15','10',25,'0','','0.00','100.00','5.00',0,0,0,198,'Y',NULL,'2015-03-25 10:25:33'),(296,'2014','34','89','15','10',25,'0','','0.00','100.00','5.00',0,0,0,198,'Y',NULL,'2015-03-25 10:26:12'),(297,'2014','34','88','15','10',25,'0','','0.00','5.00','5.00',0,0,0,198,'Y',NULL,'2015-03-25 10:26:12'),(298,'2014','34','87','15','10',25,'0','','0.00','2.00','5.00',0,0,0,198,'Y',NULL,'2015-03-25 10:26:12'),(299,'2014','34','86','15','10',25,'0','','0.00','100.00','5.00',0,0,0,198,'Y',NULL,'2015-03-25 10:26:12'),(5700,'2014','814','759','236','120',25,'0','','0.00','2.00','5.00',0,0,0,197,'Y',NULL,NULL),(5696,'2014','817','764','235','120',25,'0','','0.00','100.00','5.00',0,0,0,197,'Y',NULL,NULL),(5697,'2014','817','763','235','120',25,'0','','0.00','99.00','5.00',0,0,0,197,'Y',NULL,NULL),(5698,'2014','817','762','235','120',25,'0','','0.00','100.00','5.00',0,0,0,197,'Y',NULL,NULL),(5693,'2014','816','764','235','120',25,'0','','0.00','100.00','5.00',0,0,0,197,'Y',NULL,NULL),(5694,'2014','816','765','235','120',25,'0','','0.00','100.00','5.00',0,0,0,197,'Y',NULL,NULL),(5695,'2014','817','765','235','120',25,'0','','0.00','100.00','5.00',0,0,0,197,'Y',NULL,NULL),(5692,'2014','816','763','235','120',25,'0','','0.00','99.00','5.00',0,0,0,197,'Y',NULL,NULL),(5691,'2014','816','762','235','120',25,'0','','0.00','100.00','5.00',0,0,0,197,'Y',NULL,NULL),(5690,'2014','815','762','235','120',25,'0','','0.00','100.00','5.00',0,0,0,197,'Y',NULL,NULL),(5689,'2014','815','763','235','120',25,'0','','0.00','99.00','5.00',0,0,0,197,'Y',NULL,NULL),(5688,'2014','815','764','235','120',25,'0','','0.00','100.00','5.00',0,0,0,197,'Y',NULL,NULL),(5687,'2014','815','765','235','120',25,'0','','0.00','100.00','5.00',0,0,0,197,'Y',NULL,NULL),(5686,'2014','814','765','235','120',25,'0','','0.00','100.00','5.00',0,0,0,197,'Y',NULL,NULL),(5685,'2014','814','764','235','120',25,'0','','0.00','100.00','5.00',0,0,0,197,'Y',NULL,NULL),(5684,'2014','814','763','235','120',25,'0','','0.00','99.00','5.00',0,0,0,197,'Y',NULL,NULL),(5683,'2014','814','762','235','120',25,'0','','0.00','100.00','5.00',0,0,0,197,'Y',NULL,NULL),(5682,'2014','817','746','234','120',25,'0','','0.00','2.00','5.00',0,0,0,197,'Y',NULL,NULL),(5681,'2014','817','747','234','120',25,'0','','0.00','99.00','5.00',0,0,0,197,'Y',NULL,NULL),(5680,'2014','817','748','234','120',25,'0','','0.00','100.00','5.00',0,0,0,197,'Y',NULL,NULL),(5679,'2014','817','749','234','120',25,'0','','0.00','100.00','5.00',0,0,0,197,'Y',NULL,NULL),(5678,'2014','816','749','234','120',25,'0','','0.00','100.00','5.00',0,0,0,197,'Y',NULL,NULL),(5677,'2014','816','748','234','120',25,'0','','0.00','100.00','5.00',0,0,0,197,'Y',NULL,NULL),(5676,'2014','816','747','234','120',25,'0','','0.00','99.00','5.00',0,0,0,197,'Y',NULL,NULL),(5675,'2014','816','746','234','120',25,'0','','0.00','2.00','5.00',0,0,0,197,'Y',NULL,NULL),(5674,'2014','815','746','234','120',25,'0','','0.00','2.00','5.00',0,0,0,197,'Y',NULL,NULL),(5673,'2014','815','747','234','120',25,'0','','0.00','99.00','5.00',0,0,0,197,'Y',NULL,NULL),(5672,'2014','815','748','234','120',25,'0','','0.00','100.00','5.00',0,0,0,197,'Y',NULL,NULL),(5671,'2014','815','749','234','120',25,'0','','0.00','100.00','5.00',0,0,0,197,'Y',NULL,NULL),(5670,'2014','814','749','234','120',25,'0','','0.00','100.00','5.00',0,0,0,197,'Y',NULL,NULL),(5669,'2014','814','748','234','120',25,'0','','0.00','100.00','5.00',0,0,0,197,'Y',NULL,NULL),(5668,'2014','814','747','234','120',25,'0','','0.00','99.00','5.00',0,0,0,197,'Y',NULL,NULL),(5667,'2014','814','746','234','120',25,'0','','0.00','2.00','5.00',0,0,0,197,'Y',NULL,NULL),(5666,'2014','814','757','232','120',25,'0','','0.00','5.00','5.00',0,0,0,197,'Y',NULL,NULL),(5665,'2014','814','756','232','120',25,'0','','0.00','3.00','5.00',0,0,0,197,'Y',NULL,NULL),(5664,'2014','814','755','232','120',25,'0','','0.00','100.00','5.00',0,0,0,197,'Y',NULL,NULL),(5663,'2014','814','754','232','120',25,'0','','0.00','100.00','5.00',0,0,0,197,'Y',NULL,NULL),(5662,'2014','815','757','232','120',25,'0','','0.00','5.00','5.00',0,0,0,197,'Y',NULL,NULL),(5661,'2014','814','750','233','120',25,'0','','0.00','100.00','5.00',0,0,0,197,'Y',NULL,NULL),(5660,'2014','814','753','233','120',25,'0','','0.00','5.00','5.00',0,0,0,197,'Y',NULL,NULL),(5659,'2014','814','752','233','120',25,'0','','0.00','1.00','5.00',0,0,0,197,'Y',NULL,NULL),(5658,'2014','814','751','233','120',25,'0','','0.00','1.00','5.00',0,0,0,197,'Y',NULL,NULL),(5657,'2014','815','753','233','120',25,'0','','0.00','5.00','5.00',0,0,0,197,'Y',NULL,NULL),(5656,'2014','815','750','233','120',25,'0','','0.00','100.00','5.00',0,0,0,197,'Y',NULL,NULL),(5655,'2014','815','751','233','120',25,'0','','0.00','1.00','5.00',0,0,0,197,'Y',NULL,NULL),(5653,'2014','817','753','233','120',25,'0','','0.00','5.00','5.00',0,0,0,197,'Y',NULL,NULL),(5654,'2014','815','752','233','120',25,'0','','0.00','1.00','5.00',0,0,0,197,'Y',NULL,NULL),(5652,'2014','816','753','233','120',25,'0','','0.00','5.00','5.00',0,0,0,197,'Y',NULL,NULL),(5650,'2014','816','751','233','120',25,'0','','0.00','1.00','5.00',0,0,0,197,'Y',NULL,NULL),(5651,'2014','816','752','233','120',25,'0','','0.00','1.00','5.00',0,0,0,197,'Y',NULL,NULL),(5647,'2014','815','756','232','120',25,'0','','0.00','3.00','5.00',0,0,0,197,'Y',NULL,NULL),(5648,'2014','815','755','232','120',25,'0','','0.00','100.00','5.00',0,0,0,197,'Y',NULL,NULL),(5649,'2014','816','750','233','120',25,'0','','0.00','100.00','5.00',0,0,0,197,'Y',NULL,NULL),(5646,'2014','815','754','232','120',25,'0','','0.00','100.00','5.00',0,0,0,197,'Y',NULL,NULL),(5645,'2014','816','755','232','120',25,'0','','0.00','100.00','5.00',0,0,0,197,'Y',NULL,NULL),(5644,'2014','816','754','232','120',25,'0','','0.00','100.00','5.00',0,0,0,197,'Y',NULL,NULL),(5643,'2014','816','756','232','120',25,'0','','0.00','3.00','5.00',0,0,0,197,'Y',NULL,NULL),(5642,'2014','816','757','232','120',25,'0','','0.00','5.00','5.00',0,0,0,197,'Y',NULL,NULL),(5641,'2014','817','754','232','120',25,'0','','0.00','100.00','5.00',0,0,0,197,'Y',NULL,NULL),(5640,'2014','817','755','232','120',25,'0','','0.00','100.00','5.00',0,0,0,197,'Y',NULL,NULL),(5639,'2014','817','756','232','120',25,'0','','0.00','3.00','5.00',0,0,0,197,'Y',NULL,NULL),(5636,'2014','817','751','233','120',25,'0','','0.00','1.00','5.00',0,0,0,197,'Y',NULL,NULL),(5637,'2014','817','752','233','120',25,'0','','0.00','1.00','5.00',0,0,0,197,'Y',NULL,NULL),(5638,'2014','817','757','232','120',25,'0','','0.00','5.00','5.00',0,0,0,197,'Y',NULL,NULL),(5633,'2014','817','743','231','120',25,'0','','0.00','5.00','5.00',0,0,0,197,'Y',NULL,NULL),(5634,'2014','817','742','231','120',25,'0','','0.00','4.00','5.00',0,0,0,197,'Y',NULL,NULL),(5635,'2014','817','750','233','120',25,'0','','0.00','100.00','5.00',0,0,0,197,'Y',NULL,NULL),(5632,'2014','817','744','231','120',25,'0','','0.00','100.00','5.00',0,0,0,197,'Y',NULL,NULL),(5631,'2014','817','745','231','120',25,'0','','0.00','2.00','5.00',0,0,0,197,'Y',NULL,NULL),(5629,'2014','816','744','231','120',25,'0','','0.00','100.00','5.00',0,0,0,197,'Y',NULL,NULL),(5630,'2014','816','745','231','120',25,'0','','0.00','2.00','5.00',0,0,0,197,'Y',NULL,NULL),(5628,'2014','816','743','231','120',25,'0','','0.00','5.00','5.00',0,0,0,197,'Y',NULL,NULL),(5626,'2014','815','742','231','120',25,'0','','0.00','4.00','5.00',0,0,0,197,'Y',NULL,NULL),(5627,'2014','816','742','231','120',25,'0','','0.00','4.00','5.00',0,0,0,197,'Y',NULL,NULL),(5623,'2014','815','745','231','120',25,'0','','0.00','2.00','5.00',0,0,0,197,'Y',NULL,NULL),(5624,'2014','815','744','231','120',25,'0','','0.00','100.00','5.00',0,0,0,197,'Y',NULL,NULL),(5625,'2014','815','743','231','120',25,'0','','0.00','5.00','5.00',0,0,0,197,'Y',NULL,NULL),(5622,'2014','814','745','231','120',25,'0','','0.00','2.00','5.00',0,0,0,197,'Y',NULL,NULL),(5621,'2014','814','744','231','120',25,'0','','0.00','100.00','5.00',0,0,0,197,'Y',NULL,NULL),(5620,'2014','814','743','231','120',25,'0','','0.00','5.00','5.00',0,0,0,197,'Y',NULL,NULL),(5619,'2014','814','742','231','120',25,'0','','0.00','4.00','5.00',0,0,0,197,'Y',NULL,NULL),(5618,'2015','813','758','236','120',25,'0','','90','100.00','5.00',2500,5,99,197,'Y',NULL,NULL),(5617,'2015','813','759','236','120',25,'0','','0.7','2.00','5.00',1500,3,60,197,'Y',NULL,NULL),(5616,'2015','813','761','236','120',25,'0','','80','100.00','5.00',2000,4,80,197,'Y',NULL,NULL),(5615,'2015','813','760','236','120',25,'0','','4','5.00','5.00',2000,4,80,197,'Y',NULL,NULL),(5614,'2015','812','760','236','120',25,'0','','2','5.00','5.00',1000,2,40,197,'Y',NULL,NULL),(5613,'2015','812','761','236','120',25,'0','','80','100.00','5.00',2000,4,80,197,'Y',NULL,NULL),(5612,'2015','812','759','236','120',25,'0','','1','2.00','5.00',2500,5,99,197,'Y',NULL,NULL),(5611,'2015','812','758','236','120',25,'0','','80','100.00','5.00',2000,4,80,197,'Y',NULL,NULL),(5610,'2015','811','758','236','120',25,'0','','50','100.00','5.00',500,1,20,197,'Y',NULL,NULL),(5609,'2015','811','759','236','120',25,'0','','0.7','2.00','5.00',1500,3,60,197,'Y',NULL,NULL),(5608,'2015','811','760','236','120',25,'0','','4','5.00','5.00',2000,4,80,197,'Y',NULL,NULL),(5607,'2015','811','761','236','120',25,'0','','80','100.00','5.00',2000,4,80,197,'Y',NULL,NULL),(5606,'2015','809','761','236','120',25,'0','','90','100.00','5.00',2500,5,99,197,'Y',NULL,NULL),(5604,'2015','809','759','236','120',25,'0','','1','2.00','5.00',2500,5,99,197,'Y',NULL,NULL),(5605,'2015','809','760','236','120',25,'0','','2','5.00','5.00',1000,2,40,197,'Y',NULL,NULL),(5603,'2015','809','758','236','120',25,'0','','80','100.00','5.00',2000,4,80,197,'Y',NULL,NULL),(5602,'2015','813','762','235','120',25,'0','','0.00','100.00','5.00',0,0,0,197,'Y',NULL,NULL),(5601,'2015','813','763','235','120',25,'0','','0.00','99.00','5.00',0,0,0,197,'Y',NULL,NULL),(5600,'2015','813','764','235','120',25,'0','','0.00','100.00','5.00',0,0,0,197,'Y',NULL,NULL),(5599,'2015','813','765','235','120',25,'0','','0.00','100.00','5.00',0,0,0,197,'Y',NULL,NULL),(5598,'2015','812','765','235','120',25,'0','','0.00','100.00','5.00',0,0,0,197,'Y',NULL,NULL),(5597,'2015','812','764','235','120',25,'0','','0.00','100.00','5.00',0,0,0,197,'Y',NULL,NULL),(5596,'2015','812','763','235','120',25,'0','','0.00','99.00','5.00',0,0,0,197,'Y',NULL,NULL),(5595,'2015','812','762','235','120',25,'0','','0.00','100.00','5.00',0,0,0,197,'Y',NULL,NULL),(5594,'2015','811','762','235','120',25,'0','','0.00','100.00','5.00',0,0,0,197,'Y',NULL,NULL),(5592,'2015','811','764','235','120',25,'0','','0.00','100.00','5.00',0,0,0,197,'Y',NULL,NULL),(5593,'2015','811','763','235','120',25,'0','','0.00','99.00','5.00',0,0,0,197,'Y',NULL,NULL),(5591,'2015','811','765','235','120',25,'0','','0.00','100.00','5.00',0,0,0,197,'Y',NULL,NULL),(5589,'2015','809','764','235','120',25,'0','','0.00','100.00','5.00',0,0,0,197,'Y',NULL,NULL),(5590,'2015','809','765','235','120',25,'0','','0.00','100.00','5.00',0,0,0,197,'Y',NULL,NULL),(5588,'2015','809','763','235','120',25,'0','','0.00','99.00','5.00',0,0,0,197,'Y',NULL,NULL),(5587,'2015','809','762','235','120',25,'0','','0.00','100.00','5.00',0,0,0,197,'Y',NULL,NULL),(5586,'2015','813','749','234','120',25,'0','','0.00','100.00','5.00',0,0,0,197,'Y',NULL,NULL),(5585,'2015','813','748','234','120',25,'0','','0.00','100.00','5.00',0,0,0,197,'Y',NULL,NULL),(5584,'2015','813','747','234','120',25,'0','','0.00','99.00','5.00',0,0,0,197,'Y',NULL,NULL),(5583,'2015','813','746','234','120',25,'0','','0.00','2.00','5.00',0,0,0,197,'Y',NULL,NULL),(5582,'2015','812','749','234','120',25,'0','','0.00','100.00','5.00',0,0,0,197,'Y',NULL,NULL),(5580,'2015','812','747','234','120',25,'0','','0.00','99.00','5.00',0,0,0,197,'Y',NULL,NULL),(5581,'2015','812','748','234','120',25,'0','','0.00','100.00','5.00',0,0,0,197,'Y',NULL,NULL),(5578,'2015','811','749','234','120',25,'0','','0.00','100.00','5.00',0,0,0,197,'Y',NULL,NULL),(5579,'2015','812','746','234','120',25,'0','','0.00','2.00','5.00',0,0,0,197,'Y',NULL,NULL),(5577,'2015','811','748','234','120',25,'0','','0.00','100.00','5.00',0,0,0,197,'Y',NULL,NULL),(5576,'2015','811','747','234','120',25,'0','','0.00','99.00','5.00',0,0,0,197,'Y',NULL,NULL),(5525,'2015','809','745','231','120',25,'0','','4','2.00','5.00',1500,3,60,197,'Y',NULL,NULL),(5526,'2015','809','746','234','120',25,'0','','0.00','','',0,0,0,197,'Y',NULL,NULL),(5527,'2015','809','742','231','120',25,'0','','2','4.00','5.00',2500,5,99,197,'Y',NULL,NULL),(5575,'2015','811','746','234','120',25,'0','','0.00','2.00','5.00',0,0,0,197,'Y',NULL,NULL),(5574,'2015','813','751','233','120',25,'0','','0.00','1.00','5.00',0,0,0,197,'Y',NULL,NULL),(5573,'2015','813','753','233','120',25,'0','','0.00','5.00','5.00',0,0,0,197,'Y',NULL,NULL),(5572,'2015','813','752','233','120',25,'0','','0.00','1.00','5.00',0,0,0,197,'Y',NULL,NULL),(5571,'2015','813','750','233','120',25,'0','','0.00','100.00','5.00',0,0,0,197,'Y',NULL,NULL),(5570,'2015','812','753','233','120',25,'0','','0.00','5.00','5.00',0,0,0,197,'Y',NULL,NULL),(5569,'2015','812','752','233','120',25,'0','','0.00','1.00','5.00',0,0,0,197,'Y',NULL,NULL),(5568,'2015','812','750','233','120',25,'0','','0.00','100.00','5.00',0,0,0,197,'Y',NULL,NULL),(5567,'2015','812','751','233','120',25,'0','','0.00','1.00','5.00',0,0,0,197,'Y',NULL,NULL),(5566,'2015','811','753','233','120',25,'0','','0.00','5.00','5.00',0,0,0,197,'Y',NULL,NULL),(5565,'2015','811','752','233','120',25,'0','','0.00','1.00','5.00',0,0,0,197,'Y',NULL,NULL),(5564,'2015','811','751','233','120',25,'0','','0.00','1.00','5.00',0,0,0,197,'Y',NULL,NULL),(5563,'2015','811','750','233','120',25,'0','','0.00','100.00','5.00',0,0,0,197,'Y',NULL,NULL),(5562,'2015','809','753','233','120',25,'0','','0.00','5.00','5.00',0,0,0,197,'Y',NULL,NULL),(5561,'2015','809','752','233','120',25,'0','','0.00','1.00','5.00',0,0,0,197,'Y',NULL,NULL),(5560,'2015','809','751','233','120',25,'0','','0.00','1.00','5.00',0,0,0,197,'Y',NULL,NULL),(5559,'2015','809','750','233','120',25,'0','','0.00','100.00','5.00',0,0,0,197,'Y',NULL,NULL),(5558,'2015','813','757','232','120',25,'0','','0.00','5.00','5.00',0,0,0,197,'Y',NULL,NULL),(5557,'2015','813','756','232','120',25,'0','','0.00','3.00','5.00',0,0,0,197,'Y',NULL,NULL),(5556,'2015','813','755','232','120',25,'0','','0.00','100.00','5.00',0,0,0,197,'Y',NULL,NULL),(5555,'2015','813','754','232','120',25,'0','','0.00','100.00','5.00',0,0,0,197,'Y',NULL,NULL),(5554,'2015','812','757','232','120',25,'0','','0.00','5.00','5.00',0,0,0,197,'Y',NULL,NULL),(5553,'2015','812','756','232','120',25,'0','','0.00','3.00','5.00',0,0,0,197,'Y',NULL,NULL),(5552,'2015','812','755','232','120',25,'0','','0.00','100.00','5.00',0,0,0,197,'Y',NULL,NULL),(5550,'2015','811','757','232','120',25,'0','','0.00','5.00','5.00',0,0,0,197,'Y',NULL,NULL),(5551,'2015','812','754','232','120',25,'0','','0.00','100.00','5.00',0,0,0,197,'Y',NULL,NULL),(5549,'2015','811','756','232','120',25,'0','','0.00','3.00','5.00',0,0,0,197,'Y',NULL,NULL),(5546,'2015','809','757','232','120',25,'0','','0.00','5.00','5.00',0,0,0,197,'Y',NULL,NULL),(5548,'2015','811','755','232','120',25,'0','','0.00','100.00','5.00',0,0,0,197,'Y',NULL,NULL),(5547,'2015','811','754','232','120',25,'0','','0.00','100.00','5.00',0,0,0,197,'Y',NULL,NULL),(5545,'2015','809','756','232','120',25,'0','','0.00','3.00','5.00',0,0,0,197,'Y',NULL,NULL),(5544,'2015','809','755','232','120',25,'0','','0.00','100.00','5.00',0,0,0,197,'Y',NULL,NULL),(5542,'2015','813','744','231','120',25,'0','','90','100.00','5.00',2500,5,99,197,'Y',NULL,NULL),(5543,'2015','809','754','232','120',25,'0','','0.00','100.00','5.00',0,0,0,197,'Y',NULL,NULL),(5541,'2015','813','745','231','120',25,'0','','4','2.00','5.00',1500,3,60,197,'Y',NULL,NULL),(5539,'2015','813','742','231','120',25,'0','','9','4.00','5.00',1000,2,40,197,'Y',NULL,NULL),(5540,'2015','813','743','231','120',25,'0','','8','5.00','5.00',1500,3,60,197,'Y',NULL,NULL),(5538,'2015','812','745','231','120',25,'0','','8','2.00','5.00',500,1,20,197,'Y',NULL,NULL),(5536,'2015','812','743','231','120',25,'0','','4','5.00','5.00',2500,5,99,197,'Y',NULL,NULL),(5537,'2015','812','744','231','120',25,'0','','65','100.00','5.00',1500,3,60,197,'Y',NULL,NULL),(5535,'2015','812','742','231','120',25,'0','','4','4.00','5.00',2500,5,99,197,'Y',NULL,NULL),(5534,'2015','811','745','231','120',25,'0','','5','2.00','5.00',1000,2,40,197,'Y',NULL,NULL),(5533,'2015','811','744','231','120',25,'0','','50','100.00','5.00',1000,2,40,197,'Y',NULL,NULL),(5532,'2015','811','743','231','120',25,'0','','2','5.00','5.00',2500,5,99,197,'Y',NULL,NULL),(5531,'2015','811','742','231','120',25,'0','','0','4.00','5.00',2500,5,99,197,'Y',NULL,NULL),(5530,'2015','809','749','234','120',25,'0','','0.00','','',0,0,0,197,'Y',NULL,NULL),(5529,'2015','809','748','234','120',25,'0','','0.00','','',0,0,0,197,'Y',NULL,NULL),(5528,'2015','809','747','234','120',25,'0','','0.00','','',0,0,0,197,'Y',NULL,NULL),(5524,'2015','809','744','231','120',25,'0','','70','100.00','5.00',2000,4,80,197,'Y',NULL,NULL),(5523,'2015','809','743','231','120',25,'0','','0','5.00','5.00',2500,5,99,197,'Y',NULL,NULL),(5522,'2015','809','745','231','119',25,'0','','0.00','2.00','5.00',0,0,0,197,'Y',NULL,NULL),(5521,'2015','809','744','231','119',25,'0','','0.00','100.00','5.00',0,0,0,197,'Y',NULL,NULL),(5520,'2015','809','743','231','119',25,'0','','0.00','5.00','5.00',0,0,0,197,'Y',NULL,NULL),(5519,'2015','809','742','231','119',25,'0','','0.00','4.00','5.00',0,0,0,197,'Y',NULL,NULL),(5518,'2015','809','749','234','119',25,'0','','0.00','100.00','5.00',0,0,0,197,'Y',NULL,NULL),(5517,'2015','809','748','234','119',25,'0','','0.00','100.00','5.00',0,0,0,197,'Y',NULL,NULL),(5515,'2015','809','746','234','119',25,'0','','0.00','2.00','5.00',0,0,0,197,'Y',NULL,NULL),(5516,'2015','809','747','234','119',25,'0','','0.00','99.00','5.00',0,0,0,197,'Y',NULL,NULL),(5705,'2014','815','759','236','120',25,'0','','0.00','2.00','5.00',0,0,0,197,'Y',NULL,NULL),(5706,'2014','815','758','236','120',25,'0','','0.00','100.00','5.00',0,0,0,197,'Y',NULL,NULL),(5707,'2014','816','758','236','120',25,'0','','0.00','100.00','5.00',0,0,0,197,'Y',NULL,NULL),(5708,'2014','816','759','236','120',25,'0','','0.00','2.00','5.00',0,0,0,197,'Y',NULL,NULL),(5709,'2014','816','760','236','120',25,'0','','0.00','5.00','5.00',0,0,0,197,'Y',NULL,NULL),(5710,'2014','816','761','236','120',25,'0','','0.00','100.00','5.00',0,0,0,197,'Y',NULL,NULL),(5711,'2014','817','761','236','120',25,'0','','0.00','100.00','5.00',0,0,0,197,'Y',NULL,NULL),(5712,'2014','817','760','236','120',25,'0','','0.00','5.00','5.00',0,0,0,197,'Y',NULL,NULL),(5713,'2014','817','759','236','120',25,'0','','0.00','2.00','5.00',0,0,0,197,'Y',NULL,NULL),(5714,'2014','817','758','236','120',25,'0','','0.00','100.00','5.00',0,0,0,197,'Y',NULL,NULL),(5718,'2017','null','760','236','120',25,'0','','0.00','','',0,0,0,197,NULL,NULL,NULL);
/*!40000 ALTER TABLE `assign_kpi_master` ENABLE KEYS */;
UNLOCK TABLES;

--
-- Table structure for table `baseline`
--

DROP TABLE IF EXISTS `baseline`;
/*!40101 SET @saved_cs_client     = @@character_set_client */;
/*!40101 SET character_set_client = utf8 */;
CREATE TABLE `baseline` (
  `baseline_id` int(11) NOT NULL AUTO_INCREMENT,
  `kpi_id` int(11) DEFAULT NULL,
  `baseline_begin` double(255,2) DEFAULT NULL,
  `baseline_end` double(255,2) DEFAULT NULL,
  `baseline_score` double(11,2) DEFAULT NULL,
  `suggestion` text,
  PRIMARY KEY (`baseline_id`)
) ENGINE=MyISAM AUTO_INCREMENT=478 DEFAULT CHARSET=utf8;
/*!40101 SET character_set_client = @saved_cs_client */;

--
-- Dumping data for table `baseline`
--

LOCK TABLES `baseline` WRITE;
/*!40000 ALTER TABLE `baseline` DISABLE KEYS */;
INSERT INTO `baseline` VALUES (1,NULL,11.00,22.00,33.00,NULL),(2,NULL,22.00,33.00,44.00,NULL),(4,21,0.00,45.00,55.00,NULL),(7,21,46.00,60.00,45.00,NULL),(8,1,1000000.00,2000000.00,20.00,NULL),(9,1,2000001.00,4000000.00,40.00,NULL),(10,23,1200.00,5000.00,20.00,NULL),(11,23,522.00,555.00,2.00,NULL),(12,7,0.00,40.00,1.00,NULL),(13,7,41.00,60.00,2.00,NULL),(14,7,61.00,70.00,3.00,NULL),(15,7,71.00,80.00,4.00,NULL),(16,7,81.00,120.00,5.00,NULL),(17,8,0.00,20.00,1.00,NULL),(18,8,21.00,40.00,2.00,NULL),(19,8,41.00,60.00,3.00,NULL),(20,8,61.00,70.00,4.00,NULL),(21,8,71.00,100.00,5.00,NULL),(22,9,0.00,20.00,1.00,NULL),(23,9,21.00,40.00,2.00,NULL),(24,9,41.00,60.00,3.00,NULL),(25,9,61.00,70.00,4.00,NULL),(26,9,71.00,100.00,5.00,NULL),(27,10,0.00,20.00,1.00,NULL),(28,10,21.00,40.00,2.00,NULL),(29,10,41.00,60.00,3.00,NULL),(30,10,61.00,70.00,4.00,NULL),(31,10,71.00,100.00,5.00,NULL),(32,25,0.00,50.00,4.00,NULL),(33,25,51.00,80.00,5.00,NULL),(34,26,0.00,40.00,4.00,NULL),(35,26,41.00,70.00,5.00,NULL),(36,33,0.00,4.00,5.00,'ดีมาก!! จำนวนครั้งที่หน่วยตรวจสอบให้แก้ไข(หน่วย:ครั้ง)'),(37,33,5.00,6.00,4.00,'ดี!! จำนวนครั้งที่หน่วยตรวจสอบให้แก้ไข(หน่วย:ครั้ง)'),(38,33,7.00,8.00,3.00,'ต้องปรับปรุง!! จำนวนครั้งที่หน่วยตรวจสอบให้แก้ไข(หน่วย:ครั้ง)'),(39,33,9.00,10.00,2.00,'ต้องปรับปรุงด่วน!! จำนวนครั้งที่หน่วยตรวจสอบให้แก้ไข(หน่วย:ครั้ง)'),(40,33,11.00,12.00,1.00,'ต้องปรับปรุงด่วนมาก!! จำนวนครั้งที่หน่วยตรวจสอบให้แก้ไข(หน่วย:ครั้ง)'),(41,33,13.00,999.00,0.00,'ต้องปรับปรุงด่วนมาก!! จำนวนครั้งที่หน่วยตรวจสอบให้แก้ไข(หน่วย:ครั้ง)'),(42,34,0.00,5.00,5.00,NULL),(43,34,6.00,7.00,4.00,NULL),(44,34,8.00,9.00,3.00,NULL),(45,34,10.00,11.00,2.00,NULL),(46,34,12.00,13.00,1.00,NULL),(47,34,14.00,999.00,0.00,NULL),(48,35,90.00,100.00,5.00,NULL),(49,35,70.00,89.00,4.00,NULL),(50,35,60.00,69.00,3.00,NULL),(51,35,50.00,59.00,2.00,NULL),(52,35,40.00,49.00,1.00,NULL),(53,35,0.00,39.00,0.00,NULL),(54,36,0.00,2.00,5.00,NULL),(55,36,3.00,3.00,4.00,NULL),(56,36,4.00,4.00,3.00,NULL),(57,36,5.00,5.00,2.00,NULL),(58,36,6.00,8.00,1.00,NULL),(59,36,9.00,999.00,0.00,NULL),(60,37,0.00,4.00,5.00,NULL),(61,37,5.00,6.00,4.00,NULL),(62,37,7.00,8.00,3.00,NULL),(63,37,9.00,10.00,2.00,NULL),(64,37,11.00,12.00,1.00,NULL),(65,37,13.00,14.00,0.00,NULL),(66,38,0.00,2.00,5.00,NULL),(67,38,3.00,3.00,4.00,NULL),(68,38,4.00,4.00,3.00,NULL),(69,38,5.00,5.00,2.00,NULL),(70,38,6.00,6.00,1.00,NULL),(71,38,7.00,999.00,0.00,NULL),(74,42,0.00,2.00,5.00,''),(75,42,3.00,5.00,4.00,''),(76,42,6.00,8.00,3.00,''),(77,42,9.00,12.00,2.00,''),(78,42,13.00,18.00,1.00,''),(79,42,19.00,99.00,0.00,'ต้องแก้ไขปรับปรุงเป็นการด่วน'),(80,43,8.00,99.00,5.00,''),(81,43,6.00,7.99,4.00,''),(82,43,4.00,5.99,3.00,''),(83,43,2.00,4.99,2.00,''),(84,43,1.00,2.99,1.00,''),(85,43,0.00,0.99,0.00,''),(86,44,90.00,100.00,5.00,''),(87,44,70.00,89.00,4.00,''),(88,44,60.00,69.00,3.00,''),(89,44,50.00,59.00,2.00,''),(90,44,40.00,49.00,1.00,''),(91,44,0.00,39.00,0.00,''),(92,45,90.00,100.00,5.00,''),(93,45,80.00,89.00,4.00,''),(94,45,70.00,79.00,3.00,''),(95,45,60.00,69.00,2.00,''),(96,45,50.00,59.00,1.00,''),(97,45,0.00,49.00,0.00,''),(98,93,90.00,100.00,5.00,''),(99,93,80.00,89.00,4.00,''),(100,93,70.00,79.00,3.00,''),(101,93,60.00,69.00,2.00,''),(102,93,50.00,59.00,1.00,''),(103,93,0.00,49.00,0.00,''),(104,92,90.00,100.00,5.00,''),(105,92,80.00,89.00,4.00,''),(106,92,70.00,79.00,3.00,''),(107,92,60.00,69.00,2.00,''),(108,92,50.00,59.00,1.00,''),(109,92,0.00,49.00,0.00,''),(110,91,90.00,99.00,5.00,''),(111,91,80.00,89.00,4.00,''),(112,91,70.00,79.00,3.00,''),(113,91,60.00,69.00,2.00,''),(114,91,50.00,59.00,1.00,''),(115,91,0.00,49.00,0.00,''),(116,90,90.00,100.00,5.00,''),(117,90,80.00,89.00,4.00,''),(118,90,70.00,79.00,3.00,''),(119,90,60.00,69.00,2.00,''),(120,90,50.00,59.00,1.00,''),(121,90,0.00,49.00,0.00,''),(122,89,90.00,100.00,5.00,''),(123,89,80.00,89.00,4.00,''),(124,89,70.00,79.00,3.00,''),(125,89,60.00,69.00,2.00,''),(126,89,50.00,59.00,1.00,''),(127,89,0.00,49.00,0.00,''),(128,88,5.00,5.00,5.00,''),(129,88,4.00,4.00,4.00,''),(130,88,3.00,3.00,3.00,''),(131,88,2.00,2.00,2.00,''),(132,88,1.00,1.00,1.00,''),(133,88,0.00,0.00,0.00,''),(134,87,1.00,2.00,5.00,''),(135,87,0.80,0.99,4.00,''),(136,87,0.70,0.79,3.00,''),(137,87,0.60,0.69,2.00,''),(141,86,90.00,100.00,5.00,''),(139,87,0.50,0.59,1.00,''),(140,87,0.00,0.49,0.00,''),(142,86,80.00,89.00,4.00,''),(143,86,70.00,79.00,3.00,''),(144,86,60.00,69.00,2.00,''),(145,86,50.00,59.00,1.00,''),(146,86,0.00,49.00,0.00,''),(147,85,5.00,5.00,5.00,''),(148,85,4.00,4.00,4.00,''),(149,85,3.00,3.00,3.00,''),(150,85,2.00,2.00,2.00,''),(151,85,1.00,1.00,1.00,''),(152,85,0.00,0.00,0.00,''),(153,84,0.00,3.00,5.00,''),(154,84,4.00,5.00,4.00,''),(155,84,6.00,6.00,3.00,''),(156,84,7.00,7.00,2.00,''),(157,84,8.00,8.00,1.00,''),(158,84,9.00,100.00,0.00,''),(159,83,50.00,100.00,5.00,''),(160,83,40.00,49.00,4.00,''),(161,83,30.00,39.00,3.00,''),(162,83,20.00,29.00,2.00,''),(163,83,10.00,19.00,1.00,''),(164,83,0.00,9.00,0.00,''),(165,82,95.00,100.00,5.00,''),(166,82,80.00,94.00,4.00,''),(167,82,70.00,79.00,3.00,''),(168,82,60.00,69.00,2.00,''),(169,82,50.00,59.00,1.00,''),(170,82,0.00,49.00,0.00,''),(171,81,5.00,5.00,5.00,''),(172,81,4.00,4.00,4.00,''),(173,81,3.00,3.00,3.00,''),(174,81,2.00,2.00,2.00,''),(175,81,1.00,1.00,1.00,''),(176,81,0.00,0.00,0.00,''),(177,80,0.00,1.00,5.00,''),(178,80,2.00,2.00,4.00,''),(179,80,3.00,3.00,3.00,''),(180,80,4.00,4.00,2.00,''),(181,80,5.00,5.00,1.00,''),(182,80,6.00,99.00,0.00,''),(183,79,0.00,1.00,5.00,''),(184,79,2.00,2.00,4.00,''),(185,79,3.00,3.00,3.00,''),(186,79,4.00,4.00,2.00,''),(187,79,5.00,5.00,1.00,''),(188,79,6.00,99.00,0.00,''),(189,78,90.00,100.00,5.00,''),(190,78,80.00,89.00,4.00,''),(191,78,70.00,79.00,3.00,''),(192,78,60.00,69.00,2.00,''),(193,78,50.00,59.00,1.00,''),(194,78,0.00,49.00,0.00,''),(195,622,0.00,2.00,5.00,''),(196,646,0.00,1.00,5.00,''),(197,646,2.00,2.00,4.00,''),(198,646,3.00,3.00,3.00,''),(199,646,4.00,4.00,2.00,''),(200,646,5.00,100.00,0.00,''),(201,647,0.00,1.00,5.00,''),(202,647,2.00,2.00,2.00,''),(203,647,3.00,100.00,0.00,''),(204,648,0.00,20.00,0.00,''),(205,648,21.00,40.00,1.00,''),(206,648,41.00,100.00,5.00,''),(207,649,0.00,1.00,5.00,''),(208,649,2.00,4.00,2.00,''),(209,649,5.00,100.00,0.00,''),(210,670,0.00,1.00,5.00,''),(211,670,2.00,4.00,4.00,''),(212,670,5.00,8.00,3.00,''),(213,670,9.00,10.00,2.00,''),(214,670,11.00,15.00,1.00,''),(215,670,16.00,100.00,0.00,''),(216,671,0.00,2.00,5.00,''),(217,671,3.00,4.00,4.00,''),(218,671,5.00,6.00,3.00,''),(219,671,7.00,8.00,2.00,''),(220,671,9.00,10.00,1.00,''),(221,671,11.00,100.00,0.00,''),(227,672,70.00,89.00,4.00,''),(226,672,90.00,100.00,5.00,''),(228,672,60.00,69.00,3.00,''),(229,672,50.00,59.00,2.00,''),(230,672,40.00,49.00,1.00,''),(231,672,0.00,39.00,0.00,''),(232,673,0.00,1.00,5.00,''),(233,673,2.00,3.00,4.00,''),(234,673,4.00,5.00,3.00,''),(235,673,6.00,7.00,2.00,''),(236,673,8.00,9.00,1.00,''),(237,673,10.00,100.00,0.00,''),(238,674,0.00,0.00,5.00,''),(239,674,1.00,1.00,4.00,''),(240,694,0.00,1.00,5.00,''),(241,694,2.00,3.00,4.00,''),(242,766,0.00,5.00,5.00,''),(243,766,6.00,7.00,4.00,''),(244,766,8.00,9.00,3.00,''),(245,766,10.00,12.00,2.00,''),(246,766,13.00,20.00,1.00,''),(247,766,21.00,100.00,0.00,''),(248,767,0.00,1.00,1.00,''),(249,767,2.00,2.00,2.00,''),(250,767,4.00,4.00,4.00,''),(251,767,3.00,3.00,3.00,''),(252,767,5.00,100.00,5.00,''),(253,768,0.00,5.00,5.00,''),(254,768,6.00,7.00,4.00,''),(255,768,8.00,10.00,3.00,''),(256,768,11.00,15.00,2.00,''),(257,768,16.00,20.00,1.00,''),(258,768,21.00,100.00,0.00,''),(259,769,0.00,3.00,5.00,''),(260,769,4.00,5.00,4.00,''),(261,769,6.00,7.00,3.00,''),(262,769,8.00,9.00,2.00,''),(263,769,10.00,15.00,1.00,''),(264,769,16.00,100.00,0.00,''),(265,770,0.00,3.00,5.00,''),(266,770,4.00,5.00,4.00,''),(267,770,6.00,7.00,3.00,''),(268,770,8.00,9.00,2.00,''),(269,770,10.00,12.00,1.00,''),(270,770,13.00,100.00,0.00,''),(271,771,0.00,3.00,5.00,''),(272,771,4.00,4.00,4.00,''),(273,771,5.00,5.00,3.00,''),(274,771,6.00,6.00,2.00,''),(275,771,7.00,9.00,1.00,''),(276,771,10.00,100.00,0.00,''),(277,772,0.00,1.00,1.00,''),(278,772,2.00,2.00,2.00,''),(279,772,3.00,3.00,3.00,''),(280,772,4.00,4.00,4.00,''),(281,772,5.00,100.00,5.00,''),(282,773,0.00,0.00,5.00,''),(283,773,1.00,100.00,0.00,''),(284,774,0.00,50.00,5.00,''),(285,774,51.00,60.00,4.00,''),(286,774,61.00,70.00,3.00,''),(287,774,71.00,80.00,2.00,''),(288,774,81.00,90.00,1.00,''),(289,774,91.00,100.00,0.00,''),(290,775,0.00,10.00,5.00,''),(291,775,11.00,12.00,4.00,''),(292,775,13.00,14.00,3.00,''),(293,775,15.00,17.00,2.00,''),(294,775,18.00,20.00,1.00,''),(295,775,21.00,100.00,0.00,''),(296,776,95.00,100.00,5.00,''),(297,776,90.00,94.00,4.00,''),(298,776,85.00,89.00,3.00,''),(299,776,80.00,84.00,2.00,''),(300,776,75.00,79.00,1.00,''),(301,776,0.00,74.00,0.00,''),(302,777,70.00,100.00,5.00,''),(303,777,65.00,69.00,4.00,''),(304,777,60.00,64.00,3.00,''),(305,777,55.00,59.00,2.00,''),(306,777,50.00,54.00,1.00,''),(307,777,0.00,49.00,0.00,''),(308,778,90.00,100.00,5.00,''),(309,778,88.00,89.00,4.00,''),(310,778,86.00,87.00,3.00,''),(311,778,84.00,85.00,2.00,''),(312,778,80.00,83.00,1.00,''),(313,778,0.00,79.00,0.00,''),(314,779,100.00,100.00,5.00,''),(315,779,98.00,99.00,4.00,''),(316,779,96.00,97.00,3.00,''),(317,779,94.00,95.00,2.00,''),(318,779,91.00,93.00,1.00,''),(319,779,0.00,90.00,0.00,''),(320,780,98.00,100.00,5.00,''),(321,780,95.00,97.00,4.00,''),(322,780,93.00,94.00,3.00,''),(323,780,90.00,92.00,2.00,''),(324,780,87.00,89.00,1.00,''),(325,780,0.00,86.00,0.00,''),(326,781,0.00,0.00,5.00,''),(327,781,1.00,1.00,4.00,''),(328,781,2.00,2.00,3.00,''),(329,781,3.00,3.00,2.00,''),(330,781,4.00,5.00,1.00,''),(331,781,6.00,100.00,0.00,''),(332,782,95.00,100.00,5.00,''),(333,782,93.00,94.00,4.00,''),(334,782,90.00,92.00,3.00,''),(335,782,87.00,89.00,2.00,''),(336,782,85.00,86.00,1.00,''),(337,782,0.00,84.00,0.00,''),(338,783,0.00,3.00,5.00,''),(339,783,4.00,5.00,4.00,''),(340,783,6.00,7.00,3.00,''),(341,783,8.00,9.00,2.00,''),(342,783,10.00,10.00,1.00,''),(343,783,11.00,100.00,0.00,''),(344,784,1.00,5.00,5.00,''),(345,784,6.00,6.00,4.00,''),(346,784,7.00,7.00,3.00,''),(347,784,8.00,8.00,2.00,''),(348,784,9.00,9.00,1.00,''),(349,784,10.00,100.00,0.00,''),(350,785,0.00,30.00,5.00,''),(351,785,31.00,32.00,4.00,''),(352,785,33.00,35.00,3.00,''),(353,785,36.00,37.00,2.00,''),(354,785,38.00,40.00,1.00,''),(355,785,41.00,100.00,0.00,''),(356,786,30.00,100.00,5.00,''),(357,786,27.00,29.00,4.00,''),(358,786,25.00,26.00,3.00,''),(359,786,23.00,24.00,2.00,''),(360,786,20.00,22.00,1.00,''),(361,786,0.00,19.00,0.00,''),(362,787,10.00,100.00,5.00,''),(363,787,9.00,9.00,4.00,''),(364,787,8.00,8.00,3.00,''),(365,787,7.00,7.00,2.00,''),(366,787,6.00,6.00,1.00,''),(367,787,0.00,5.00,0.00,''),(368,788,90.00,100.00,5.00,''),(369,788,80.00,89.00,4.00,''),(370,788,0.00,79.00,0.00,''),(371,789,90.00,100.00,5.00,''),(372,789,0.00,89.00,0.00,''),(373,795,20.00,100.00,5.00,''),(374,795,15.00,19.00,4.00,''),(375,795,10.00,14.00,3.00,''),(376,795,7.00,9.00,2.00,''),(377,795,5.00,6.00,1.00,''),(378,795,0.00,4.00,0.00,''),(379,796,20.00,100.00,5.00,''),(380,796,17.00,19.00,4.00,''),(381,796,15.00,16.00,3.00,''),(382,796,13.00,14.00,2.00,''),(383,796,10.00,12.00,1.00,''),(384,796,0.00,9.00,0.00,''),(385,797,90.00,100.00,5.00,''),(386,797,85.00,89.00,4.00,''),(387,797,80.00,84.00,3.00,''),(388,797,75.00,79.00,2.00,''),(389,797,70.00,74.00,1.00,''),(390,797,0.00,69.00,0.00,''),(391,798,0.00,10.00,5.00,''),(392,798,11.00,100.00,0.00,''),(393,799,95.00,100.00,5.00,''),(394,799,90.00,94.00,4.00,''),(395,799,87.00,89.00,3.00,''),(396,799,85.00,86.00,2.00,''),(397,799,83.00,34.00,1.00,''),(398,799,0.00,82.00,0.00,''),(399,800,98.00,100.00,5.00,''),(400,800,95.00,97.00,4.00,''),(401,800,90.00,94.00,3.00,''),(402,800,86.00,89.00,2.00,''),(403,800,80.00,85.00,1.00,''),(404,800,0.00,79.00,0.00,''),(405,801,0.00,3.00,5.00,''),(406,801,4.00,5.00,4.00,''),(407,801,6.00,7.00,3.00,''),(408,801,8.00,9.00,2.00,''),(409,801,10.00,11.00,1.00,''),(410,801,12.00,100.00,0.00,''),(411,802,81.00,100.00,0.00,''),(412,802,71.00,80.00,1.00,''),(413,802,61.00,70.00,2.00,''),(414,802,51.00,60.00,3.00,''),(415,802,0.00,40.00,5.00,''),(416,802,41.00,50.00,4.00,''),(417,803,0.00,5.00,5.00,''),(418,803,7.00,7.00,3.00,''),(419,803,6.00,6.00,4.00,''),(420,803,8.00,8.00,2.00,''),(421,803,9.00,9.00,1.00,''),(422,803,10.00,100.00,0.00,''),(423,804,0.00,3.00,5.00,''),(424,804,4.00,4.00,4.00,''),(425,804,5.00,5.00,3.00,''),(426,804,6.00,7.00,2.00,''),(427,804,8.00,9.00,1.00,''),(428,804,10.00,100.00,0.00,''),(429,805,80.00,100.00,5.00,''),(430,805,70.00,79.00,4.00,''),(431,805,60.00,69.00,3.00,''),(432,805,50.00,54.00,1.00,''),(433,805,0.00,49.00,0.00,''),(434,805,55.00,59.00,2.00,''),(435,806,95.00,100.00,5.00,''),(436,806,90.00,94.00,4.00,''),(437,806,85.00,89.00,3.00,''),(438,806,80.00,84.00,2.00,''),(439,806,70.00,79.00,1.00,''),(440,806,0.00,69.00,0.00,''),(441,807,0.00,5.00,5.00,''),(442,807,6.00,6.00,4.00,''),(443,807,7.00,7.00,3.00,''),(444,807,8.00,8.00,2.00,''),(445,807,9.00,10.00,1.00,''),(446,807,11.00,100.00,0.00,''),(447,808,5.00,100.00,5.00,''),(448,808,4.00,4.00,4.00,''),(449,808,3.00,3.00,3.00,''),(450,808,2.00,2.00,2.00,''),(451,808,0.00,1.00,1.00,''),(452,809,98.00,100.00,5.00,''),(453,809,95.00,57.00,4.00,''),(454,809,93.00,94.00,3.00,''),(455,809,90.00,92.00,2.00,''),(456,809,86.00,89.00,1.00,''),(457,809,0.00,85.00,0.00,''),(458,810,0.00,4.00,0.00,''),(459,810,5.00,100.00,5.00,''),(460,811,60.00,100.00,5.00,''),(461,811,55.00,59.00,4.00,''),(462,811,50.00,54.00,3.00,''),(463,811,45.00,49.00,2.00,''),(464,811,40.00,44.00,1.00,''),(465,811,0.00,39.00,0.00,''),(466,812,10.00,100.00,5.00,''),(467,812,8.00,9.00,4.00,''),(468,812,6.00,6.00,2.00,''),(469,812,5.00,5.00,1.00,''),(470,812,0.00,4.00,0.00,''),(471,812,7.00,8.00,3.00,''),(472,813,1.00,5.00,5.00,''),(473,813,6.00,6.00,4.00,''),(474,813,7.00,7.00,3.00,''),(475,813,8.00,8.00,2.00,''),(476,813,9.00,10.00,1.00,''),(477,813,11.00,100.00,0.00,'');
/*!40000 ALTER TABLE `baseline` ENABLE KEYS */;
UNLOCK TABLES;

--
-- Table structure for table `department`
--

DROP TABLE IF EXISTS `department`;
/*!40101 SET @saved_cs_client     = @@character_set_client */;
/*!40101 SET character_set_client = utf8 */;
CREATE TABLE `department` (
  `department_id` int(11) NOT NULL AUTO_INCREMENT,
  `department_name` varchar(255) DEFAULT NULL,
  `department_detail` varchar(255) DEFAULT NULL,
  `admin_id` int(11) DEFAULT NULL,
  PRIMARY KEY (`department_id`)
) ENGINE=MyISAM AUTO_INCREMENT=248 DEFAULT CHARSET=utf8;
/*!40101 SET character_set_client = @saved_cs_client */;

--
-- Dumping data for table `department`
--

LOCK TABLES `department` WRITE;
/*!40000 ALTER TABLE `department` DISABLE KEYS */;
INSERT INTO `department` VALUES (9,'ฝ่ายบัญชีการเงิน','ฝ่ายบัญชีการเงิน',198),(13,'ฝ่ายบุคคล','ฝ่ายบุคคล',198),(12,'ฝ่ายไอที','ฝ่ายไอที',198),(11,'ฝ่ายการตลาด','ฝ่ายการตลาด',198),(14,'แผนกโลจิสติกส์','แผนกโลจิสติกส์',198),(15,'แผนกจัดซื้อ','แผนกจัดซื้อ',198),(236,'แผนกจัดซื้อ','แผนกจัดซื้อ',197),(235,'แผนกโลจิสติกส์','แผนกโลจิสติกส์',197),(234,'ฝ่ายการตลาด','ฝ่ายการตลาด',197),(233,'ฝ่ายไอที','ฝ่ายไอที',197),(232,'ฝ่ายบุคคล','ฝ่ายบุคคล',197),(231,'ฝ่ายบัญชีการเงิน','ฝ่ายบัญชีการเงิน',197),(237,'ฝ่ายบัญชี','-',199),(238,'ฝ่ายการเงิน','แผนกการเงินรับ-จ่าย',199),(239,'ฝ่ายขาย','-',199),(240,'ฝ่ายการตลาด','',199),(241,'ฝ่ายจัดซื้อ','ภายในประทเศ',199),(242,'ฝ่ายผลิต','-',199),(247,'ฝ่ายควบคุมคุณภาพ','',199),(244,'ฝ่ายคลังสินค้า','',199),(245,'ฝ่ายขนส่งสินค้า','',199),(246,'ฝ่ายบุคคล','',199);
/*!40000 ALTER TABLE `department` ENABLE KEYS */;
UNLOCK TABLES;

--
-- Table structure for table `emp_status`
--

DROP TABLE IF EXISTS `emp_status`;
/*!40101 SET @saved_cs_client     = @@character_set_client */;
/*!40101 SET character_set_client = utf8 */;
CREATE TABLE `emp_status` (
  `id` int(11) DEFAULT NULL,
  `emp_status_work` varchar(255) DEFAULT NULL
) ENGINE=MyISAM DEFAULT CHARSET=utf8;
/*!40101 SET character_set_client = @saved_cs_client */;

--
-- Dumping data for table `emp_status`
--

LOCK TABLES `emp_status` WRITE;
/*!40000 ALTER TABLE `emp_status` DISABLE KEYS */;
INSERT INTO `emp_status` VALUES (1,'ปกติ'),(2,'พักงานชั่วคราว'),(3,'ลาออก');
/*!40000 ALTER TABLE `emp_status` ENABLE KEYS */;
UNLOCK TABLES;

--
-- Table structure for table `employee`
--

DROP TABLE IF EXISTS `employee`;
/*!40101 SET @saved_cs_client     = @@character_set_client */;
/*!40101 SET character_set_client = utf8 */;
CREATE TABLE `employee` (
  `emp_id` int(11) NOT NULL AUTO_INCREMENT,
  `emp_user` varchar(255) DEFAULT NULL,
  `emp_pass` varchar(255) DEFAULT NULL,
  `emp_picture_thum` varchar(255) DEFAULT NULL,
  `emp_picture` varchar(255) DEFAULT NULL,
  `emp_tel` varchar(255) DEFAULT NULL,
  `emp_age` int(11) DEFAULT NULL,
  `emp_name` varchar(255) DEFAULT NULL,
  `emp_email` varchar(255) DEFAULT NULL,
  `emp_other` varchar(255) DEFAULT NULL,
  `position_id` varchar(255) DEFAULT NULL,
  `department_id` varchar(11) DEFAULT NULL,
  `admin_id` int(11) DEFAULT NULL,
  `emp_date_of_birth` varchar(22) DEFAULT NULL,
  `emp_age_working` varchar(22) DEFAULT NULL,
  `emp_last_name` varchar(255) DEFAULT NULL,
  `emp_first_name` varchar(255) DEFAULT NULL,
  `emp_status` varchar(255) DEFAULT NULL,
  `emp_mobile` varchar(255) DEFAULT NULL,
  `emp_adress` varchar(255) DEFAULT NULL,
  `emp_district` varchar(255) DEFAULT NULL,
  `emp_sub_district` varchar(255) DEFAULT NULL,
  `emp_province` varchar(255) DEFAULT NULL,
  `emp_postcode` varchar(255) DEFAULT NULL,
  `emp_status_work_id` int(255) DEFAULT NULL,
  `emp_code` varchar(255) DEFAULT NULL,
  `role_id` int(11) DEFAULT NULL,
  PRIMARY KEY (`emp_id`)
) ENGINE=MyISAM AUTO_INCREMENT=631 DEFAULT CHARSET=utf8;
/*!40101 SET character_set_client = @saved_cs_client */;

--
-- Dumping data for table `employee`
--

LOCK TABLES `employee` WRITE;
/*!40000 ALTER TABLE `employee` DISABLE KEYS */;
INSERT INTO `employee` VALUES (1,'emp3','5f4dcc3b5aa765d61d8327deb882cf99','../View/uploads/empthumb_maketing-w320_960125103.gif','../View/uploads/empmaketing-w320_960125103.gif','026665547',40,'','adb@abc.com','','10','9',198,'1/29/2015','11','สุคนธะ','ไกรสร','single','0801112245','116','','','','',1,'EA001',NULL),(2,'emp3','5f4dcc3b5aa765d61d8327deb882cf99','../View/uploads/empthumb_englishlecturer1-w320_1225329971.jpg','../View/uploads/empenglishlecturer1-w320_1225329971.jpg','023446234',29,'','def@hotmail.com','','10','9',198,'4/20/1986','10','ศิริมงคล','คมศักดิ์','single','087898788','788/1 หอพักดวงดาว ถนนอุดมสุข 5','เขตดุสิต','ดุสิต','กรุงเทพมหาคร','10520',1,'EA002',NULL),(6,'emp7','5f4dcc3b5aa765d61d8327deb882cf99','../View/uploads/empthumb_2_672113391.jpg','../View/uploads/emp2_672113391.jpg','023452238',28,'','rstu@hotmail.com','','10','13',198,'31/9/1986','6','เวชยา','วรเวช','single','087893232','23/7 หมู่บ้านโอเคเฟอเฟ็ก 12','เขตบางกะปิ','คลองจั่น','กรุงเทพมหาคร','10120',1,'EH001',NULL),(7,'emp8','5f4dcc3b5aa765d61d8327deb882cf99','../View/uploads/empthumb_avatar3_225830788.jpg','../View/uploads/empavatar3_225830788.jpg','021112544',29,'','vwx@hotmail.com','','10','13',198,'31/6/1986','11','คงไว้','บูรณา','single','084654625','896/45 หมู่บ้าน สุขใจ 20','เขตปทุมวัน','รองเมือง','กรุงเทพมหาคร','10110',1,'EH002',NULL),(11,'emp8','5f4dcc3b5aa765d61d8327deb882cf99','../View/uploads/empthumb_1_356991657.jpg','../View/uploads/emp1_356991657.jpg','021112544',29,'','vwx@hotmail.com','','10','12',198,'31/6/1986','11','อยู่เจริญ','ปทุมรัตน์','single','084654625','896/45 หมู่บ้าน สุขใจ 20','เขตปทุมวัน','รองเมือง','กรุงเทพมหาคร','10110',1,'EI001',NULL),(12,'emp9','5f4dcc3b5aa765d61d8327deb882cf99','../View/uploads/empthumb_a2_1249255641.jpg','../View/uploads/empa2_1249255641.jpg','021554233',30,'','xyz@hotmail.com','','10','12',198,'31/08/1985','8','เกิดมี','เธียรธาร','single','087866453','11/786 หมู่บ้านธารารมณ์','เขตป้อมปราบศัตรูพ่าย','ป้อมปราบ','กรุงเทพมหาคร','10410',1,'EI002',NULL),(16,'ceo','5f4dcc3b5aa765d61d8327deb882cf99','../View/uploads/empthumb_manage1-w320_1348874215.jpg','../View/uploads/empmanage1-w320_1348874215.jpg','023452238',28,'','rstu@hotmail.com','','11','11',198,'31/9/1986','6','คันโธสา','จุฬารัตน์','single','087893232','23/7 หมู่บ้านโอเคเฟอเฟ็ก 12','เขตบางกะปิ','คลองจั่น','กรุงเทพมหาคร','10120',1,'EM005',NULL),(17,'emp8','5f4dcc3b5aa765d61d8327deb882cf99','../View/uploads/empthumb_1511137_433575890129932_2950144930921405395_n_571849341.jpg','../View/uploads/emp1511137_433575890129932_2950144930921405395_n_571849341.jpg','021112544',29,'','vwx@hotmail.com','','10','11',198,'31/6/1986','11','สิงห์ทองกล้า','ศรีสุดา','single','084654625','896/45 หมู่บ้าน สุขใจ 20','เขตปทุมวัน','รองเมือง','กรุงเทพมหาคร','10110',1,'EM004',NULL),(18,'emp99','5f4dcc3b5aa765d61d8327deb882cf99','../View/uploads/empthumb_10930522_786265701459324_1310912553955830447_n_1140643425.jpg','../View/uploads/emp10930522_786265701459324_1310912553955830447_n_1140643425.jpg','021554233',30,'','xyz@hotmail.com','','10','11',198,'31/08/1985','8','ชนะภัย','ศิริพร','single','087866453','11/786 หมู่บ้านธารารมณ์','เขตป้อมปราบศัตรูพ่าย','ป้อมปราบ','กรุงเทพมหาคร','10410',1,'EM006',NULL),(19,'chief','5f4dcc3b5aa765d61d8327deb882cf99','../View/uploads/empthumb_dev-320_797895287.jpg','../View/uploads/empdev-320_797895287.jpg','021345233',41,'','abc123@hotmail.com','','8','11',198,'3/18/1974','7','สิงหา','ชาลี','single','084564535','55/88 หมู่บ้านรื่นฤดี 7 ถนนหทัยราษฎร์','เขตพระโขนง','คลองเตย','กรุงเทพมหาคร','10420',1,'EM007',NULL),(21,'emp2','5f4dcc3b5aa765d61d8327deb882cf99','../View/uploads/empthumb_avatar-2_1329337786.png','../View/uploads/empavatar-2_1329337786.png','021112233',30,'','abc@hotmail.com','','10','14',198,'5/26/1985','11','อินทา','สาธิดา','single','084353345','466/178 หมู่บ้านเสริมสุข ถนนรามคำแหง 120','เขตพระนคร','วังบูรพาภิรมย์','กรุงเทพมหาคร','10510',1,'EL001',NULL),(22,'emp3','5f4dcc3b5aa765d61d8327deb882cf99','../View/uploads/empthumb_a4_1337987174.jpg','../View/uploads/empa4_1337987174.jpg','023446234',29,'','def@hotmail.com','','10','14',198,'4/20/1986','10','นวลกุลชร','ธนดล','single','087898788','788/1 หอพักดวงดาว ถนนอุดมสุข 5','เขตดุสิต','ดุสิต','กรุงเทพมหาคร','10520',1,'EL002',NULL),(26,'emp6','5f4dcc3b5aa765d61d8327deb882cf99','../View/uploads/empthumb_sergey-azovskiy_1138190614.jpg','../View/uploads/empsergey-azovskiy_1138190614.jpg','026612237',36,'','opq@hotmail.com','','10','15',198,'29/6/1986','7','แสงนิลสี','นิคม','single','084538286','46/4 หมู่บ้านร่วมใจ สามัคคี 55','เขตบางเขน','ลาดยาว','กรุงเทพมหาคร','10440',1,'EP001',NULL),(27,'emp7','5f4dcc3b5aa765d61d8327deb882cf99','../View/uploads/empthumb_user-6_464183824.jpg','../View/uploads/empuser-6_464183824.jpg','023452238',28,'','rstu@hotmail.com','','10','15',198,'31/9/1986','6','กันตา','อานนท์','single','087893232','23/7 หมู่บ้านโอเคเฟอเฟ็ก 12','เขตบางกะปิ','คลองจั่น','กรุงเทพมหาคร','10120',1,'EP002',NULL),(563,'emp7','81dc9bdb52d04dc20036dbd8313ed055','','','023452238',28,'','rstu@hotmail.com','','120','236',197,'31/9/1986','10/25/2017','กันตา','อานนท์','single','','23/7 หมู่บ้านโอเคเฟอเฟ็ก 12','เขตบางกะปิ','คลองจั่น','กรุงเทพมหาคร','10120',1,'EP002',0),(562,'emp6','5f4dcc3b5aa765d61d8327deb882cf99','../View/uploads/empthumb_sergey-azovskiy_1138190614.jpg','../View/uploads/empsergey-azovskiy_1138190614.jpg','026612237',36,'','opq@hotmail.com','','120','236',197,'29/6/1986','7','แสงนิลสี','นิคม','single','084538286','46/4 หมู่บ้านร่วมใจ สามัคคี 55','เขตบางเขน','ลาดยาว','กรุงเทพมหาคร','10440',1,'EP001',NULL),(561,'emp3','5f4dcc3b5aa765d61d8327deb882cf99','../View/uploads/empthumb_a4_1337987174.jpg','../View/uploads/empa4_1337987174.jpg','023446234',29,'','def@hotmail.com','','120','235',197,'4/20/1986','10','นวลกุลชร','ธนดล','single','087898788','788/1 หอพักดวงดาว ถนนอุดมสุข 5','เขตดุสิต','ดุสิต','กรุงเทพมหาคร','10520',1,'EL002',NULL),(560,'emp2','5f4dcc3b5aa765d61d8327deb882cf99','../View/uploads/empthumb_avatar-2_1329337786.png','../View/uploads/empavatar-2_1329337786.png','021112233',30,'','abc@hotmail.com','','120','235',197,'5/26/1985','11','อินทา','สาธิดา','single','084353345','466/178 หมู่บ้านเสริมสุข ถนนรามคำแหง 120','เขตพระนคร','วังบูรพาภิรมย์','กรุงเทพมหาคร','10510',1,'EL001',NULL),(557,'emp8','5f4dcc3b5aa765d61d8327deb882cf99','../View/uploads/empthumb_1511137_433575890129932_2950144930921405395_n_571849341.jpg','../View/uploads/emp1511137_433575890129932_2950144930921405395_n_571849341.jpg','021112544',29,'','vwx@hotmail.com','','120','234',197,'31/6/1986','11','สิงห์ทองกล้า','ศรีสุดา','single','084654625','896/45 หมู่บ้าน สุขใจ 20','เขตปทุมวัน','รองเมือง','กรุงเทพมหาคร','10110',1,'EM004',NULL),(558,'emp99','5f4dcc3b5aa765d61d8327deb882cf99','../View/uploads/empthumb_10930522_786265701459324_1310912553955830447_n_1140643425.jpg','../View/uploads/emp10930522_786265701459324_1310912553955830447_n_1140643425.jpg','021554233',30,'','xyz@hotmail.com','','120','234',197,'31/08/1985','8','ชนะภัย','ศิริพร','single','087866453','11/786 หมู่บ้านธารารมณ์','เขตป้อมปราบศัตรูพ่าย','ป้อมปราบ','กรุงเทพมหาคร','10410',1,'EM006',NULL),(559,'chief','5f4dcc3b5aa765d61d8327deb882cf99','../View/uploads/empthumb_dev-320_797895287.jpg','../View/uploads/empdev-320_797895287.jpg','021345233',41,'','abc123@hotmail.com','','119','234',197,'3/18/1974','7','สิงหา','ชาลี','single','084564535','55/88 หมู่บ้านรื่นฤดี 7 ถนนหทัยราษฎร์','เขตพระโขนง','คลองเตย','กรุงเทพมหาคร','10420',1,'EM007',NULL),(556,'ceo','5f4dcc3b5aa765d61d8327deb882cf99','../View/uploads/empthumb_manage1-w320_1348874215.jpg','../View/uploads/empmanage1-w320_1348874215.jpg','023452238',28,'','rstu@hotmail.com','','121','234',197,'31/9/1986','6','คันโธสา','จุฬารัตน์','single','087893232','23/7 หมู่บ้านโอเคเฟอเฟ็ก 12','เขตบางกะปิ','คลองจั่น','กรุงเทพมหาคร','10120',1,'EM005',NULL),(555,'emp9','5f4dcc3b5aa765d61d8327deb882cf99','../View/uploads/empthumb_a2_1249255641.jpg','../View/uploads/empa2_1249255641.jpg','021554233',30,'','xyz@hotmail.com','','120','233',197,'31/08/1985','8','เกิดมี','เธียรธาร','single','087866453','11/786 หมู่บ้านธารารมณ์','เขตป้อมปราบศัตรูพ่าย','ป้อมปราบ','กรุงเทพมหาคร','10410',1,'EI002',NULL),(550,'emp3','5f4dcc3b5aa765d61d8327deb882cf99','../View/uploads/empthumb_maketing-w320_960125103.gif','../View/uploads/empmaketing-w320_960125103.gif','026665547',40,'','adb@abc.com','','120','231',197,'1/29/2015','11','สุคนธะ','ไกรสร','single','0801112245','116','','','','',1,'EA001',NULL),(551,'emp3','5f4dcc3b5aa765d61d8327deb882cf99','../View/uploads/empthumb_englishlecturer1-w320_1225329971.jpg','../View/uploads/empenglishlecturer1-w320_1225329971.jpg','023446234',29,'','def@hotmail.com','','120','231',197,'4/20/1986','10','ศิริมงคล','คมศักดิ์','single','087898788','788/1 หอพักดวงดาว ถนนอุดมสุข 5','เขตดุสิต','ดุสิต','กรุงเทพมหาคร','10520',1,'EA002',NULL),(554,'emp8','5f4dcc3b5aa765d61d8327deb882cf99','../View/uploads/empthumb_1_356991657.jpg','../View/uploads/emp1_356991657.jpg','021112544',29,'','vwx@hotmail.com','','120','233',197,'31/6/1986','11','อยู่เจริญ','ปทุมรัตน์','single','084654625','896/45 หมู่บ้าน สุขใจ 20','เขตปทุมวัน','รองเมือง','กรุงเทพมหาคร','10110',1,'EI001',NULL),(553,'emp8','5f4dcc3b5aa765d61d8327deb882cf99','../View/uploads/empthumb_avatar3_225830788.jpg','../View/uploads/empavatar3_225830788.jpg','021112544',29,'','vwx@hotmail.com','','120','232',197,'31/6/1986','11','คงไว้','บูรณา','single','084654625','896/45 หมู่บ้าน สุขใจ 20','เขตปทุมวัน','รองเมือง','กรุงเทพมหาคร','10110',1,'EH002',NULL),(552,'emp7','5f4dcc3b5aa765d61d8327deb882cf99','../View/uploads/empthumb_2_672113391.jpg','../View/uploads/emp2_672113391.jpg','023452238',28,'','rstu@hotmail.com','','120','232',197,'31/9/1986','6','เวชยา','วรเวช','single','087893232','23/7 หมู่บ้านโอเคเฟอเฟ็ก 12','เขตบางกะปิ','คลองจั่น','กรุงเทพมหาคร','10120',1,'EH001',NULL),(619,'emp7','5f4dcc3b5aa765d61d8327deb882cf99','../View/uploads/empthumb_2_672113391.jpg','../View/uploads/emp2_672113391.jpg','023452238',28,'','rstu@hotmail.com','','123','247',199,'31/9/1986','6','เวชยา','วรเวช','single','','23/7 หมู่บ้านโอเคเฟอเฟ็ก 12','เขตบางกะปิ','คลองจั่น','กรุงเทพมหาคร','10120',1,'EH001',0),(618,'emp8','5f4dcc3b5aa765d61d8327deb882cf99','../View/uploads/empthumb_avatar3_225830788.jpg','../View/uploads/empavatar3_225830788.jpg','021112544',29,'','vwx@hotmail.com','','123','238',199,'31/6/1986','11','คงไว้','บูรณา','single','','896/45 หมู่บ้าน สุขใจ 20','เขตปทุมวัน','รองเมือง','กรุงเทพมหาคร','10110',1,'EH002',0),(617,'emp8','5f4dcc3b5aa765d61d8327deb882cf99','../View/uploads/empthumb_1_356991657.jpg','../View/uploads/emp1_356991657.jpg','021112544',29,'','vwx@hotmail.com','','123','237',199,'31/6/1986','11','อยู่เจริญ','ปทุมรัตน์','single','','896/45 หมู่บ้าน สุขใจ 20','เขตปทุมวัน','รองเมือง','กรุงเทพมหาคร','10110',1,'EI001',0),(615,'emp3','5f4dcc3b5aa765d61d8327deb882cf99','../View/uploads/empthumb_maketing-w320_960125103.gif','../View/uploads/empmaketing-w320_960125103.gif','026665547',40,'','adb@abc.com','','123','239',199,'1/29/2015','11','สุคนธะ','ไกรสร','single','','116','','','','',1,'EA001',0),(616,'emp3','5f4dcc3b5aa765d61d8327deb882cf99','','','023446234',29,'','def@hotmail.com','','124','239',199,'4/20/1986','10','ศิริมงคล','คมศักดิ์','single','','788/1 หอพักดวงดาว ถนนอุดมสุข 5','เขตดุสิต','ดุสิต','กรุงเทพมหาคร','10520',1,'EA002',0),(614,'emp9','5f4dcc3b5aa765d61d8327deb882cf99','../View/uploads/empthumb_a2_1249255641.jpg','../View/uploads/empa2_1249255641.jpg','021554233',30,'','xyz@hotmail.com','','123','244',199,'31/08/1985','8','เกิดมี','เธียรธาร','single','','11/786 หมู่บ้านธารารมณ์','เขตป้อมปราบศัตรูพ่าย','ป้อมปราบ','กรุงเทพมหาคร','10410',1,'EI002',0),(613,'ceo','5f4dcc3b5aa765d61d8327deb882cf99','../View/uploads/empthumb_manage1-w320_1348874215.jpg','../View/uploads/empmanage1-w320_1348874215.jpg','023452238',28,'','rstu@hotmail.com','','123','240',199,'31/9/1986','6','คันโธสา','จุฬารัตน์','single','','23/7 หมู่บ้านโอเคเฟอเฟ็ก 12','เขตบางกะปิ','คลองจั่น','กรุงเทพมหาคร','10120',1,'EM005',0),(612,'chief','5f4dcc3b5aa765d61d8327deb882cf99','../View/uploads/empthumb_dev-320_797895287.jpg','../View/uploads/empdev-320_797895287.jpg','021345233',41,'','abc123@hotmail.com','','123','241',199,'3/18/1974','7','สิงหา','ชาลี','single','','55/88 หมู่บ้านรื่นฤดี 7 ถนนหทัยราษฎร์','เขตพระโขนง','คลองเตย','กรุงเทพมหาคร','10420',1,'EM007',0),(611,'emp99','5f4dcc3b5aa765d61d8327deb882cf99','../View/uploads/empthumb_10930522_786265701459324_1310912553955830447_n_1140643425.jpg','../View/uploads/emp10930522_786265701459324_1310912553955830447_n_1140643425.jpg','021554233',30,'','xyz@hotmail.com','','123','246',199,'31/08/1985','8','ชนะภัย','ศิริพร','single','','11/786 หมู่บ้านธารารมณ์','เขตป้อมปราบศัตรูพ่าย','ป้อมปราบ','กรุงเทพมหาคร','10410',1,'EM006',0),(610,'emp8','5f4dcc3b5aa765d61d8327deb882cf99','../View/uploads/empthumb_1511137_433575890129932_2950144930921405395_n_571849341.jpg','../View/uploads/emp1511137_433575890129932_2950144930921405395_n_571849341.jpg','021112544',29,'','vwx@hotmail.com','','123','245',199,'31/6/1986','11','สิงห์ทองกล้า','ศรีสุดา','single','','896/45 หมู่บ้าน สุขใจ 20','เขตปทุมวัน','รองเมือง','กรุงเทพมหาคร','10110',1,'EM004',0),(609,'emp2','5f4dcc3b5aa765d61d8327deb882cf99','../View/uploads/empthumb_avatar-2_1329337786.png','../View/uploads/empavatar-2_1329337786.png','021112233',30,'','abc@hotmail.com','','123','242',199,'5/26/1985','11','อินทา','สาธิดา','single','','466/178 หมู่บ้านเสริมสุข ถนนรามคำแหง 120','เขตพระนคร','วังบูรพาภิรมย์','กรุงเทพมหาคร','10510',1,'EL001',0),(608,'emp3','5f4dcc3b5aa765d61d8327deb882cf99','../View/uploads/empthumb_a4_1337987174.jpg','../View/uploads/empa4_1337987174.jpg','023446234',29,'','def@hotmail.com','','124','244',199,'4/20/1986','10','นวลกุลชร','ธนดล','single','','788/1 หอพักดวงดาว ถนนอุดมสุข 5','เขตดุสิต','ดุสิต','กรุงเทพมหาคร','10520',1,'EL002',0),(607,'emp6','5f4dcc3b5aa765d61d8327deb882cf99','../View/uploads/empthumb_sergey-azovskiy_1138190614.jpg','../View/uploads/empsergey-azovskiy_1138190614.jpg','026612237',36,'','opq@hotmail.com','','124','242',199,'29/6/1986','7','แสงนิลสี','นิคม','single','','46/4 หมู่บ้านร่วมใจ สามัคคี 55','เขตบางเขน','ลาดยาว','กรุงเทพมหาคร','10440',1,'EP001',0),(606,'emp7','5f4dcc3b5aa765d61d8327deb882cf99','../View/uploads/empthumb_user-6_464183824.jpg','../View/uploads/empuser-6_464183824.jpg','023452238',28,'','rstu@hotmail.com','','124','238',199,'31/9/1986','6','กันตา','อานนท์','single','','23/7 หมู่บ้านโอเคเฟอเฟ็ก 12','เขตบางกะปิ','คลองจั่น','กรุงเทพมหาคร','10120',1,'EP002',0);
/*!40000 ALTER TABLE `employee` ENABLE KEYS */;
UNLOCK TABLES;

--
-- Table structure for table `kpi`
--

DROP TABLE IF EXISTS `kpi`;
/*!40101 SET @saved_cs_client     = @@character_set_client */;
/*!40101 SET character_set_client = utf8 */;
CREATE TABLE `kpi` (
  `kpi_id` int(11) NOT NULL AUTO_INCREMENT,
  `kpi_name` varchar(255) DEFAULT NULL,
  `kpi_detail` varchar(255) DEFAULT NULL,
  `admin_id` int(11) DEFAULT NULL,
  `kpi_code` varchar(255) DEFAULT NULL,
  `department_id` int(11) DEFAULT NULL,
  PRIMARY KEY (`kpi_id`)
) ENGINE=MyISAM AUTO_INCREMENT=814 DEFAULT CHARSET=utf8;
/*!40101 SET character_set_client = @saved_cs_client */;

--
-- Dumping data for table `kpi`
--

LOCK TABLES `kpi` WRITE;
/*!40000 ALTER TABLE `kpi` DISABLE KEYS */;
INSERT INTO `kpi` VALUES (33,'บัญชีการเงิน-จำนวนครั้งที่หน่วยตรวจสอบให้แก้ไข(หน่วย:ครั้ง)','จำนวนครั้งที่หน่วยตรวจสอบให้แก้ไข(สำหรับประเมินพนักงานบัญชี)',198,'KPI001',NULL),(34,'บัญชีการเงิน-จำนวนครั้งที่ขาดสภาพคล่อง/กระทบงานอื่นๆ(หน่วย:ชั่วโมง)','จำนวนครั้งที่ขาดสภาพคล่อง/กระทบงานอื่นๆ(สำหรับประเมินพนักงานบัญชี)',198,'KPI002',NULL),(35,'บัญชีการเงิน-% ความพึงพอใจ(ดี)(หน่วย:ร้อยละ)','% ความพึงพอใจ(ดี)(สำหรับประเมินพนักงานบัญชี)',198,'KPI003',NULL),(36,'บัญชีการเงิน-จำนวนครั้งที่ปิดบัญชีไม่ทันกำหนด(หน่วย:ครั้ง)','จำนวนครั้งที่ปิดบัญชีไม่ทันกำหนด(สำหรับประเมินพนักงานบัญชี)',198,'KPI004',NULL),(42,'การตลาด-จำนวนข้อร้องเรียนจากลูกค้า(หน่วย:ครั้ง)','  ( ≤1 ครั้ง)  นับจำนวนข้อร้องเรียนจากลูกค้า  (ความถี่ ทุกเดือน)',198,'KPI005',NULL),(43,'การตลาด-อัตรายอดขายประจำงวดการประเมิน(หน่วย:ล้านบาท)',' อัตรายอดขายประจำงวดการประเมินเทียบกับปีที่แล้ว',198,'KPI006',NULL),(44,'การตลาด-ยอดสั่งซื้อของลูกค้าเฉลี่ยต่อเดือน(หน่วย:ร้อยละ)','ยอดสั่งซื้อของลูกค้าเฉลี่ยต่อเดือน (≥ 80%) ใบสั่งซื้อ (PO), ใบตอบรับการเสนอราคา (ความถี่ ทุกเดือน)',198,'KPI007',NULL),(45,'การตลาด-จำนวนลูกค้าที่ติดต่อเข้ามาเอง(หน่วย:ร้อยละ)',' จำนวนลูกค้าที่ติดต่อเข้ามาเอง (≥ 90% ของลูกค้าทั้งหมด) บันทึก (สมุด/แบบฟอร์มการรับเรื่อง) (ความถี่ ทุกเดือน)',198,'KPI008',NULL),(78,'ไอที-ผู้ปฎิบัติงานทางด้าน ICT ที่มีความรู้ความชำนาญเฉพาะทาง หรือผ่านการทดสอบมาตรฐานวิชาชีพ (หน่วย:ร้อยละ)','ผู้ปฎิบัติงานทางด้าน ICT ที่มีความรู้ความชำนาญเฉพาะทาง หรือผ่านการทดสอบมาตรฐานวิชาชีพ (หน่วย:ร้อยละ)',198,'KPI009',NULL),(766,'ปริมาณของเสียที่เกิดจากการผลิต','ลงลง 5% ของปีที่ผ่านมา',199,'P001',NULL),(764,'โลจิสติกส์-ความสะดวกในการนําเข้าหรือส่งออกสินค้าระหว่างประเทศ(หน่วย:ร้อยละ)','ความสะดวกในการนําเข้าหรือส่งออกสินค้าระหว่างประเทศ ',197,'KPI023',235),(763,'โลจิสติกส์-คุณภาพของสาธารณูปโภคพื้นฐานของการขนส่งและระบบสารสนเทศสําหรับโลจิสตกิส(หน่วย:ร้อยละ)','คุณภาพของสาธารณูปโภคพื้นฐานของการขนส่งและระบบสารสนเทศสําหรับโลจิสตกิส',197,'KPI022',235),(765,'โลจิสติกส์-ความสามารถของอุตสาหกรรมโลจิสติกส์ในประเทศ(หน่วย:ร้อยละ) ','ความสามารถของอุตสาหกรรมโลจิสติกส์ในประเทศ ',197,'KPI024',235),(760,'จัดซื้อ-การติดตามการขอเสนอซื้อ(หน่วย:ครั้ง)','การติดตามการขอเสนอซื้อ(หน่วย:ครั้ง)',197,'KPI019',236),(79,'ไอที-จำนวนครั้งของการเกิด downtime ของระบบ ICT และระยะเวลาในการกู้คืน(หน่วย:ครั้ง)','จำนวนครั้งของการเกิด downtime ของระบบ ICT และระยะเวลาในการกู้คืน',198,'KPI010',NULL),(80,'ไอที-จำนวนครั้งของการถูกบุกรุก และระดับความปลอดภัยที่ยอมรับได้ (หน่วย:ครั้ง)','จำนวนครั้งของการถูกบุกรุก และระดับความปลอดภัยที่ยอมรับได้ (หน่วย:ครั้ง)',198,'KPI011',NULL),(81,'ไอที-จำนวนโครงการ/กิจกรรมที่จัดขึ้น เพื่อพัฒนาความรอบรู้ ICT ของผู้เรียนและผู้ปฏิบัติงาน(หน่วย:โครงการ)','จำนวนโครงการ/กิจกรรมที่จัดขึ้น เพื่อพัฒนาความรอบรู้ ICT (หน่วย:โครงการ)ของผู้เรียนและผู้ปฏิบัติงาน',198,'KPI012',NULL),(82,' บุคคล-อัตราการมาทำงานของพนักงาน  95% ต่อเดือน(หน่วย:คน)','จำนวนพนักงานที่มาทำงานต่อวัน อัตราการไม่มาทำงานต่อวัน เอกสารรายงานผลการดำเนินงานตามวัตถุประสงค์',198,'KPI013',NULL),(83,'บุคคล-อัตราการมาสายลดลง  50 %(หน่วย:ร้อยละ)','รายงานการมาสายของพนักงานจำแนกตามระดับ ตำแหน่งแผนก ',198,'KPI014',NULL),(84,'บุคคล-อัตราการหยุดงาน ไม่เกิน 3 % ต่อเดือน(หน่วย:ร้อยละ)','รายงานอัตราการหยุดงานแต่ละประเภท ',198,'KPI015',NULL),(85,'บุคคล-กิจกรรมเสริมสร้างแรงงานสัมพันธ์ที่ดี(หน่วย:ครั้ง)','กิจกรรมเสริมสร้างแรงงานสัมพันธ์ที่ดี เน้นการทำงานเป็นทีม และมุ่งความสนใจส่วนบุคคล',198,'KPI016',NULL),(86,'จัดซื้อ-การควบคุมราคา/ต้นทุนของวัตถุดิบ(หน่วย:ร้อยละ)','จัดซื้อ-การควบคุมราคา/ต้นทุนของวัตถุดิบ(หน่วย:ร้อยละ)',198,'KPI017',NULL),(87,'จัดซื้อ-การลดราคา/ต้นทุนของวัตถุดิบ(หน่วย:ล้านบาท)','การลดราคา/ต้นทุนของวัตถุดิบ',198,'KPI018',NULL),(88,'จัดซื้อ-การติดตามการขอเสนอซื้อ(หน่วย:ครั้ง)','การติดตามการขอเสนอซื้อ(หน่วย:ครั้ง)',198,'KPI019',NULL),(89,'จัดซื้อ-คุณภาพการบริหารงานจัดซื้อ(หน่วย:ร้อยละ)','คุณภาพการบริหารงานจัดซื้อ(หน่วย:ร้อยละ)',198,'KPI020',NULL),(90,'โลจิสติกส์-ประสิทธิภาพในการดําเนินพิธีการศลุกากรที่ชายแดนของหน่วยงานที่เกี่ยวข้อง(หน่วย:ร้อยละ)','ประสิทธิภาพในการดําเนินพิธีการศลุกากรที่ชายแดนของหน่วยงานที่เกี่ยวข้อง(หน่วย:ร้อยละ)',198,'KPI021',NULL),(91,'โลจิสติกส์-คุณภาพของสาธารณูปโภคพื้นฐานของการขนส่งและระบบสารสนเทศสําหรับโลจิสตกิส(หน่วย:ร้อยละ)','คุณภาพของสาธารณูปโภคพื้นฐานของการขนส่งและระบบสารสนเทศสําหรับโลจิสตกิส',198,'KPI022',NULL),(92,'โลจิสติกส์-ความสะดวกในการนําเข้าหรือส่งออกสินค้าระหว่างประเทศ(หน่วย:ร้อยละ)','ความสะดวกในการนําเข้าหรือส่งออกสินค้าระหว่างประเทศ ',198,'KPI023',NULL),(93,'โลจิสติกส์-ความสามารถของอุตสาหกรรมโลจิสติกส์ในประเทศ(หน่วย:ร้อยละ) ','ความสามารถของอุตสาหกรรมโลจิสติกส์ในประเทศ ',198,'KPI024',NULL),(758,'จัดซื้อ-การควบคุมราคา/ต้นทุนของวัตถุดิบ(หน่วย:ร้อยละ)','จัดซื้อ-การควบคุมราคา/ต้นทุนของวัตถุดิบ(หน่วย:ร้อยละ)',197,'KPI017',236),(762,'โลจิสติกส์-ประสิทธิภาพในการดําเนินพิธีการศลุกากรที่ชายแดนของหน่วยงานที่เกี่ยวข้อง(หน่วย:ร้อยละ)','ประสิทธิภาพในการดําเนินพิธีการศลุกากรที่ชายแดนของหน่วยงานที่เกี่ยวข้อง(หน่วย:ร้อยละ)',197,'KPI021',235),(761,'จัดซื้อ-คุณภาพการบริหารงานจัดซื้อ(หน่วย:ร้อยละ)','คุณภาพการบริหารงานจัดซื้อ(หน่วย:ร้อยละ)',197,'KPI020',236),(759,'จัดซื้อ-การลดราคา/ต้นทุนของวัตถุดิบ(หน่วย:ล้านบาท)','การลดราคา/ต้นทุนของวัตถุดิบ',197,'KPI018',236),(756,'บุคคล-อัตราการหยุดงาน ไม่เกิน 3 % ต่อเดือน(หน่วย:ร้อยละ)','รายงานอัตราการหยุดงานแต่ละประเภท ',197,'KPI015',232),(757,'บุคคล-กิจกรรมเสริมสร้างแรงงานสัมพันธ์ที่ดี(หน่วย:ครั้ง)','กิจกรรมเสริมสร้างแรงงานสัมพันธ์ที่ดี เน้นการทำงานเป็นทีม และมุ่งความสนใจส่วนบุคคล',197,'KPI016',232),(755,'บุคคล-อัตราการมาสายลดลง  50 %(หน่วย:ร้อยละ)','รายงานการมาสายของพนักงานจำแนกตามระดับ ตำแหน่งแผนก ',197,'KPI014',232),(754,' บุคคล-อัตราการมาทำงานของพนักงาน  95% ต่อเดือน(หน่วย:คน)','จำนวนพนักงานที่มาทำงานต่อวัน อัตราการไม่มาทำงานต่อวัน เอกสารรายงานผลการดำเนินงานตามวัตถุประสงค์',197,'KPI013',232),(752,'ไอที-จำนวนครั้งของการถูกบุกรุก และระดับความปลอดภัยที่ยอมรับได้ (หน่วย:ครั้ง)','จำนวนครั้งของการถูกบุกรุก และระดับความปลอดภัยที่ยอมรับได้ (หน่วย:ครั้ง)',197,'KPI011',233),(753,'ไอที-จำนวนโครงการ/กิจกรรมที่จัดขึ้น เพื่อพัฒนาความรอบรู้ ICT ของผู้เรียนและผู้ปฏิบัติงาน(หน่วย:โครงการ)','จำนวนโครงการ/กิจกรรมที่จัดขึ้น เพื่อพัฒนาความรอบรู้ ICT (หน่วย:โครงการ)ของผู้เรียนและผู้ปฏิบัติงาน',197,'KPI012',233),(751,'ไอที-จำนวนครั้งของการเกิด downtime ของระบบ ICT และระยะเวลาในการกู้คืน(หน่วย:ครั้ง)','จำนวนครั้งของการเกิด downtime ของระบบ ICT และระยะเวลาในการกู้คืน',197,'KPI010',233),(750,'ไอที-ผู้ปฎิบัติงานทางด้าน ICT ที่มีความรู้ความชำนาญเฉพาะทาง หรือผ่านการทดสอบมาตรฐานวิชาชีพ (หน่วย:ร้อยละ)','ผู้ปฎิบัติงานทางด้าน ICT ที่มีความรู้ความชำนาญเฉพาะทาง หรือผ่านการทดสอบมาตรฐานวิชาชีพ (หน่วย:ร้อยละ)',197,'KPI009',233),(748,'การตลาด-ยอดสั่งซื้อของลูกค้าเฉลี่ยต่อเดือน(หน่วย:ร้อยละ)','ยอดสั่งซื้อของลูกค้าเฉลี่ยต่อเดือน (≥ 80%) ใบสั่งซื้อ (PO), ใบตอบรับการเสนอราคา (ความถี่ ทุกเดือน)',197,'KPI007',234),(749,'การตลาด-จำนวนลูกค้าที่ติดต่อเข้ามาเอง(หน่วย:ร้อยละ)',' จำนวนลูกค้าที่ติดต่อเข้ามาเอง (≥ 90% ของลูกค้าทั้งหมด) บันทึก (สมุด/แบบฟอร์มการรับเรื่อง) (ความถี่ ทุกเดือน)',197,'KPI008',234),(746,'การตลาด-จำนวนข้อร้องเรียนจากลูกค้า(หน่วย:ครั้ง)','  ( ≤1 ครั้ง)  นับจำนวนข้อร้องเรียนจากลูกค้า  (ความถี่ ทุกเดือน)',197,'KPI005',234),(745,'บัญชีการเงิน-จำนวนครั้งที่ปิดบัญชีไม่ทันกำหนด(หน่วย:ครั้ง)','จำนวนครั้งที่ปิดบัญชีไม่ทันกำหนด(สำหรับประเมินพนักงานบัญชี)',197,'KPI004',231),(747,'การตลาด-อัตรายอดขายประจำงวดการประเมิน(หน่วย:ล้านบาท)',' อัตรายอดขายประจำงวดการประเมินเทียบกับปีที่แล้ว',197,'KPI006',231),(742,'บัญชีการเงิน-จำนวนครั้งที่หน่วยตรวจสอบให้แก้ไข(หน่วย:ครั้ง)','จำนวนครั้งที่หน่วยตรวจสอบให้แก้ไข(สำหรับประเมินพนักงานบัญชี)',197,'KPI001',231),(743,'บัญชีการเงิน-จำนวนครั้งที่ขาดสภาพคล่อง/กระทบงานอื่นๆ(หน่วย:ชั่วโมง)','จำนวนครั้งที่ขาดสภาพคล่อง/กระทบงานอื่นๆ(สำหรับประเมินพนักงานบัญชี)',197,'KPI002',231),(744,'บัญชีการเงิน-% ความพึงพอใจ(ดี)(หน่วย:ร้อยละ)','% ความพึงพอใจ(ดี)(สำหรับประเมินพนักงานบัญชี)',197,'KPI003',231),(767,'ผลผลิต(productivity)','เพิ่มขึ้น 5% ของปีที่ผ่านมา',199,'P002',242),(768,' จํานวนครั้งที่ผลิตไม่ทันตามแผน','น้อยกว่า 5% ของจํานวนครั้งที่ผลิตทั้งหมด',199,'P003',242),(769,'ต้นทุนการผลิต','ลดลง 3% เมื่อเทียบกับปีที่ผ่านมา',199,'P004',242),(770,'การ Rework งานเสีย','น้อยกว่า 3% ของยอดการ ผลิตทั้งหมด',199,'P005',242),(771,'จํานวนสิ่งที่ไเป็นไปตามข้อกําหนด','ไม่เกิน 3% ของจํานวนที่ผลิต',199,'QC001',247),(772,'แก้ไขสาเหตุที่ทําเกิดสิ่งที่ไม่เป็นไม่ตามข้อกําหนด','ได้อย่างน้อย 5 สาเหตุต่อปี',199,'QC002',247),(773,'ความผิดพลาดที่พบจากการ Re-check','ผลการตรวจซ้ําต้องมีผล ความผิดพลาดเป็น ศูนย์',199,'QC003',247),(774,'จํานวน customer complaint ที่เกิดจากสินค้าตก Spec. ลดลงจากปีที่ผ่านมา','ลดลง 50% เมื่อเทียบกับปีที่ผ่านมา',199,'QC004',247),(775,'ฝีมือในการต่อรองราคา สามารถประหยัดเงินให้องค์กรได้','ประหยัดได้ 10% โดยที่ คุณภาพเท่าเดิมรวดเร็ว, มาตรฐานเหมือนเดิมหรือดีขึ้น',199,'PO001',241),(776,'สามารถสั่งซื้อวัตถุดิบได้ตรง ตาม Spec. ที่แต่ละฝ่ายต้องการ','มากกว่า 95% ของจํานวน รายการวัตถุดิบที่สั่งซื้อทั้งหมด',199,'PO002',241),(777,'เพิ่มจํานวน vendor เกรด A ให้ได้','70% ของ vendor ทั้งหมด',199,'PO003',241),(778,'กรณีเร่งด่วนจัดซื้อได้ทันตามกําหนดเวลาที่ตกลงกับ ผู้ต้องการสั่งซื้อ','90% ของความต้องการ สั่งซื้อทั้งหมด',199,'PO004',241),(779,'ความถูกต้องของบัญชีสินค้าคงคลัง','ถูกต้อง 100%',199,'WH001',244),(780,'จํานวนรายการวัตถุดิบที่มียอดตรงกับ Stock card','ไม่น้อยกว่า 98% ของรายการวัตถุดิบทั้งหมด',199,'WH002',244),(781,'ความสูญเสียของสินค้าเนื่องมาจากการจัดเก็บสินค้าในคลัง','สูญเสีย 0%',199,'WH003',244),(782,'การเก็บรักษาวัตถุดิบหลัก ให้มีปริมาณเหมาะสมตาม Min-Max ที่ตั้งไว้','รายการวัตถุดิบหลักทั้งหมดไม่น้อยกว่า 95% ของ',199,'WH004',244),(783,'จํานวนครั้งที่จ่ายวัตถุดิบผิด','น้อยกว่า 3% ของจํานวนครั้งที่จ่ายทั้งหมด',199,'WH005',244),(784,'ความแม่นยําในการประมารการแนวโน้มทางการตลาด ล่วงหน้า 3 เดือน','ตลาดเคลื่อนไม่เกิน 5% ของมูลค่าจริง',199,'MK001',240),(785,'คุณภาพในการจัดโปรโมชั่นที่ทําให้ยอดขายเพิ่มขึ้น','น้อยกว่า 30% ของงบโปรโมชั่น',199,'MK002',240),(786,'ยอดซื้อรวมาของลูกค้ารายใหม่','มากกว่า 30% ของยอดซื้อทั้งหมด',199,'MK003',240),(787,'เปิดตลาดใหม่ กลุ่มลูกค้าใหม่ได้','10% ของยอดขาย',199,'MK004',240),(788,'ความพึงพอใจของลูกค้า','ได้ไม่ต่ำกว่า 90% ในทุกหัวข้อการประเมินและต้องชนะคู่แข่งในทุกหัวข้อ',199,'S001',239),(789,'เป็นตัวเลือกอันดับแรกของลูกค้า','มากกว่า 90% ของลูกค้าทั้งหมด',199,'S002',239),(790,'1','แผนกจัดการ',197,'1',NULL),(791,'444444','444444',197,'4444444',NULL),(792,'3333','333333',197,'3333',233),(795,'ขยายมาตรฐานลูกค้าใหม่','มากกว่า 20% ของจํานวนลูกค้าทั้งหมด',199,'S003',239),(796,'การรักษาลูกค้าเก่า','มากกว่า 20% ของจํานวนลูกค้าทั้งหมด',199,'S004',239),(797,'ยอดขายรวมเมื่อเทียบกับปีที่ผ่านมา','มากกว่า 90% ของยอดเงิน',199,'S005',239),(798,'อัตราในการส่งคืนสินค้าจากลูกค้า','ไม่เกิน 10%',199,'TP001',245),(799,'การจัดส่งทันเวลา','มากกว่า 95% ของจํานวนครั้งที่ส่งทั้งหมด',199,'TP002',245),(800,'ความถูกต้องของบิล','มากกว่า 98% ของจํานวนบิลทั้งหมด',199,'ACC001',237),(801,'จํานวนของการส่งบิลไม่ทันเวลา','น้อยกว่า 3% ของจํานวนบิลทั้งหมด',199,'ACC002',237),(802,'ภาระหนี้ค้างชําระ','ไม่เกิน 80% ของยอดขาย',199,'ACC003',237),(803,'อัตราส่วนของหนี้เสีย','ไม่เกิน 5% ของยอดขายทั้งหมด',199,'ACC004',237),(804,'จํานวนรายการบัญชีที่มีการแก้ไข หลังปิดบัญชี','ไม่เกิน 3% ของรายการบัญชีทั้งหมด',199,'ACC005',237),(805,'ความสามารถในการรับสมัครพนักงานเพื่อคัดเลือกเข้ามาเป็นพนักงานใหม่ให้ได้ทันเวลา','มากกว่า 80% ของตําแหน่งว่างทั้งหมด',199,'HR001',246),(806,'การฝึกอบรมเพื่อพัฒนาบุคลากร','มากกว่า 95% ของจํานวนบุคลากรทั้งหมด',199,'HR002',246),(807,'อัตราในการขาดงานของพนักงาน','น้อยกว่า 5% ของวันทํางานทั้งหมด / คน / ปี',199,'HR003',246),(808,'อัตราการทํางานล่วงเวลา','มากกว่า 5% ของเวลาทํางานทั้งหมด',199,'HR004',246),(809,'อัตราส่วนของพนักงานที่ผ่านการทดสอบความรู้','ไม่น้อยกว่า 98% ของพนักงานที่อบรมทั้งหมด',199,'HR005',246),(810,'ยอดขาย','มากกว่า 5% สินทรัพย์รวม',199,'FD001',238),(811,'กําไร','มากกว่า 60% ของยอดขาย',199,'FD002',238),(812,'จํานวนเงินปันผล','มากกว่า 10% ของกําไร',199,'FD003',238),(813,'ยอดหนี้เสีย','น้อยกว่า 5% ของยอดขาย',199,'FD004',238);
/*!40000 ALTER TABLE `kpi` ENABLE KEYS */;
UNLOCK TABLES;

--
-- Table structure for table `kpi_result`
--

DROP TABLE IF EXISTS `kpi_result`;
/*!40101 SET @saved_cs_client     = @@character_set_client */;
/*!40101 SET character_set_client = utf8 */;
CREATE TABLE `kpi_result` (
  `kpi_year` varchar(255) NOT NULL,
  `appraisal_period_id` varchar(11) NOT NULL,
  `department_id` varchar(11) NOT NULL,
  `division_id` varchar(11) NOT NULL,
  `position_id` varchar(11) NOT NULL,
  `emp_id` varchar(11) NOT NULL,
  `adjust_percentage` double DEFAULT NULL,
  `adjust_reason` text,
  `confirm_flag` varchar(255) DEFAULT NULL,
  `approve_flag` varchar(255) DEFAULT NULL,
  `score_sum_percentage` double(11,2) DEFAULT NULL,
  `score_final_percentage` double(11,2) DEFAULT NULL,
  `admin_id` int(11) DEFAULT NULL,
  PRIMARY KEY (`kpi_year`,`appraisal_period_id`,`department_id`,`division_id`,`position_id`,`emp_id`)
) ENGINE=MyISAM DEFAULT CHARSET=utf8;
/*!40101 SET character_set_client = @saved_cs_client */;

--
-- Dumping data for table `kpi_result`
--

LOCK TABLES `kpi_result` WRITE;
/*!40000 ALTER TABLE `kpi_result` DISABLE KEYS */;
INSERT INTO `kpi_result` VALUES ('2015','22','11','','10','17',0,'','Y','N',75.00,75.00,198),('2015','22','11','','10','18',0,'','Y','Y',75.00,75.00,198),('2015','24','11','','10','17',0,'','Y','Y',75.00,75.00,198),('2015','24','11','','10','18',0,'','Y','Y',70.00,70.00,198),('2015','25','11','','10','17',0,'','Y','Y',70.00,70.00,198),('2015','25','11','','10','18',0,'','Y','Y',50.00,50.00,198),('2015','26','11','','10','17',0,'','Y','Y',75.00,75.00,198),('2015','26','11','','10','18',0,'','Y','Y',75.00,75.00,198),('2015','22','12','','10','11',0,'','Y','Y',80.00,80.00,198),('2015','22','12','','10','12',0,'','Y','Y',75.00,75.00,198),('2015','24','12','','10','11',0,'','Y','Y',60.00,60.00,198),('2015','24','12','','10','12',0,'','Y','Y',80.00,80.00,198),('2015','25','12','','10','11',0,'','Y','Y',75.00,75.00,198),('2015','25','12','','10','12',0,'','Y','Y',70.00,70.00,198),('2015','26','12','','10','11',0,'','Y','Y',50.00,50.00,198),('2015','26','12','','10','12',0,'','Y','Y',65.00,65.00,198),('2015','22','13','','10','6',0,'','Y','Y',60.00,60.00,198),('2015','22','13','','10','7',0,'','Y','Y',80.00,80.00,198),('2015','24','13','','10','6',0,'','Y','Y',65.00,65.00,198),('2015','24','13','','10','7',0,'','Y','Y',80.00,80.00,198),('2015','25','13','','10','6',0,'','Y','Y',100.00,100.00,198),('2015','25','13','','10','7',0,'','Y','Y',85.00,85.00,198),('2015','26','13','','10','6',0,'','Y','Y',75.00,75.00,198),('2015','26','13','','10','7',0,'','Y','Y',95.00,95.00,198),('2015','22','14','','10','21',0,'','Y','Y',80.00,80.00,198),('2015','22','14','','10','22',0,'','Y','Y',60.00,60.00,198),('2015','24','14','','10','21',0,'','Y','Y',65.00,65.00,198),('2015','24','14','','10','22',0,'','Y','Y',85.00,85.00,198),('2015','25','14','','10','21',0,'','Y','Y',40.00,40.00,198),('2015','25','14','','10','22',0,'','Y','Y',65.00,65.00,198),('2015','26','14','','10','21',0,'','Y','Y',70.00,70.00,198),('2015','26','14','','10','22',0,'','Y','Y',80.00,80.00,198),('2015','22','15','','10','26',0,'','Y','Y',70.00,70.00,198),('2015','22','15','','10','27',0,'','Y','Y',75.00,75.00,198),('2015','24','15','','10','26',0,'','Y','Y',65.00,65.00,198),('2015','24','15','','10','27',0,'','Y','Y',65.00,65.00,198),('2015','25','15','','10','26',0,'','Y','Y',60.00,60.00,198),('2015','25','15','','10','27',0,'','Y','Y',55.00,55.00,198),('2015','26','15','','10','26',0,'','Y','Y',80.00,80.00,198),('2015','26','15','','10','27',0,'','Y','Y',65.00,65.00,198),('2015','22','9','','10','1',0,'','Y','Y',85.00,85.00,198),('2015','22','9','','10','2',0,'','Y','Y',85.00,85.00,198),('2015','24','9','','10','1',0,'','Y','Y',55.00,55.00,198),('2015','24','9','','10','2',0,'','Y','Y',65.00,65.00,198),('2015','25','9','','10','1',0,'','Y','Y',65.00,65.00,198),('2015','25','9','','10','2',0,'','Y','Y',50.00,50.00,198),('2015','26','9','','10','1',0,'','Y','Y',75.00,75.00,198),('2015','26','9','','10','2',0,'','Y','Y',80.00,80.00,198),('2015','813','231','','120','551',0,'','Y','Y',80.00,80.00,197),('2015','813','231','','120','550',0,'','Y','Y',75.00,75.00,197),('2015','812','231','','120','551',0,'','Y','Y',50.00,50.00,197),('2015','812','231','','120','550',0,'','Y','Y',65.00,65.00,197),('2015','811','231','','120','551',0,'','Y','Y',65.00,65.00,197),('2015','811','231','','120','550',0,'','Y','Y',55.00,55.00,197),('2015','809','231','','120','551',0,'','Y','Y',85.00,85.00,197),('2015','809','231','','120','550',0,'','Y','N',85.00,85.00,197),('2015','813','236','','120','563',0,'','Y','Y',65.00,65.00,197),('2015','813','236','','120','562',0,'','Y','Y',80.00,80.00,197),('2015','812','236','','120','563',0,'','Y','Y',55.00,55.00,197),('2015','812','236','','120','562',0,'','Y','Y',60.00,60.00,197),('2015','811','236','','120','563',0,'','Y','Y',65.00,65.00,197),('2015','811','236','','120','562',0,'','Y','Y',65.00,65.00,197),('2015','809','236','','120','563',0,'','Y','N',75.00,75.00,197),('2015','809','236','','120','562',0,'','Y','N',70.00,70.00,197),('2015','813','235','','120','561',0,'','Y','Y',80.00,80.00,197),('2015','813','235','','120','560',0,'','Y','Y',70.00,70.00,197),('2015','812','235','','120','561',0,'','Y','Y',65.00,65.00,197),('2015','812','235','','120','560',0,'','Y','Y',40.00,40.00,197),('2015','811','235','','120','561',0,'','Y','Y',85.00,85.00,197),('2015','811','235','','120','560',0,'','Y','Y',65.00,65.00,197),('2015','809','235','','120','561',0,'','Y','N',60.00,60.00,197),('2015','809','235','','120','560',0,'','Y','Y',80.00,80.00,197),('2015','813','232','','120','553',0,'','Y','Y',95.00,95.00,197),('2015','813','232','','120','552',0,'','Y','Y',75.00,75.00,197),('2015','812','232','','120','553',0,'','Y','Y',85.00,85.00,197),('2015','812','232','','120','552',0,'','Y','Y',100.00,100.00,197),('2015','811','232','','120','553',0,'','Y','Y',80.00,80.00,197),('2015','811','232','','120','552',0,'','Y','Y',65.00,65.00,197),('2015','809','232','','120','553',0,'','Y','Y',80.00,80.00,197),('2015','809','232','','120','552',0,'','Y','Y',60.00,60.00,197),('2015','813','233','','120','555',0,'','Y','Y',65.00,65.00,197),('2015','813','233','','120','554',0,'','Y','Y',50.00,50.00,197),('2015','812','233','','120','555',0,'','Y','Y',70.00,70.00,197),('2015','812','233','','120','554',0,'','Y','Y',75.00,75.00,197),('2015','811','233','','120','555',0,'','Y','Y',80.00,80.00,197),('2015','811','233','','120','554',0,'','Y','Y',60.00,60.00,197),('2015','809','233','','120','555',0,'','Y','Y',75.00,75.00,197),('2015','809','233','','120','554',0,'','Y','Y',80.00,80.00,197),('2015','813','234','','120','558',0,'','Y','Y',75.00,75.00,197),('2015','813','234','','120','557',0,'','Y','Y',75.00,75.00,197),('2015','812','234','','120','558',0,'','Y','Y',50.00,50.00,197),('2015','812','234','','120','557',0,'','Y','Y',70.00,70.00,197),('2015','811','234','','120','558',0,'','Y','Y',70.00,70.00,197),('2015','811','234','','120','557',0,'','Y','Y',75.00,75.00,197),('2015','809','234','','120','558',0,'','Y','Y',75.00,75.00,197),('2015','809','234','','120','557',0,'','Y','Y',75.00,75.00,197);
/*!40000 ALTER TABLE `kpi_result` ENABLE KEYS */;
UNLOCK TABLES;

--
-- Table structure for table `package`
--

DROP TABLE IF EXISTS `package`;
/*!40101 SET @saved_cs_client     = @@character_set_client */;
/*!40101 SET character_set_client = utf8 */;
CREATE TABLE `package` (
  `id` int(11) NOT NULL AUTO_INCREMENT,
  `name` varchar(45) DEFAULT NULL,
  `user_amount` int(11) DEFAULT NULL,
  `price_per_month` int(11) DEFAULT NULL,
  `price_per_year` int(11) DEFAULT NULL,
  `appraisal_amount` int(11) DEFAULT NULL,
  `previous_amount` int(11) DEFAULT NULL,
  PRIMARY KEY (`id`)
) ENGINE=InnoDB AUTO_INCREMENT=8 DEFAULT CHARSET=utf8;
/*!40101 SET character_set_client = @saved_cs_client */;

--
-- Dumping data for table `package`
--

LOCK TABLES `package` WRITE;
/*!40000 ALTER TABLE `package` DISABLE KEYS */;
INSERT INTO `package` VALUES (1,'package A',5,200,2000,4,0),(2,'package B',10,300,3000,4,0),(3,'package C',15,450,4500,4,0),(4,'package D',30,900,9000,6,0),(5,'package E',50,1500,15000,12,1),(6,'package F',80,2400,24000,24,1),(7,'package G',9999999,59000,59000,9999,9999);
/*!40000 ALTER TABLE `package` ENABLE KEYS */;
UNLOCK TABLES;

--
-- Table structure for table `position_emp`
--

DROP TABLE IF EXISTS `position_emp`;
/*!40101 SET @saved_cs_client     = @@character_set_client */;
/*!40101 SET character_set_client = utf8 */;
CREATE TABLE `position_emp` (
  `position_id` int(11) NOT NULL AUTO_INCREMENT,
  `position_name` varchar(255) DEFAULT NULL,
  `role_id` int(11) DEFAULT NULL,
  `admin_id` int(11) DEFAULT NULL,
  PRIMARY KEY (`position_id`)
) ENGINE=MyISAM AUTO_INCREMENT=125 DEFAULT CHARSET=utf8;
/*!40101 SET character_set_client = @saved_cs_client */;

--
-- Dumping data for table `position_emp`
--

LOCK TABLES `position_emp` WRITE;
/*!40000 ALTER TABLE `position_emp` DISABLE KEYS */;
INSERT INTO `position_emp` VALUES (121,'ผู้บริหาร',1,197),(8,'หัวหน้างาน',2,198),(10,'พนักงานทั่วไป',3,198),(11,'ผู้บริหาร',1,198),(120,'พนักงานทั่วไป',3,197),(119,'หัวหน้างาน',2,197),(122,'ผู้บริหาร',1,199),(123,'หัวหน้าฝ่าย',2,199),(124,'พนักงานทั่วไป',3,199);
/*!40000 ALTER TABLE `position_emp` ENABLE KEYS */;
UNLOCK TABLES;

--
-- Table structure for table `role`
--

DROP TABLE IF EXISTS `role`;
/*!40101 SET @saved_cs_client     = @@character_set_client */;
/*!40101 SET character_set_client = utf8 */;
CREATE TABLE `role` (
  `role_id` int(11) NOT NULL,
  `role_name` varchar(255) DEFAULT NULL,
  PRIMARY KEY (`role_id`)
) ENGINE=MyISAM DEFAULT CHARSET=utf8;
/*!40101 SET character_set_client = @saved_cs_client */;

--
-- Dumping data for table `role`
--

LOCK TABLES `role` WRITE;
/*!40000 ALTER TABLE `role` DISABLE KEYS */;
INSERT INTO `role` VALUES (1,'Level1'),(2,'Level2'),(3,'Level3');
/*!40000 ALTER TABLE `role` ENABLE KEYS */;
UNLOCK TABLES;

--
-- Table structure for table `threshold`
--

DROP TABLE IF EXISTS `threshold`;
/*!40101 SET @saved_cs_client     = @@character_set_client */;
/*!40101 SET character_set_client = utf8 */;
CREATE TABLE `threshold` (
  `threshold_id` int(11) NOT NULL AUTO_INCREMENT,
  `threshold_name` varchar(255) DEFAULT NULL,
  `threshold_begin` varchar(255) DEFAULT NULL,
  `threshold_end` varchar(255) DEFAULT NULL,
  `threshold_color` varchar(255) DEFAULT NULL,
  `admin_id` int(11) DEFAULT NULL,
  PRIMARY KEY (`threshold_id`)
) ENGINE=MyISAM AUTO_INCREMENT=138 DEFAULT CHARSET=utf8;
/*!40101 SET character_set_client = @saved_cs_client */;

--
-- Dumping data for table `threshold`
--

LOCK TABLES `threshold` WRITE;
/*!40000 ALTER TABLE `threshold` DISABLE KEYS */;
INSERT INTO `threshold` VALUES (132,'ดี','76','100','27b02e',197),(131,'พอใจ','41','75','ffad14',197),(103,'ไม่น่าพอใจ','0','40','fc0a36',198),(104,'พอใจ','41','75','ffad14',198),(130,'ไม่น่าพอใจ','0','40','fc0a36',197),(105,'ดี','76','100','27b02e',198),(133,'D','0','19','f50a48',199),(134,'C','20','39','f28518',199),(135,'B','40','69','cafa46',199),(136,'A','70','89','298210',199),(137,'A+','80','100','171aa6',199);
/*!40000 ALTER TABLE `threshold` ENABLE KEYS */;
UNLOCK TABLES;
/*!40103 SET TIME_ZONE=@OLD_TIME_ZONE */;

/*!40101 SET SQL_MODE=@OLD_SQL_MODE */;
/*!40014 SET FOREIGN_KEY_CHECKS=@OLD_FOREIGN_KEY_CHECKS */;
/*!40014 SET UNIQUE_CHECKS=@OLD_UNIQUE_CHECKS */;
/*!40101 SET CHARACTER_SET_CLIENT=@OLD_CHARACTER_SET_CLIENT */;
/*!40101 SET CHARACTER_SET_RESULTS=@OLD_CHARACTER_SET_RESULTS */;
/*!40101 SET COLLATION_CONNECTION=@OLD_COLLATION_CONNECTION */;
/*!40111 SET SQL_NOTES=@OLD_SQL_NOTES */;

-- Dump completed on 2017-11-23  9:09:14
