/*
Navicat MySQL Data Transfer

Source Server         : localhost
Source Server Version : 60004
Source Host           : localhost:3306
Source Database       : person_kpi

Target Server Type    : MYSQL
Target Server Version : 60004
File Encoding         : 65001

Date: 2017-08-10 21:37:48
*/

SET FOREIGN_KEY_CHECKS=0;
-- ----------------------------
-- Table structure for `admin`
-- ----------------------------
DROP TABLE IF EXISTS `admin`;
CREATE TABLE `admin` (
  `admin_id` int(11) NOT NULL AUTO_INCREMENT,
  `admin_name` varchar(255) NOT NULL,
  `admin_surname` varchar(255) NOT NULL,
  `admin_username` varchar(255) NOT NULL,
  `admin_password` varchar(255) NOT NULL,
  `admin_status` varchar(255) NOT NULL,
  `admin_email` varchar(100) DEFAULT NULL,
  `admin_website` varchar(100) DEFAULT NULL,
  `admin_send_email` varchar(100) DEFAULT NULL,
  `admin_address` text NOT NULL,
  `admin_tel` varchar(255) NOT NULL,
  `admin_age` varchar(11) NOT NULL,
  PRIMARY KEY (`admin_id`)
) ENGINE=InnoDB AUTO_INCREMENT=199 DEFAULT CHARSET=utf8mb3;

-- ----------------------------
-- Records of admin
-- ----------------------------
INSERT INTO `admin` VALUES ('1', 'admin', 'admin', 'localhost:9998', 'password', '3', 'nn.it@hotmail.com', 'www.nn-webready.com', '', '', '', '');
INSERT INTO `admin` VALUES ('197', 'Demo.Test', 'Demo', 'demo_test', 'password', '1', 'nn.it@hotmail.com', 'www.dashboardweb.com', '', '', '0809926565', '29');
INSERT INTO `admin` VALUES ('198', 'Demo.V1', 'Demo', 'demo_admin', 'password', '1', 'nn.it@hotmail.com', 'www.dashboardweb.com', '', '', '0809926565', '29');

-- ----------------------------
-- Table structure for `appraisal_period`
-- ----------------------------
DROP TABLE IF EXISTS `appraisal_period`;
CREATE TABLE `appraisal_period` (
  `appraisal_period_id` int(11) NOT NULL AUTO_INCREMENT,
  `appraisal_period_year` varchar(255) DEFAULT NULL,
  `appraisal_period_desc` varchar(255) DEFAULT NULL,
  `appraisal_period_start` varchar(255) DEFAULT NULL,
  `appraisal_period_end` varchar(255) DEFAULT NULL,
  `appraisal_period_target_percentage` double(11,0) DEFAULT NULL,
  `admin_id` int(11) DEFAULT NULL,
  PRIMARY KEY (`appraisal_period_id`)
) ENGINE=MyISAM AUTO_INCREMENT=753 DEFAULT CHARSET=utf8mb3;

-- ----------------------------
-- Records of appraisal_period
-- ----------------------------
INSERT INTO `appraisal_period` VALUES ('752', '2016', 'ครั้งที่4', '2/5/2015', '2/27/2015', '81', '197');
INSERT INTO `appraisal_period` VALUES ('751', '2016', 'ครั้งที่3', '1/20/2015', '2/14/2015', '80', '197');
INSERT INTO `appraisal_period` VALUES ('750', '2016', 'ครั้งที่2', '1/5/2015', '2/21/2015', '88', '197');
INSERT INTO `appraisal_period` VALUES ('749', '2016', 'ครั้งที่1', '1/26/2015', '2/20/2015', '80', '197');
INSERT INTO `appraisal_period` VALUES ('11', '2012', 'ประเมินครั้งที่1', '01/01/2015', '01/31/2015', '91', '198');
INSERT INTO `appraisal_period` VALUES ('13', '2012', 'ประเมินครั้งที่2', '01/01/2015', '01/16/2015', '78', '198');
INSERT INTO `appraisal_period` VALUES ('14', '2013', 'ประเมินครั้งที่1', '01/01/2015', '01/29/2015', '80', '198');
INSERT INTO `appraisal_period` VALUES ('15', '2013', 'ประเมินครั้งที่2', '01/28/2015', '01/31/2015', '81', '198');
INSERT INTO `appraisal_period` VALUES ('16', '2012', 'ประเมินครั้งที่3', '01/01/2015', '01/30/2015', '75', '198');
INSERT INTO `appraisal_period` VALUES ('17', '2012', 'ประเมินครั้งที่4', '01/01/2015', '01/30/2015', '81', '198');
INSERT INTO `appraisal_period` VALUES ('18', '2013', 'ประเมินครั้งที่3', '01/01/2015', '01/29/2015', '76', '198');
INSERT INTO `appraisal_period` VALUES ('20', '2013', 'ประเมินครั้งที่4', '01/01/2015', '01/28/2015', '80', '198');
INSERT INTO `appraisal_period` VALUES ('22', '2015', 'ครั้งที่1', '1/1/2015', '4/30/2015', '75', '198');
INSERT INTO `appraisal_period` VALUES ('23', '2012', 'ครั้งที่2', '5/1/2015', '8/1/2015', '80', '198');
INSERT INTO `appraisal_period` VALUES ('24', '2015', 'ครั้งที่2', '5/1/2015', '8/1/2015', '80', '198');
INSERT INTO `appraisal_period` VALUES ('25', '2015', 'ครั้งที่3', '9/1/2015', '10/1/2015', '80', '198');
INSERT INTO `appraisal_period` VALUES ('26', '2015', 'ครั้งที่4', '10/1/2015', '12/1/2015', '80', '198');
INSERT INTO `appraisal_period` VALUES ('31', '2014', 'ครั้งที่1', '2/4/2015', '2/25/2015', '80', '198');
INSERT INTO `appraisal_period` VALUES ('32', '2014', 'ครั้งที่2', '2/17/2015', '2/19/2015', '80', '198');
INSERT INTO `appraisal_period` VALUES ('33', '2014', 'ครั้งที่3', '2/2/2015', '2/19/2015', '81', '198');
INSERT INTO `appraisal_period` VALUES ('34', '2014', 'ครั้งที่4', '2/2/2015', '2/28/2015', '85', '198');
INSERT INTO `appraisal_period` VALUES ('35', '2016', 'ครั้งที่1', '1/26/2015', '2/20/2015', '80', '198');
INSERT INTO `appraisal_period` VALUES ('36', '2016', 'ครั้งที่2', '1/5/2015', '2/21/2015', '88', '198');
INSERT INTO `appraisal_period` VALUES ('37', '2016', 'ครั้งที่3', '1/20/2015', '2/14/2015', '80', '198');
INSERT INTO `appraisal_period` VALUES ('38', '2016', 'ครั้งที่4', '2/5/2015', '2/27/2015', '81', '198');
INSERT INTO `appraisal_period` VALUES ('748', '2014', 'ครั้งที่4', '2/2/2015', '2/28/2015', '85', '197');
INSERT INTO `appraisal_period` VALUES ('747', '2014', 'ครั้งที่3', '2/2/2015', '2/19/2015', '81', '197');
INSERT INTO `appraisal_period` VALUES ('746', '2014', 'ครั้งที่2', '2/17/2015', '2/19/2015', '80', '197');
INSERT INTO `appraisal_period` VALUES ('745', '2014', 'ครั้งที่1', '2/4/2015', '2/25/2015', '80', '197');
INSERT INTO `appraisal_period` VALUES ('744', '2015', 'ครั้งที่4', '10/1/2015', '12/1/2015', '80', '197');
INSERT INTO `appraisal_period` VALUES ('743', '2015', 'ครั้งที่3', '9/1/2015', '10/1/2015', '80', '197');
INSERT INTO `appraisal_period` VALUES ('742', '2015', 'ครั้งที่2', '5/1/2015', '8/1/2015', '80', '197');
INSERT INTO `appraisal_period` VALUES ('741', '2012', 'ครั้งที่2', '5/1/2015', '8/1/2015', '80', '197');
INSERT INTO `appraisal_period` VALUES ('739', '2013', 'ประเมินครั้งที่4', '01/01/2015', '01/28/2015', '80', '197');
INSERT INTO `appraisal_period` VALUES ('740', '2015', 'ครั้งที่1', '1/1/2015', '4/30/2015', '75', '197');
INSERT INTO `appraisal_period` VALUES ('738', '2013', 'ประเมินครั้งที่3', '01/01/2015', '01/29/2015', '76', '197');
INSERT INTO `appraisal_period` VALUES ('737', '2012', 'ประเมินครั้งที่4', '01/01/2015', '01/30/2015', '81', '197');
INSERT INTO `appraisal_period` VALUES ('736', '2012', 'ประเมินครั้งที่3', '01/01/2015', '01/30/2015', '75', '197');
INSERT INTO `appraisal_period` VALUES ('735', '2013', 'ประเมินครั้งที่2', '01/28/2015', '01/31/2015', '81', '197');
INSERT INTO `appraisal_period` VALUES ('734', '2013', 'ประเมินครั้งที่1', '01/01/2015', '01/29/2015', '80', '197');
INSERT INTO `appraisal_period` VALUES ('733', '2012', 'ประเมินครั้งที่2', '01/01/2015', '01/16/2015', '78', '197');
INSERT INTO `appraisal_period` VALUES ('732', '2012', 'ประเมินครั้งที่1', '01/01/2015', '01/31/2015', '91', '197');

-- ----------------------------
-- Table structure for `assign_kpi`
-- ----------------------------
DROP TABLE IF EXISTS `assign_kpi`;
CREATE TABLE `assign_kpi` (
  `assign_kpi_id` int(11) NOT NULL AUTO_INCREMENT,
  `assign_kpi_year` varchar(255) DEFAULT NULL,
  `appraisal_period_id` varchar(11) DEFAULT NULL,
  `kpi_id` varchar(11) DEFAULT NULL,
  `department_id` varchar(11) DEFAULT NULL,
  `division_id` varchar(11) DEFAULT NULL,
  `position_id` varchar(11) DEFAULT NULL,
  `emp_id` varchar(11) DEFAULT NULL,
  `kpi_weight` double DEFAULT NULL,
  `kpi_type_actual` varchar(255) DEFAULT NULL,
  `kpi_actual_query` varchar(255) DEFAULT NULL,
  `kpi_actual_manual` varchar(255) DEFAULT NULL,
  `target_data` varchar(255) DEFAULT NULL,
  `target_score` varchar(255) DEFAULT NULL,
  `total_kpi_actual_score` int(11) DEFAULT NULL,
  `kpi_actual_score` double DEFAULT NULL,
  `performance` double DEFAULT NULL,
  `admin_id` int(11) DEFAULT NULL,
  PRIMARY KEY (`assign_kpi_id`)
) ENGINE=MyISAM AUTO_INCREMENT=5062 DEFAULT CHARSET=utf8mb3;

-- ----------------------------
-- Records of assign_kpi
-- ----------------------------
INSERT INTO `assign_kpi` VALUES ('182', '2015', '22', '35', '9', null, '10', '1', '25', '0', '', '70', '100.00', '5.00', '2000', '4', '80', '198');
INSERT INTO `assign_kpi` VALUES ('183', '2015', '22', '36', '9', null, '10', '1', '25', '0', '', '4', '2.00', '5.00', '1500', '3', '60', '198');
INSERT INTO `assign_kpi` VALUES ('181', '2015', '22', '34', '9', null, '10', '1', '25', '0', '', '0', '5.00', '5.00', '2500', '5', '99', '198');
INSERT INTO `assign_kpi` VALUES ('9', '2015', '22', '42', '11', null, '10', '17', '25', '0', '', '2', '2.00', '5.00', '2500', '5', '100', '198');
INSERT INTO `assign_kpi` VALUES ('10', '2015', '22', '43', '11', null, '10', '17', '25', '0', '', '4', '99.00', '5.00', '1500', '3', '60', '198');
INSERT INTO `assign_kpi` VALUES ('11', '2015', '22', '44', '11', null, '10', '17', '25', '0', '', '70', '100.00', '5.00', '2000', '4', '80', '198');
INSERT INTO `assign_kpi` VALUES ('12', '2015', '22', '45', '11', null, '10', '17', '25', '0', '', '75', '100.00', '5.00', '1500', '3', '60', '198');
INSERT INTO `assign_kpi` VALUES ('17', '2015', '22', '42', '11', null, '10', '18', '25', '0', '', '2', '2.00', '5.00', '2500', '5', '100', '198');
INSERT INTO `assign_kpi` VALUES ('18', '2015', '22', '43', '11', null, '10', '18', '25', '0', '', '4', '99.00', '5.00', '1500', '3', '60', '198');
INSERT INTO `assign_kpi` VALUES ('19', '2015', '22', '44', '11', null, '10', '18', '25', '0', '', '55', '100.00', '5.00', '1000', '2', '40', '198');
INSERT INTO `assign_kpi` VALUES ('20', '2015', '22', '45', '11', null, '10', '18', '25', '0', '', '90', '100.00', '5.00', '2500', '5', '100', '198');
INSERT INTO `assign_kpi` VALUES ('25', '2015', '24', '42', '11', null, '10', '17', '25', '0', '', '2', '2.00', '5.00', '2500', '5', '100', '198');
INSERT INTO `assign_kpi` VALUES ('26', '2015', '24', '43', '11', null, '10', '17', '25', '0', '', '2', '99.00', '5.00', '1000', '2', '40', '198');
INSERT INTO `assign_kpi` VALUES ('27', '2015', '24', '44', '11', null, '10', '17', '25', '0', '', '70', '100.00', '5.00', '2000', '4', '80', '198');
INSERT INTO `assign_kpi` VALUES ('28', '2015', '24', '45', '11', null, '10', '17', '25', '0', '', '80', '100.00', '5.00', '2000', '4', '80', '198');
INSERT INTO `assign_kpi` VALUES ('29', '2015', '24', '42', '11', null, '10', '18', '25', '0', '', '3', '2.00', '5.00', '2000', '4', '80', '198');
INSERT INTO `assign_kpi` VALUES ('30', '2015', '24', '43', '11', null, '10', '18', '25', '0', '', '5', '99.00', '5.00', '1500', '3', '60', '198');
INSERT INTO `assign_kpi` VALUES ('31', '2015', '24', '44', '11', null, '10', '18', '25', '0', '', '60', '100.00', '5.00', '1500', '3', '60', '198');
INSERT INTO `assign_kpi` VALUES ('32', '2015', '24', '45', '11', null, '10', '18', '25', '0', '', '80', '100.00', '5.00', '2000', '4', '80', '198');
INSERT INTO `assign_kpi` VALUES ('33', '2015', '25', '42', '11', null, '10', '17', '25', '0', '', '3', '2.00', '5.00', '2000', '4', '80', '198');
INSERT INTO `assign_kpi` VALUES ('34', '2015', '25', '43', '11', null, '10', '17', '25', '0', '', '5', '99.00', '5.00', '1500', '3', '60', '198');
INSERT INTO `assign_kpi` VALUES ('35', '2015', '25', '44', '11', null, '10', '17', '25', '0', '', '75', '100.00', '5.00', '2000', '4', '80', '198');
INSERT INTO `assign_kpi` VALUES ('36', '2015', '25', '45', '11', null, '10', '17', '25', '0', '', '70', '100.00', '5.00', '1500', '3', '60', '198');
INSERT INTO `assign_kpi` VALUES ('37', '2015', '25', '42', '11', null, '10', '18', '25', '0', '', '4', '2.00', '5.00', '2000', '4', '80', '198');
INSERT INTO `assign_kpi` VALUES ('38', '2015', '25', '43', '11', null, '10', '18', '25', '0', '', '2', '99.00', '5.00', '1000', '2', '40', '198');
INSERT INTO `assign_kpi` VALUES ('39', '2015', '25', '44', '11', null, '10', '18', '25', '0', '', '50', '100.00', '5.00', '1000', '2', '40', '198');
INSERT INTO `assign_kpi` VALUES ('40', '2015', '25', '45', '11', null, '10', '18', '25', '0', '', '60', '100.00', '5.00', '1000', '2', '40', '198');
INSERT INTO `assign_kpi` VALUES ('41', '2015', '26', '42', '11', null, '10', '17', '25', '0', '', '0', '2.00', '5.00', '2500', '5', '100', '198');
INSERT INTO `assign_kpi` VALUES ('42', '2015', '26', '43', '11', null, '10', '17', '25', '0', '', '5', '99.00', '5.00', '1500', '3', '60', '198');
INSERT INTO `assign_kpi` VALUES ('43', '2015', '26', '44', '11', null, '10', '17', '25', '0', '', '80', '100.00', '5.00', '2000', '4', '80', '198');
INSERT INTO `assign_kpi` VALUES ('44', '2015', '26', '45', '11', null, '10', '17', '25', '0', '', '75', '100.00', '5.00', '1500', '3', '60', '198');
INSERT INTO `assign_kpi` VALUES ('45', '2015', '26', '42', '11', null, '10', '18', '25', '0', '', '0', '2.00', '5.00', '2500', '5', '100', '198');
INSERT INTO `assign_kpi` VALUES ('46', '2015', '26', '43', '11', null, '10', '18', '25', '0', '', '8', '99.00', '5.00', '2500', '5', '100', '198');
INSERT INTO `assign_kpi` VALUES ('47', '2015', '26', '44', '11', null, '10', '18', '25', '0', '', '60', '100.00', '5.00', '1500', '3', '60', '198');
INSERT INTO `assign_kpi` VALUES ('48', '2015', '26', '45', '11', null, '10', '18', '25', '0', '', '60', '100.00', '5.00', '1000', '2', '40', '198');
INSERT INTO `assign_kpi` VALUES ('49', '2015', '22', '78', '12', null, '10', '11', '25', '0', '', '80', '100.00', '5.00', '2000', '4', '80', '198');
INSERT INTO `assign_kpi` VALUES ('50', '2015', '22', '79', '12', null, '10', '11', '25', '0', '', '2', '1.00', '5.00', '2000', '4', '80', '198');
INSERT INTO `assign_kpi` VALUES ('51', '2015', '22', '80', '12', null, '10', '11', '25', '0', '', '3', '1.00', '5.00', '1500', '3', '60', '198');
INSERT INTO `assign_kpi` VALUES ('52', '2015', '22', '81', '12', null, '10', '11', '25', '0', '', '5', '5.00', '5.00', '2500', '5', '100', '198');
INSERT INTO `assign_kpi` VALUES ('53', '2015', '22', '78', '12', null, '10', '12', '25', '0', '', '80', '100.00', '5.00', '2000', '4', '80', '198');
INSERT INTO `assign_kpi` VALUES ('54', '2015', '22', '79', '12', null, '10', '12', '25', '0', '', '2', '1.00', '5.00', '2000', '4', '80', '198');
INSERT INTO `assign_kpi` VALUES ('55', '2015', '22', '80', '12', null, '10', '12', '25', '0', '', '4', '1.00', '5.00', '1000', '2', '40', '198');
INSERT INTO `assign_kpi` VALUES ('56', '2015', '22', '81', '12', null, '10', '12', '25', '0', '', '5', '5.00', '5.00', '2500', '5', '100', '198');
INSERT INTO `assign_kpi` VALUES ('57', '2015', '24', '78', '12', null, '10', '11', '25', '0', '', '70', '100.00', '5.00', '1500', '3', '60', '198');
INSERT INTO `assign_kpi` VALUES ('58', '2015', '24', '79', '12', null, '10', '11', '25', '0', '', '4', '1.00', '5.00', '1000', '2', '40', '198');
INSERT INTO `assign_kpi` VALUES ('59', '2015', '24', '80', '12', null, '10', '11', '25', '0', '', '2', '1.00', '5.00', '2000', '4', '80', '198');
INSERT INTO `assign_kpi` VALUES ('60', '2015', '24', '81', '12', null, '10', '11', '25', '0', '', '3', '5.00', '5.00', '1500', '3', '60', '198');
INSERT INTO `assign_kpi` VALUES ('61', '2015', '24', '78', '12', null, '10', '12', '25', '0', '', '80', '100.00', '5.00', '2000', '4', '80', '198');
INSERT INTO `assign_kpi` VALUES ('62', '2015', '24', '79', '12', null, '10', '12', '25', '0', '', '2', '1.00', '5.00', '2000', '4', '80', '198');
INSERT INTO `assign_kpi` VALUES ('63', '2015', '24', '80', '12', null, '10', '12', '25', '0', '', '2', '1.00', '5.00', '2000', '4', '80', '198');
INSERT INTO `assign_kpi` VALUES ('64', '2015', '24', '81', '12', null, '10', '12', '25', '0', '', '4', '5.00', '5.00', '2000', '4', '80', '198');
INSERT INTO `assign_kpi` VALUES ('65', '2015', '25', '79', '12', null, '10', '11', '25', '0', '', '0', '1.00', '5.00', '2500', '5', '100', '198');
INSERT INTO `assign_kpi` VALUES ('66', '2015', '25', '78', '12', null, '10', '11', '25', '0', '', '80', '100.00', '5.00', '2000', '4', '80', '198');
INSERT INTO `assign_kpi` VALUES ('67', '2015', '25', '80', '12', null, '10', '11', '25', '0', '', '4', '1.00', '5.00', '1000', '2', '40', '198');
INSERT INTO `assign_kpi` VALUES ('68', '2015', '25', '81', '12', null, '10', '11', '25', '0', '', '4', '5.00', '5.00', '2000', '4', '80', '198');
INSERT INTO `assign_kpi` VALUES ('69', '2015', '25', '79', '12', null, '10', '12', '25', '0', '', '2', '1.00', '5.00', '2000', '4', '80', '198');
INSERT INTO `assign_kpi` VALUES ('70', '2015', '25', '78', '12', null, '10', '12', '25', '0', '', '80', '100.00', '5.00', '2000', '4', '80', '198');
INSERT INTO `assign_kpi` VALUES ('71', '2015', '25', '80', '12', null, '10', '12', '25', '0', '', '3', '1.00', '5.00', '1500', '3', '60', '198');
INSERT INTO `assign_kpi` VALUES ('72', '2015', '25', '81', '12', null, '10', '12', '25', '0', '', '3', '5.00', '5.00', '1500', '3', '60', '198');
INSERT INTO `assign_kpi` VALUES ('73', '2015', '26', '78', '12', null, '10', '11', '25', '0', '', '80', '100.00', '5.00', '2000', '4', '80', '198');
INSERT INTO `assign_kpi` VALUES ('74', '2015', '26', '80', '12', null, '10', '11', '25', '0', '', '4', '1.00', '5.00', '1000', '2', '40', '198');
INSERT INTO `assign_kpi` VALUES ('75', '2015', '26', '81', '12', null, '10', '11', '25', '0', '', '2', '5.00', '5.00', '1000', '2', '40', '198');
INSERT INTO `assign_kpi` VALUES ('76', '2015', '26', '79', '12', null, '10', '11', '25', '0', '', '4', '1.00', '5.00', '1000', '2', '40', '198');
INSERT INTO `assign_kpi` VALUES ('77', '2015', '26', '78', '12', null, '10', '12', '25', '0', '', '50', '100.00', '5.00', '500', '1', '20', '198');
INSERT INTO `assign_kpi` VALUES ('78', '2015', '26', '80', '12', null, '10', '12', '25', '0', '', '4', '1.00', '5.00', '1000', '2', '40', '198');
INSERT INTO `assign_kpi` VALUES ('79', '2015', '26', '81', '12', null, '10', '12', '25', '0', '', '5', '5.00', '5.00', '2500', '5', '100', '198');
INSERT INTO `assign_kpi` VALUES ('80', '2015', '26', '79', '12', null, '10', '12', '25', '0', '', '0', '1.00', '5.00', '2500', '5', '100', '198');
INSERT INTO `assign_kpi` VALUES ('81', '2015', '22', '82', '13', null, '10', '6', '25', '0', '', '70', '100.00', '5.00', '1500', '3', '60', '198');
INSERT INTO `assign_kpi` VALUES ('82', '2015', '22', '83', '13', null, '10', '6', '25', '0', '', '42', '100.00', '5.00', '2000', '4', '80', '198');
INSERT INTO `assign_kpi` VALUES ('83', '2015', '22', '84', '13', null, '10', '6', '25', '0', '', '4', '3.00', '5.00', '2000', '4', '80', '198');
INSERT INTO `assign_kpi` VALUES ('84', '2015', '22', '85', '13', null, '10', '6', '25', '0', '', '1', '5.00', '5.00', '500', '1', '20', '198');
INSERT INTO `assign_kpi` VALUES ('85', '2015', '22', '82', '13', null, '10', '7', '25', '0', '', '80', '100.00', '5.00', '2000', '4', '80', '198');
INSERT INTO `assign_kpi` VALUES ('86', '2015', '22', '83', '13', null, '10', '7', '25', '0', '', '50', '100.00', '5.00', '2500', '5', '100', '198');
INSERT INTO `assign_kpi` VALUES ('87', '2015', '22', '84', '13', null, '10', '7', '25', '0', '', '2', '3.00', '5.00', '2500', '5', '100', '198');
INSERT INTO `assign_kpi` VALUES ('88', '2015', '22', '85', '13', null, '10', '7', '25', '0', '', '2', '5.00', '5.00', '1000', '2', '40', '198');
INSERT INTO `assign_kpi` VALUES ('89', '2015', '24', '82', '13', null, '10', '6', '25', '0', '', '70', '100.00', '5.00', '1500', '3', '60', '198');
INSERT INTO `assign_kpi` VALUES ('90', '2015', '24', '83', '13', null, '10', '6', '25', '0', '', '40', '100.00', '5.00', '2000', '4', '80', '198');
INSERT INTO `assign_kpi` VALUES ('91', '2015', '24', '84', '13', null, '10', '6', '25', '0', '', '0', '3.00', '5.00', '2500', '5', '100', '198');
INSERT INTO `assign_kpi` VALUES ('92', '2015', '24', '85', '13', null, '10', '6', '25', '0', '', '1', '5.00', '5.00', '500', '1', '20', '198');
INSERT INTO `assign_kpi` VALUES ('93', '2015', '24', '82', '13', null, '10', '7', '25', '0', '', '80', '100.00', '5.00', '2000', '4', '80', '198');
INSERT INTO `assign_kpi` VALUES ('94', '2015', '24', '83', '13', null, '10', '7', '25', '0', '', '20', '100.00', '5.00', '1000', '2', '40', '198');
INSERT INTO `assign_kpi` VALUES ('95', '2015', '24', '84', '13', null, '10', '7', '25', '0', '', '2', '3.00', '5.00', '2500', '5', '100', '198');
INSERT INTO `assign_kpi` VALUES ('96', '2015', '24', '85', '13', null, '10', '7', '25', '0', '', '5', '5.00', '5.00', '2500', '5', '100', '198');
INSERT INTO `assign_kpi` VALUES ('97', '2015', '25', '82', '13', null, '10', '6', '25', '0', '', '95', '100.00', '5.00', '2500', '5', '100', '198');
INSERT INTO `assign_kpi` VALUES ('98', '2015', '25', '83', '13', null, '10', '6', '25', '0', '', '50', '100.00', '5.00', '2500', '5', '100', '198');
INSERT INTO `assign_kpi` VALUES ('99', '2015', '25', '84', '13', null, '10', '6', '25', '0', '', '0', '3.00', '5.00', '2500', '5', '100', '198');
INSERT INTO `assign_kpi` VALUES ('100', '2015', '25', '85', '13', null, '10', '6', '25', '0', '', '5', '5.00', '5.00', '2500', '5', '100', '198');
INSERT INTO `assign_kpi` VALUES ('101', '2015', '25', '82', '13', null, '10', '7', '25', '0', '', '85', '100.00', '5.00', '2000', '4', '80', '198');
INSERT INTO `assign_kpi` VALUES ('102', '2015', '25', '83', '13', null, '10', '7', '25', '0', '', '40', '100.00', '5.00', '2000', '4', '80', '198');
INSERT INTO `assign_kpi` VALUES ('103', '2015', '25', '84', '13', null, '10', '7', '25', '0', '', '5', '3.00', '5.00', '2000', '4', '80', '198');
INSERT INTO `assign_kpi` VALUES ('104', '2015', '25', '85', '13', null, '10', '7', '25', '0', '', '5', '5.00', '5.00', '2500', '5', '100', '198');
INSERT INTO `assign_kpi` VALUES ('105', '2015', '26', '82', '13', null, '10', '6', '25', '0', '', '90', '100.00', '5.00', '2000', '4', '80', '198');
INSERT INTO `assign_kpi` VALUES ('106', '2015', '26', '83', '13', null, '10', '6', '25', '0', '', '50', '100.00', '5.00', '2500', '5', '100', '198');
INSERT INTO `assign_kpi` VALUES ('107', '2015', '26', '84', '13', null, '10', '6', '25', '0', '', '5', '3.00', '5.00', '2000', '4', '80', '198');
INSERT INTO `assign_kpi` VALUES ('108', '2015', '26', '85', '13', null, '10', '6', '25', '0', '', '2', '5.00', '5.00', '1000', '2', '40', '198');
INSERT INTO `assign_kpi` VALUES ('109', '2015', '26', '82', '13', null, '10', '7', '25', '0', '', '90', '100.00', '5.00', '2000', '4', '80', '198');
INSERT INTO `assign_kpi` VALUES ('110', '2015', '26', '83', '13', null, '10', '7', '25', '0', '', '50', '100.00', '5.00', '2500', '5', '100', '198');
INSERT INTO `assign_kpi` VALUES ('111', '2015', '26', '84', '13', null, '10', '7', '25', '0', '', '2', '3.00', '5.00', '2500', '5', '100', '198');
INSERT INTO `assign_kpi` VALUES ('112', '2015', '26', '85', '13', null, '10', '7', '25', '0', '', '5', '5.00', '5.00', '2500', '5', '100', '198');
INSERT INTO `assign_kpi` VALUES ('113', '2015', '22', '90', '14', null, '10', '21', '25', '0', '', '80', '100.00', '5.00', '2000', '4', '80', '198');
INSERT INTO `assign_kpi` VALUES ('114', '2015', '22', '91', '14', null, '10', '21', '25', '0', '', '90', '99.00', '5.00', '2500', '5', '100', '198');
INSERT INTO `assign_kpi` VALUES ('115', '2015', '22', '92', '14', null, '10', '21', '25', '0', '', '70', '100.00', '5.00', '1500', '3', '60', '198');
INSERT INTO `assign_kpi` VALUES ('116', '2015', '22', '93', '14', null, '10', '21', '25', '0', '', '80', '100.00', '5.00', '2000', '4', '80', '198');
INSERT INTO `assign_kpi` VALUES ('117', '2015', '22', '90', '14', null, '10', '22', '25', '0', '', '80', '100.00', '5.00', '2000', '4', '80', '198');
INSERT INTO `assign_kpi` VALUES ('118', '2015', '22', '91', '14', null, '10', '22', '25', '0', '', '85', '99.00', '5.00', '2000', '4', '80', '198');
INSERT INTO `assign_kpi` VALUES ('119', '2015', '22', '92', '14', null, '10', '22', '25', '0', '', '70', '100.00', '5.00', '1500', '3', '60', '198');
INSERT INTO `assign_kpi` VALUES ('120', '2015', '22', '93', '14', null, '10', '22', '25', '0', '', '50', '100.00', '5.00', '500', '1', '20', '198');
INSERT INTO `assign_kpi` VALUES ('121', '2015', '24', '93', '14', null, '10', '21', '25', '0', '', '80', '100.00', '5.00', '2000', '4', '80', '198');
INSERT INTO `assign_kpi` VALUES ('122', '2015', '24', '92', '14', null, '10', '21', '25', '0', '', '70', '100.00', '5.00', '1500', '3', '60', '198');
INSERT INTO `assign_kpi` VALUES ('123', '2015', '24', '91', '14', null, '10', '21', '25', '0', '', '60', '99.00', '5.00', '1000', '2', '40', '198');
INSERT INTO `assign_kpi` VALUES ('124', '2015', '24', '90', '14', null, '10', '21', '25', '0', '', '80', '100.00', '5.00', '2000', '4', '80', '198');
INSERT INTO `assign_kpi` VALUES ('125', '2015', '24', '93', '14', null, '10', '22', '25', '0', '', '80', '100.00', '5.00', '2000', '4', '80', '198');
INSERT INTO `assign_kpi` VALUES ('126', '2015', '24', '92', '14', null, '10', '22', '25', '0', '', '80', '100.00', '5.00', '2000', '4', '80', '198');
INSERT INTO `assign_kpi` VALUES ('127', '2015', '24', '91', '14', null, '10', '22', '25', '0', '', '90', '99.00', '5.00', '2500', '5', '100', '198');
INSERT INTO `assign_kpi` VALUES ('128', '2015', '24', '90', '14', null, '10', '22', '25', '0', '', '88', '100.00', '5.00', '2000', '4', '80', '198');
INSERT INTO `assign_kpi` VALUES ('129', '2015', '25', '90', '14', null, '10', '21', '25', '0', '', '80', '100.00', '5.00', '2000', '4', '80', '198');
INSERT INTO `assign_kpi` VALUES ('130', '2015', '25', '91', '14', null, '10', '21', '25', '0', '', '70', '99.00', '5.00', '1500', '3', '60', '198');
INSERT INTO `assign_kpi` VALUES ('131', '2015', '25', '92', '14', null, '10', '21', '25', '0', '', '50', '100.00', '5.00', '500', '1', '20', '198');
INSERT INTO `assign_kpi` VALUES ('132', '2015', '25', '93', '14', null, '10', '21', '25', '0', '', '40', '100.00', '5.00', '0', '0', '0', '198');
INSERT INTO `assign_kpi` VALUES ('133', '2015', '25', '90', '14', null, '10', '22', '25', '0', '', '50', '100.00', '5.00', '500', '1', '20', '198');
INSERT INTO `assign_kpi` VALUES ('134', '2015', '25', '91', '14', null, '10', '22', '25', '0', '', '80', '99.00', '5.00', '2000', '4', '80', '198');
INSERT INTO `assign_kpi` VALUES ('135', '2015', '25', '92', '14', null, '10', '22', '25', '0', '', '80', '100.00', '5.00', '2000', '4', '80', '198');
INSERT INTO `assign_kpi` VALUES ('136', '2015', '25', '93', '14', null, '10', '22', '25', '0', '', '80', '100.00', '5.00', '2000', '4', '80', '198');
INSERT INTO `assign_kpi` VALUES ('137', '2015', '26', '93', '14', null, '10', '21', '25', '0', '', '70', '100.00', '5.00', '1500', '3', '60', '198');
INSERT INTO `assign_kpi` VALUES ('138', '2015', '26', '92', '14', null, '10', '21', '25', '0', '', '80', '100.00', '5.00', '2000', '4', '80', '198');
INSERT INTO `assign_kpi` VALUES ('139', '2015', '26', '91', '14', null, '10', '21', '25', '0', '', '80', '99.00', '5.00', '2000', '4', '80', '198');
INSERT INTO `assign_kpi` VALUES ('140', '2015', '26', '90', '14', null, '10', '21', '25', '0', '', '70', '100.00', '5.00', '1500', '3', '60', '198');
INSERT INTO `assign_kpi` VALUES ('141', '2015', '26', '93', '14', null, '10', '22', '25', '0', '', '80', '100.00', '5.00', '2000', '4', '80', '198');
INSERT INTO `assign_kpi` VALUES ('142', '2015', '26', '92', '14', null, '10', '22', '25', '0', '', '80', '100.00', '5.00', '2000', '4', '80', '198');
INSERT INTO `assign_kpi` VALUES ('143', '2015', '26', '91', '14', null, '10', '22', '25', '0', '', '90', '99.00', '5.00', '2500', '5', '100', '198');
INSERT INTO `assign_kpi` VALUES ('144', '2015', '26', '90', '14', null, '10', '22', '25', '0', '', '70', '100.00', '5.00', '1500', '3', '60', '198');
INSERT INTO `assign_kpi` VALUES ('145', '2015', '22', '86', '15', null, '10', '26', '25', '0', '', '80', '100.00', '5.00', '2000', '4', '80', '198');
INSERT INTO `assign_kpi` VALUES ('146', '2015', '22', '87', '15', null, '10', '26', '25', '0', '', '0.8', '2.00', '5.00', '2000', '4', '80', '198');
INSERT INTO `assign_kpi` VALUES ('147', '2015', '22', '88', '15', null, '10', '26', '25', '0', '', '2', '5.00', '5.00', '1000', '2', '40', '198');
INSERT INTO `assign_kpi` VALUES ('148', '2015', '22', '89', '15', null, '10', '26', '25', '0', '', '80', '100.00', '5.00', '2000', '4', '80', '198');
INSERT INTO `assign_kpi` VALUES ('149', '2015', '22', '86', '15', null, '10', '27', '25', '0', '', '90', '100.00', '5.00', '2500', '5', '100', '198');
INSERT INTO `assign_kpi` VALUES ('150', '2015', '22', '87', '15', null, '10', '27', '25', '0', '', '1', '2.00', '5.00', '2500', '5', '100', '198');
INSERT INTO `assign_kpi` VALUES ('151', '2015', '22', '88', '15', null, '10', '27', '25', '0', '', '1', '5.00', '5.00', '500', '1', '20', '198');
INSERT INTO `assign_kpi` VALUES ('152', '2015', '22', '89', '15', null, '10', '27', '25', '0', '', '82', '100.00', '5.00', '2000', '4', '80', '198');
INSERT INTO `assign_kpi` VALUES ('153', '2015', '24', '89', '15', null, '10', '26', '25', '0', '', '80', '100.00', '5.00', '2000', '4', '80', '198');
INSERT INTO `assign_kpi` VALUES ('154', '2015', '24', '88', '15', null, '10', '26', '25', '0', '', '4', '5.00', '5.00', '2000', '4', '80', '198');
INSERT INTO `assign_kpi` VALUES ('155', '2015', '24', '87', '15', null, '10', '26', '25', '0', '', '0.5', '2.00', '5.00', '500', '1', '20', '198');
INSERT INTO `assign_kpi` VALUES ('156', '2015', '24', '86', '15', null, '10', '26', '25', '0', '', '80', '100.00', '5.00', '2000', '4', '80', '198');
INSERT INTO `assign_kpi` VALUES ('157', '2015', '24', '89', '15', null, '10', '27', '25', '0', '', '70', '100.00', '5.00', '1500', '3', '60', '198');
INSERT INTO `assign_kpi` VALUES ('158', '2015', '24', '88', '15', null, '10', '27', '25', '0', '', '5', '5.00', '5.00', '2500', '5', '100', '198');
INSERT INTO `assign_kpi` VALUES ('159', '2015', '24', '87', '15', null, '10', '27', '25', '0', '', '0.5', '2.00', '5.00', '500', '1', '20', '198');
INSERT INTO `assign_kpi` VALUES ('160', '2015', '24', '86', '15', null, '10', '27', '25', '0', '', '80', '100.00', '5.00', '2000', '4', '80', '198');
INSERT INTO `assign_kpi` VALUES ('161', '2015', '25', '86', '15', null, '10', '26', '25', '0', '', '90', '100.00', '5.00', '2500', '5', '100', '198');
INSERT INTO `assign_kpi` VALUES ('162', '2015', '25', '87', '15', null, '10', '26', '25', '0', '', '1', '2.00', '5.00', '2500', '5', '100', '198');
INSERT INTO `assign_kpi` VALUES ('163', '2015', '25', '89', '15', null, '10', '26', '25', '0', '', '0.00', '100.00', '5.00', '0', '0', '0', '198');
INSERT INTO `assign_kpi` VALUES ('164', '2015', '25', '88', '15', null, '10', '26', '25', '0', '', '2', '5.00', '5.00', '1000', '2', '40', '198');
INSERT INTO `assign_kpi` VALUES ('165', '2015', '25', '86', '15', null, '10', '27', '25', '0', '', '80', '100.00', '5.00', '2000', '4', '80', '198');
INSERT INTO `assign_kpi` VALUES ('166', '2015', '25', '87', '15', null, '10', '27', '25', '0', '', '0.5', '2.00', '5.00', '500', '1', '20', '198');
INSERT INTO `assign_kpi` VALUES ('167', '2015', '25', '89', '15', null, '10', '27', '25', '0', '', '70', '100.00', '5.00', '1500', '3', '60', '198');
INSERT INTO `assign_kpi` VALUES ('168', '2015', '25', '88', '15', null, '10', '27', '25', '0', '', '3', '5.00', '5.00', '1500', '3', '60', '198');
INSERT INTO `assign_kpi` VALUES ('169', '2015', '26', '88', '15', null, '10', '26', '25', '0', '', '4', '5.00', '5.00', '2000', '4', '80', '198');
INSERT INTO `assign_kpi` VALUES ('170', '2015', '26', '89', '15', null, '10', '26', '25', '0', '', '80', '100.00', '5.00', '2000', '4', '80', '198');
INSERT INTO `assign_kpi` VALUES ('171', '2015', '26', '87', '15', null, '10', '26', '25', '0', '', '0.7', '2.00', '5.00', '1500', '3', '60', '198');
INSERT INTO `assign_kpi` VALUES ('172', '2015', '26', '86', '15', null, '10', '26', '25', '0', '', '90', '100.00', '5.00', '2500', '5', '99', '198');
INSERT INTO `assign_kpi` VALUES ('173', '2015', '26', '88', '15', null, '10', '27', '25', '0', '', '4', '5.00', '5.00', '2000', '4', '80', '198');
INSERT INTO `assign_kpi` VALUES ('174', '2015', '26', '89', '15', null, '10', '27', '25', '0', '', '80', '100.00', '5.00', '2000', '4', '80', '198');
INSERT INTO `assign_kpi` VALUES ('175', '2015', '26', '87', '15', null, '10', '27', '25', '0', '', '0.2', '2.00', '5.00', '0', '0', '0', '198');
INSERT INTO `assign_kpi` VALUES ('176', '2015', '26', '86', '15', null, '10', '27', '25', '0', '', '90', '100.00', '5.00', '2500', '5', '99', '198');
INSERT INTO `assign_kpi` VALUES ('177', '2015', '22', '34', '9', null, '10', '2', '25', '0', '', '0', '5.00', '5.00', '2500', '5', '99', '198');
INSERT INTO `assign_kpi` VALUES ('178', '2015', '22', '35', '9', null, '10', '2', '25', '0', '', '70', '100.00', '5.00', '2000', '4', '80', '198');
INSERT INTO `assign_kpi` VALUES ('179', '2015', '22', '36', '9', null, '10', '2', '25', '0', '', '4', '2.00', '5.00', '1500', '3', '60', '198');
INSERT INTO `assign_kpi` VALUES ('180', '2015', '22', '33', '9', null, '10', '2', '25', '0', '', '2', '4.00', '5.00', '2500', '5', '99', '198');
INSERT INTO `assign_kpi` VALUES ('184', '2015', '22', '33', '9', null, '10', '1', '25', '0', '', '2', '4.00', '5.00', '2500', '5', '99', '198');
INSERT INTO `assign_kpi` VALUES ('185', '2015', '24', '33', '9', null, '10', '1', '25', '0', '', '0', '4.00', '5.00', '2500', '5', '99', '198');
INSERT INTO `assign_kpi` VALUES ('186', '2015', '24', '34', '9', null, '10', '1', '25', '0', '', '10', '5.00', '5.00', '1000', '2', '40', '198');
INSERT INTO `assign_kpi` VALUES ('187', '2015', '24', '35', '9', null, '10', '1', '25', '0', '', '50', '100.00', '5.00', '1000', '2', '40', '198');
INSERT INTO `assign_kpi` VALUES ('188', '2015', '24', '36', '9', null, '10', '1', '25', '0', '', '5', '2.00', '5.00', '1000', '2', '40', '198');
INSERT INTO `assign_kpi` VALUES ('189', '2015', '24', '33', '9', null, '10', '2', '25', '0', '', '0', '4.00', '5.00', '2500', '5', '99', '198');
INSERT INTO `assign_kpi` VALUES ('190', '2015', '24', '34', '9', null, '10', '2', '25', '0', '', '2', '5.00', '5.00', '2500', '5', '99', '198');
INSERT INTO `assign_kpi` VALUES ('191', '2015', '24', '35', '9', null, '10', '2', '25', '0', '', '50', '100.00', '5.00', '1000', '2', '40', '198');
INSERT INTO `assign_kpi` VALUES ('192', '2015', '24', '36', '9', null, '10', '2', '25', '0', '', '7', '2.00', '5.00', '500', '1', '20', '198');
INSERT INTO `assign_kpi` VALUES ('193', '2015', '25', '33', '9', null, '10', '1', '25', '0', '', '4', '4.00', '5.00', '2500', '5', '99', '198');
INSERT INTO `assign_kpi` VALUES ('194', '2015', '25', '34', '9', null, '10', '1', '25', '0', '', '4', '5.00', '5.00', '2500', '5', '99', '198');
INSERT INTO `assign_kpi` VALUES ('195', '2015', '25', '35', '9', null, '10', '1', '25', '0', '', '50', '100.00', '5.00', '1000', '2', '40', '198');
INSERT INTO `assign_kpi` VALUES ('196', '2015', '25', '36', '9', null, '10', '1', '25', '0', '', '8', '2.00', '5.00', '500', '1', '20', '198');
INSERT INTO `assign_kpi` VALUES ('197', '2015', '25', '33', '9', null, '10', '2', '25', '0', '', '4', '4.00', '5.00', '2500', '5', '99', '198');
INSERT INTO `assign_kpi` VALUES ('198', '2015', '25', '34', '9', null, '10', '2', '25', '0', '', '12', '5.00', '5.00', '500', '1', '20', '198');
INSERT INTO `assign_kpi` VALUES ('199', '2015', '25', '35', '9', null, '10', '2', '25', '0', '', '65', '100.00', '5.00', '1500', '3', '60', '198');
INSERT INTO `assign_kpi` VALUES ('200', '2015', '25', '36', '9', null, '10', '2', '25', '0', '', '8', '2.00', '5.00', '500', '1', '20', '198');
INSERT INTO `assign_kpi` VALUES ('201', '2015', '26', '33', '9', null, '10', '1', '25', '0', '', '5', '4.00', '5.00', '2000', '4', '80', '198');
INSERT INTO `assign_kpi` VALUES ('202', '2015', '26', '34', '9', null, '10', '1', '25', '0', '', '8', '5.00', '5.00', '1500', '3', '60', '198');
INSERT INTO `assign_kpi` VALUES ('203', '2015', '26', '36', '9', null, '10', '1', '25', '0', '', '4', '2.00', '5.00', '1500', '3', '60', '198');
INSERT INTO `assign_kpi` VALUES ('204', '2015', '26', '35', '9', null, '10', '1', '25', '0', '', '90', '100.00', '5.00', '2500', '5', '99', '198');
INSERT INTO `assign_kpi` VALUES ('205', '2015', '26', '33', '9', null, '10', '2', '25', '0', '', '4', '4.00', '5.00', '2500', '5', '100', '198');
INSERT INTO `assign_kpi` VALUES ('206', '2015', '26', '34', '9', null, '10', '2', '25', '0', '', '8', '5.00', '5.00', '1500', '3', '60', '198');
INSERT INTO `assign_kpi` VALUES ('207', '2015', '26', '36', '9', null, '10', '2', '25', '0', '', '4', '2.00', '5.00', '1500', '3', '60', '198');
INSERT INTO `assign_kpi` VALUES ('208', '2015', '26', '35', '9', null, '10', '2', '25', '0', '', '90', '100.00', '5.00', '2500', '5', '99', '198');
INSERT INTO `assign_kpi` VALUES ('5058', '2016', '749', '671', '211', null, '110', '508', '25', '0', '', '0.00', '2.00', '5.00', '0', '0', '0', '197');
INSERT INTO `assign_kpi` VALUES ('5056', '2016', '749', '673', '211', null, '110', '508', '25', '0', '', '0.00', '1.00', '5.00', '0', '0', '0', '197');
INSERT INTO `assign_kpi` VALUES ('5057', '2016', '749', '670', '211', null, '110', '508', '25', '0', '', '0.00', '1.00', '5.00', '0', '0', '0', '197');
INSERT INTO `assign_kpi` VALUES ('5055', '2016', '749', '672', '211', null, '110', '508', '25', '0', '', '0.00', '89.00', '5.00', '0', '0', '0', '197');
INSERT INTO `assign_kpi` VALUES ('5054', '2014', '745', '671', '211', null, '110', '508', '25', '0', '', '0.00', '5.00', '5.00', '0', '0', '0', '197');
INSERT INTO `assign_kpi` VALUES ('5052', '2014', '745', '672', '211', null, '110', '508', '25', '0', '', '0.00', '100.00', '5.00', '0', '0', '0', '197');
INSERT INTO `assign_kpi` VALUES ('5053', '2014', '745', '670', '211', null, '110', '508', '25', '0', '', '0.00', '4.00', '5.00', '0', '0', '0', '197');
INSERT INTO `assign_kpi` VALUES ('5051', '2014', '745', '673', '211', null, '110', '508', '25', '0', '', '0.00', '2.00', '5.00', '0', '0', '0', '197');
INSERT INTO `assign_kpi` VALUES ('5050', '2015', '744', '672', '211', null, '110', '509', '25', '0', '', '90', '100.00', '5.00', '2500', '5', '99', '197');
INSERT INTO `assign_kpi` VALUES ('5049', '2015', '744', '673', '211', null, '110', '509', '25', '0', '', '4', '2.00', '5.00', '1500', '3', '60', '197');
INSERT INTO `assign_kpi` VALUES ('5048', '2015', '744', '671', '211', null, '110', '509', '25', '0', '', '8', '5.00', '5.00', '1500', '3', '60', '197');
INSERT INTO `assign_kpi` VALUES ('5047', '2015', '744', '670', '211', null, '110', '509', '25', '0', '', '4', '4.00', '5.00', '2500', '5', '100', '197');
INSERT INTO `assign_kpi` VALUES ('5046', '2015', '744', '672', '211', null, '110', '508', '25', '0', '', '90', '100.00', '5.00', '2500', '5', '99', '197');
INSERT INTO `assign_kpi` VALUES ('5043', '2015', '744', '670', '211', null, '110', '508', '25', '0', '', '5', '4.00', '5.00', '2000', '4', '80', '197');
INSERT INTO `assign_kpi` VALUES ('5044', '2015', '744', '671', '211', null, '110', '508', '25', '0', '', '8', '5.00', '5.00', '1500', '3', '60', '197');
INSERT INTO `assign_kpi` VALUES ('5045', '2015', '744', '673', '211', null, '110', '508', '25', '0', '', '4', '2.00', '5.00', '1500', '3', '60', '197');
INSERT INTO `assign_kpi` VALUES ('5038', '2015', '743', '673', '211', null, '110', '508', '25', '0', '', '8', '2.00', '5.00', '500', '1', '20', '197');
INSERT INTO `assign_kpi` VALUES ('5039', '2015', '743', '670', '211', null, '110', '509', '25', '0', '', '4', '4.00', '5.00', '2500', '5', '99', '197');
INSERT INTO `assign_kpi` VALUES ('5040', '2015', '743', '671', '211', null, '110', '509', '25', '0', '', '12', '5.00', '5.00', '500', '1', '20', '197');
INSERT INTO `assign_kpi` VALUES ('5041', '2015', '743', '672', '211', null, '110', '509', '25', '0', '', '65', '100.00', '5.00', '1500', '3', '60', '197');
INSERT INTO `assign_kpi` VALUES ('5042', '2015', '743', '673', '211', null, '110', '509', '25', '0', '', '8', '2.00', '5.00', '500', '1', '20', '197');
INSERT INTO `assign_kpi` VALUES ('5037', '2015', '743', '672', '211', null, '110', '508', '25', '0', '', '50', '100.00', '5.00', '1000', '2', '40', '197');
INSERT INTO `assign_kpi` VALUES ('5035', '2015', '743', '670', '211', null, '110', '508', '25', '0', '', '4', '4.00', '5.00', '2500', '5', '99', '197');
INSERT INTO `assign_kpi` VALUES ('5036', '2015', '743', '671', '211', null, '110', '508', '25', '0', '', '4', '5.00', '5.00', '2500', '5', '99', '197');
INSERT INTO `assign_kpi` VALUES ('5033', '2015', '742', '672', '211', null, '110', '509', '25', '0', '', '50', '100.00', '5.00', '1000', '2', '40', '197');
INSERT INTO `assign_kpi` VALUES ('5034', '2015', '742', '673', '211', null, '110', '509', '25', '0', '', '7', '2.00', '5.00', '500', '1', '20', '197');
INSERT INTO `assign_kpi` VALUES ('5032', '2015', '742', '671', '211', null, '110', '509', '25', '0', '', '2', '5.00', '5.00', '2500', '5', '99', '197');
INSERT INTO `assign_kpi` VALUES ('5031', '2015', '742', '670', '211', null, '110', '509', '25', '0', '', '0', '4.00', '5.00', '2500', '5', '99', '197');
INSERT INTO `assign_kpi` VALUES ('5030', '2015', '742', '673', '211', null, '110', '508', '25', '0', '', '5', '2.00', '5.00', '1000', '2', '40', '197');
INSERT INTO `assign_kpi` VALUES ('5027', '2015', '742', '670', '211', null, '110', '508', '25', '0', '', '0', '4.00', '5.00', '2500', '5', '99', '197');
INSERT INTO `assign_kpi` VALUES ('5029', '2015', '742', '672', '211', null, '110', '508', '25', '0', '', '50', '100.00', '5.00', '1000', '2', '40', '197');
INSERT INTO `assign_kpi` VALUES ('5028', '2015', '742', '671', '211', null, '110', '508', '25', '0', '', '10', '5.00', '5.00', '1000', '2', '40', '197');
INSERT INTO `assign_kpi` VALUES ('5026', '2015', '740', '670', '211', null, '110', '508', '25', '0', '', '2', '4.00', '5.00', '2500', '5', '99', '197');
INSERT INTO `assign_kpi` VALUES ('5025', '2015', '740', '670', '211', null, '110', '509', '25', '0', '', '2', '4.00', '5.00', '2500', '5', '99', '197');
INSERT INTO `assign_kpi` VALUES ('5024', '2015', '740', '673', '211', null, '110', '509', '25', '0', '', '4', '2.00', '5.00', '1500', '3', '60', '197');
INSERT INTO `assign_kpi` VALUES ('5023', '2015', '740', '672', '211', null, '110', '509', '25', '0', '', '70', '100.00', '5.00', '2000', '4', '80', '197');
INSERT INTO `assign_kpi` VALUES ('5022', '2015', '740', '671', '211', null, '110', '509', '25', '0', '', '0', '5.00', '5.00', '2500', '5', '99', '197');
INSERT INTO `assign_kpi` VALUES ('5021', '2015', '744', '686', '216', null, '110', '521', '25', '0', '', '90', '100.00', '5.00', '2500', '5', '99', '197');
INSERT INTO `assign_kpi` VALUES ('5020', '2015', '744', '687', '216', null, '110', '521', '25', '0', '', '0.2', '2.00', '5.00', '0', '0', '0', '197');
INSERT INTO `assign_kpi` VALUES ('5019', '2015', '744', '689', '216', null, '110', '521', '25', '0', '', '80', '100.00', '5.00', '2000', '4', '80', '197');
INSERT INTO `assign_kpi` VALUES ('5018', '2015', '744', '688', '216', null, '110', '521', '25', '0', '', '4', '5.00', '5.00', '2000', '4', '80', '197');
INSERT INTO `assign_kpi` VALUES ('5017', '2015', '744', '686', '216', null, '110', '520', '25', '0', '', '90', '100.00', '5.00', '2500', '5', '99', '197');
INSERT INTO `assign_kpi` VALUES ('5016', '2015', '744', '687', '216', null, '110', '520', '25', '0', '', '0.7', '2.00', '5.00', '1500', '3', '60', '197');
INSERT INTO `assign_kpi` VALUES ('5015', '2015', '744', '689', '216', null, '110', '520', '25', '0', '', '80', '100.00', '5.00', '2000', '4', '80', '197');
INSERT INTO `assign_kpi` VALUES ('5014', '2015', '744', '688', '216', null, '110', '520', '25', '0', '', '4', '5.00', '5.00', '2000', '4', '80', '197');
INSERT INTO `assign_kpi` VALUES ('5013', '2015', '743', '688', '216', null, '110', '521', '25', '0', '', '3', '5.00', '5.00', '1500', '3', '60', '197');
INSERT INTO `assign_kpi` VALUES ('5012', '2015', '743', '689', '216', null, '110', '521', '25', '0', '', '70', '100.00', '5.00', '1500', '3', '60', '197');
INSERT INTO `assign_kpi` VALUES ('5011', '2015', '743', '687', '216', null, '110', '521', '25', '0', '', '0.5', '2.00', '5.00', '500', '1', '20', '197');
INSERT INTO `assign_kpi` VALUES ('5010', '2015', '743', '686', '216', null, '110', '521', '25', '0', '', '80', '100.00', '5.00', '2000', '4', '80', '197');
INSERT INTO `assign_kpi` VALUES ('5009', '2015', '743', '688', '216', null, '110', '520', '25', '0', '', '2', '5.00', '5.00', '1000', '2', '40', '197');
INSERT INTO `assign_kpi` VALUES ('5008', '2015', '743', '689', '216', null, '110', '520', '25', '0', '', '0.00', '100.00', '5.00', '0', '0', '0', '197');
INSERT INTO `assign_kpi` VALUES ('5006', '2015', '743', '686', '216', null, '110', '520', '25', '0', '', '90', '100.00', '5.00', '2500', '5', '100', '197');
INSERT INTO `assign_kpi` VALUES ('5007', '2015', '743', '687', '216', null, '110', '520', '25', '0', '', '1', '2.00', '5.00', '2500', '5', '100', '197');
INSERT INTO `assign_kpi` VALUES ('5005', '2015', '742', '686', '216', null, '110', '521', '25', '0', '', '80', '100.00', '5.00', '2000', '4', '80', '197');
INSERT INTO `assign_kpi` VALUES ('5004', '2015', '742', '687', '216', null, '110', '521', '25', '0', '', '0.5', '2.00', '5.00', '500', '1', '20', '197');
INSERT INTO `assign_kpi` VALUES ('5003', '2015', '742', '688', '216', null, '110', '521', '25', '0', '', '5', '5.00', '5.00', '2500', '5', '100', '197');
INSERT INTO `assign_kpi` VALUES ('5001', '2015', '742', '686', '216', null, '110', '520', '25', '0', '', '80', '100.00', '5.00', '2000', '4', '80', '197');
INSERT INTO `assign_kpi` VALUES ('5002', '2015', '742', '689', '216', null, '110', '521', '25', '0', '', '70', '100.00', '5.00', '1500', '3', '60', '197');
INSERT INTO `assign_kpi` VALUES ('5000', '2015', '742', '687', '216', null, '110', '520', '25', '0', '', '0.5', '2.00', '5.00', '500', '1', '20', '197');
INSERT INTO `assign_kpi` VALUES ('4998', '2015', '742', '689', '216', null, '110', '520', '25', '0', '', '80', '100.00', '5.00', '2000', '4', '80', '197');
INSERT INTO `assign_kpi` VALUES ('4999', '2015', '742', '688', '216', null, '110', '520', '25', '0', '', '4', '5.00', '5.00', '2000', '4', '80', '197');
INSERT INTO `assign_kpi` VALUES ('4997', '2015', '740', '689', '216', null, '110', '521', '25', '0', '', '82', '100.00', '5.00', '2000', '4', '80', '197');
INSERT INTO `assign_kpi` VALUES ('4992', '2015', '740', '688', '216', null, '110', '520', '25', '0', '', '2', '5.00', '5.00', '1000', '2', '40', '197');
INSERT INTO `assign_kpi` VALUES ('4993', '2015', '740', '689', '216', null, '110', '520', '25', '0', '', '80', '100.00', '5.00', '2000', '4', '80', '197');
INSERT INTO `assign_kpi` VALUES ('4994', '2015', '740', '686', '216', null, '110', '521', '25', '0', '', '90', '100.00', '5.00', '2500', '5', '100', '197');
INSERT INTO `assign_kpi` VALUES ('4995', '2015', '740', '687', '216', null, '110', '521', '25', '0', '', '1', '2.00', '5.00', '2500', '5', '100', '197');
INSERT INTO `assign_kpi` VALUES ('4996', '2015', '740', '688', '216', null, '110', '521', '25', '0', '', '1', '5.00', '5.00', '500', '1', '20', '197');
INSERT INTO `assign_kpi` VALUES ('4988', '2015', '744', '691', '215', null, '110', '519', '25', '0', '', '90', '99.00', '5.00', '2500', '5', '100', '197');
INSERT INTO `assign_kpi` VALUES ('4989', '2015', '744', '690', '215', null, '110', '519', '25', '0', '', '70', '100.00', '5.00', '1500', '3', '60', '197');
INSERT INTO `assign_kpi` VALUES ('4991', '2015', '740', '687', '216', null, '110', '520', '25', '0', '', '0.8', '2.00', '5.00', '2000', '4', '80', '197');
INSERT INTO `assign_kpi` VALUES ('4990', '2015', '740', '686', '216', null, '110', '520', '25', '0', '', '80', '100.00', '5.00', '2000', '4', '80', '197');
INSERT INTO `assign_kpi` VALUES ('4987', '2015', '744', '692', '215', null, '110', '519', '25', '0', '', '80', '100.00', '5.00', '2000', '4', '80', '197');
INSERT INTO `assign_kpi` VALUES ('4986', '2015', '744', '693', '215', null, '110', '519', '25', '0', '', '80', '100.00', '5.00', '2000', '4', '80', '197');
INSERT INTO `assign_kpi` VALUES ('4985', '2015', '744', '690', '215', null, '110', '518', '25', '0', '', '70', '100.00', '5.00', '1500', '3', '60', '197');
INSERT INTO `assign_kpi` VALUES ('4984', '2015', '744', '691', '215', null, '110', '518', '25', '0', '', '80', '99.00', '5.00', '2000', '4', '80', '197');
INSERT INTO `assign_kpi` VALUES ('4983', '2015', '744', '692', '215', null, '110', '518', '25', '0', '', '80', '100.00', '5.00', '2000', '4', '80', '197');
INSERT INTO `assign_kpi` VALUES ('4982', '2015', '744', '693', '215', null, '110', '518', '25', '0', '', '70', '100.00', '5.00', '1500', '3', '60', '197');
INSERT INTO `assign_kpi` VALUES ('4981', '2015', '743', '693', '215', null, '110', '519', '25', '0', '', '80', '100.00', '5.00', '2000', '4', '80', '197');
INSERT INTO `assign_kpi` VALUES ('4977', '2015', '743', '693', '215', null, '110', '518', '25', '0', '', '40', '100.00', '5.00', '0', '0', '0', '197');
INSERT INTO `assign_kpi` VALUES ('4978', '2015', '743', '690', '215', null, '110', '519', '25', '0', '', '50', '100.00', '5.00', '500', '1', '20', '197');
INSERT INTO `assign_kpi` VALUES ('4979', '2015', '743', '691', '215', null, '110', '519', '25', '0', '', '80', '99.00', '5.00', '2000', '4', '80', '197');
INSERT INTO `assign_kpi` VALUES ('4980', '2015', '743', '692', '215', null, '110', '519', '25', '0', '', '80', '100.00', '5.00', '2000', '4', '80', '197');
INSERT INTO `assign_kpi` VALUES ('4976', '2015', '743', '692', '215', null, '110', '518', '25', '0', '', '50', '100.00', '5.00', '500', '1', '20', '197');
INSERT INTO `assign_kpi` VALUES ('4975', '2015', '743', '691', '215', null, '110', '518', '25', '0', '', '70', '99.00', '5.00', '1500', '3', '60', '197');
INSERT INTO `assign_kpi` VALUES ('4973', '2015', '742', '690', '215', null, '110', '519', '25', '0', '', '88', '100.00', '5.00', '2000', '4', '80', '197');
INSERT INTO `assign_kpi` VALUES ('4974', '2015', '743', '690', '215', null, '110', '518', '25', '0', '', '80', '100.00', '5.00', '2000', '4', '80', '197');
INSERT INTO `assign_kpi` VALUES ('4972', '2015', '742', '691', '215', null, '110', '519', '25', '0', '', '90', '99.00', '5.00', '2500', '5', '100', '197');
INSERT INTO `assign_kpi` VALUES ('4971', '2015', '742', '692', '215', null, '110', '519', '25', '0', '', '80', '100.00', '5.00', '2000', '4', '80', '197');
INSERT INTO `assign_kpi` VALUES ('4970', '2015', '742', '693', '215', null, '110', '519', '25', '0', '', '80', '100.00', '5.00', '2000', '4', '80', '197');
INSERT INTO `assign_kpi` VALUES ('4969', '2015', '742', '690', '215', null, '110', '518', '25', '0', '', '80', '100.00', '5.00', '2000', '4', '80', '197');
INSERT INTO `assign_kpi` VALUES ('4967', '2015', '742', '692', '215', null, '110', '518', '25', '0', '', '70', '100.00', '5.00', '1500', '3', '60', '197');
INSERT INTO `assign_kpi` VALUES ('4968', '2015', '742', '691', '215', null, '110', '518', '25', '0', '', '60', '99.00', '5.00', '1000', '2', '40', '197');
INSERT INTO `assign_kpi` VALUES ('4966', '2015', '742', '693', '215', null, '110', '518', '25', '0', '', '80', '100.00', '5.00', '2000', '4', '80', '197');
INSERT INTO `assign_kpi` VALUES ('4962', '2015', '740', '690', '215', null, '110', '519', '25', '0', '', '80', '100.00', '5.00', '2000', '4', '80', '197');
INSERT INTO `assign_kpi` VALUES ('4963', '2015', '740', '691', '215', null, '110', '519', '25', '0', '', '85', '99.00', '5.00', '2000', '4', '80', '197');
INSERT INTO `assign_kpi` VALUES ('4965', '2015', '740', '693', '215', null, '110', '519', '25', '0', '', '50', '100.00', '5.00', '500', '1', '20', '197');
INSERT INTO `assign_kpi` VALUES ('4964', '2015', '740', '692', '215', null, '110', '519', '25', '0', '', '70', '100.00', '5.00', '1500', '3', '60', '197');
INSERT INTO `assign_kpi` VALUES ('4960', '2015', '740', '692', '215', null, '110', '518', '25', '0', '', '70', '100.00', '5.00', '1500', '3', '60', '197');
INSERT INTO `assign_kpi` VALUES ('4961', '2015', '740', '693', '215', null, '110', '518', '25', '0', '', '80', '100.00', '5.00', '2000', '4', '80', '197');
INSERT INTO `assign_kpi` VALUES ('4958', '2015', '740', '690', '215', null, '110', '518', '25', '0', '', '80', '100.00', '5.00', '2000', '4', '80', '197');
INSERT INTO `assign_kpi` VALUES ('4959', '2015', '740', '691', '215', null, '110', '518', '25', '0', '', '90', '99.00', '5.00', '2500', '5', '100', '197');
INSERT INTO `assign_kpi` VALUES ('4957', '2015', '744', '685', '212', null, '110', '511', '25', '0', '', '5', '5.00', '5.00', '2500', '5', '100', '197');
INSERT INTO `assign_kpi` VALUES ('4956', '2015', '744', '684', '212', null, '110', '511', '25', '0', '', '2', '3.00', '5.00', '2500', '5', '100', '197');
INSERT INTO `assign_kpi` VALUES ('4954', '2015', '744', '682', '212', null, '110', '511', '25', '0', '', '90', '100.00', '5.00', '2000', '4', '80', '197');
INSERT INTO `assign_kpi` VALUES ('4955', '2015', '744', '683', '212', null, '110', '511', '25', '0', '', '50', '100.00', '5.00', '2500', '5', '100', '197');
INSERT INTO `assign_kpi` VALUES ('4950', '2015', '744', '682', '212', null, '110', '510', '25', '0', '', '90', '100.00', '5.00', '2000', '4', '80', '197');
INSERT INTO `assign_kpi` VALUES ('4951', '2015', '744', '683', '212', null, '110', '510', '25', '0', '', '50', '100.00', '5.00', '2500', '5', '100', '197');
INSERT INTO `assign_kpi` VALUES ('4952', '2015', '744', '684', '212', null, '110', '510', '25', '0', '', '5', '3.00', '5.00', '2000', '4', '80', '197');
INSERT INTO `assign_kpi` VALUES ('4953', '2015', '744', '685', '212', null, '110', '510', '25', '0', '', '2', '5.00', '5.00', '1000', '2', '40', '197');
INSERT INTO `assign_kpi` VALUES ('4949', '2015', '743', '685', '212', null, '110', '511', '25', '0', '', '5', '5.00', '5.00', '2500', '5', '100', '197');
INSERT INTO `assign_kpi` VALUES ('4948', '2015', '743', '684', '212', null, '110', '511', '25', '0', '', '5', '3.00', '5.00', '2000', '4', '80', '197');
INSERT INTO `assign_kpi` VALUES ('4946', '2015', '743', '682', '212', null, '110', '511', '25', '0', '', '85', '100.00', '5.00', '2000', '4', '80', '197');
INSERT INTO `assign_kpi` VALUES ('4947', '2015', '743', '683', '212', null, '110', '511', '25', '0', '', '40', '100.00', '5.00', '2000', '4', '80', '197');
INSERT INTO `assign_kpi` VALUES ('4945', '2015', '743', '685', '212', null, '110', '510', '25', '0', '', '5', '5.00', '5.00', '2500', '5', '100', '197');
INSERT INTO `assign_kpi` VALUES ('4944', '2015', '743', '684', '212', null, '110', '510', '25', '0', '', '0', '3.00', '5.00', '2500', '5', '100', '197');
INSERT INTO `assign_kpi` VALUES ('4943', '2015', '743', '683', '212', null, '110', '510', '25', '0', '', '50', '100.00', '5.00', '2500', '5', '100', '197');
INSERT INTO `assign_kpi` VALUES ('4942', '2015', '743', '682', '212', null, '110', '510', '25', '0', '', '95', '100.00', '5.00', '2500', '5', '100', '197');
INSERT INTO `assign_kpi` VALUES ('4941', '2015', '742', '685', '212', null, '110', '511', '25', '0', '', '5', '5.00', '5.00', '2500', '5', '100', '197');
INSERT INTO `assign_kpi` VALUES ('4940', '2015', '742', '684', '212', null, '110', '511', '25', '0', '', '2', '3.00', '5.00', '2500', '5', '100', '197');
INSERT INTO `assign_kpi` VALUES ('4939', '2015', '742', '683', '212', null, '110', '511', '25', '0', '', '20', '100.00', '5.00', '1000', '2', '40', '197');
INSERT INTO `assign_kpi` VALUES ('4938', '2015', '742', '682', '212', null, '110', '511', '25', '0', '', '80', '100.00', '5.00', '2000', '4', '80', '197');
INSERT INTO `assign_kpi` VALUES ('4937', '2015', '742', '685', '212', null, '110', '510', '25', '0', '', '1', '5.00', '5.00', '500', '1', '20', '197');
INSERT INTO `assign_kpi` VALUES ('4936', '2015', '742', '684', '212', null, '110', '510', '25', '0', '', '0', '3.00', '5.00', '2500', '5', '100', '197');
INSERT INTO `assign_kpi` VALUES ('4935', '2015', '742', '683', '212', null, '110', '510', '25', '0', '', '40', '100.00', '5.00', '2000', '4', '80', '197');
INSERT INTO `assign_kpi` VALUES ('4934', '2015', '742', '682', '212', null, '110', '510', '25', '0', '', '70', '100.00', '5.00', '1500', '3', '60', '197');
INSERT INTO `assign_kpi` VALUES ('4933', '2015', '740', '685', '212', null, '110', '511', '25', '0', '', '2', '5.00', '5.00', '1000', '2', '40', '197');
INSERT INTO `assign_kpi` VALUES ('4932', '2015', '740', '684', '212', null, '110', '511', '25', '0', '', '2', '3.00', '5.00', '2500', '5', '100', '197');
INSERT INTO `assign_kpi` VALUES ('4931', '2015', '740', '683', '212', null, '110', '511', '25', '0', '', '50', '100.00', '5.00', '2500', '5', '100', '197');
INSERT INTO `assign_kpi` VALUES ('4930', '2015', '740', '682', '212', null, '110', '511', '25', '0', '', '80', '100.00', '5.00', '2000', '4', '80', '197');
INSERT INTO `assign_kpi` VALUES ('4929', '2015', '740', '685', '212', null, '110', '510', '25', '0', '', '1', '5.00', '5.00', '500', '1', '20', '197');
INSERT INTO `assign_kpi` VALUES ('4928', '2015', '740', '684', '212', null, '110', '510', '25', '0', '', '4', '3.00', '5.00', '2000', '4', '80', '197');
INSERT INTO `assign_kpi` VALUES ('4927', '2015', '740', '683', '212', null, '110', '510', '25', '0', '', '42', '100.00', '5.00', '2000', '4', '80', '197');
INSERT INTO `assign_kpi` VALUES ('4926', '2015', '740', '682', '212', null, '110', '510', '25', '0', '', '70', '100.00', '5.00', '1500', '3', '60', '197');
INSERT INTO `assign_kpi` VALUES ('4925', '2015', '744', '679', '213', null, '110', '513', '25', '0', '', '0', '1.00', '5.00', '2500', '5', '100', '197');
INSERT INTO `assign_kpi` VALUES ('4924', '2015', '744', '681', '213', null, '110', '513', '25', '0', '', '5', '5.00', '5.00', '2500', '5', '100', '197');
INSERT INTO `assign_kpi` VALUES ('4923', '2015', '744', '680', '213', null, '110', '513', '25', '0', '', '4', '1.00', '5.00', '1000', '2', '40', '197');
INSERT INTO `assign_kpi` VALUES ('4922', '2015', '744', '678', '213', null, '110', '513', '25', '0', '', '50', '100.00', '5.00', '500', '1', '20', '197');
INSERT INTO `assign_kpi` VALUES ('4921', '2015', '744', '679', '213', null, '110', '512', '25', '0', '', '4', '1.00', '5.00', '1000', '2', '40', '197');
INSERT INTO `assign_kpi` VALUES ('4920', '2015', '744', '681', '213', null, '110', '512', '25', '0', '', '2', '5.00', '5.00', '1000', '2', '40', '197');
INSERT INTO `assign_kpi` VALUES ('4919', '2015', '744', '680', '213', null, '110', '512', '25', '0', '', '4', '1.00', '5.00', '1000', '2', '40', '197');
INSERT INTO `assign_kpi` VALUES ('4918', '2015', '744', '678', '213', null, '110', '512', '25', '0', '', '80', '100.00', '5.00', '2000', '4', '80', '197');
INSERT INTO `assign_kpi` VALUES ('4917', '2015', '743', '681', '213', null, '110', '513', '25', '0', '', '3', '5.00', '5.00', '1500', '3', '60', '197');
INSERT INTO `assign_kpi` VALUES ('4916', '2015', '743', '680', '213', null, '110', '513', '25', '0', '', '3', '1.00', '5.00', '1500', '3', '60', '197');
INSERT INTO `assign_kpi` VALUES ('4915', '2015', '743', '678', '213', null, '110', '513', '25', '0', '', '80', '100.00', '5.00', '2000', '4', '80', '197');
INSERT INTO `assign_kpi` VALUES ('4914', '2015', '743', '679', '213', null, '110', '513', '25', '0', '', '2', '1.00', '5.00', '2000', '4', '80', '197');
INSERT INTO `assign_kpi` VALUES ('4913', '2015', '743', '681', '213', null, '110', '512', '25', '0', '', '4', '5.00', '5.00', '2000', '4', '80', '197');
INSERT INTO `assign_kpi` VALUES ('4912', '2015', '743', '680', '213', null, '110', '512', '25', '0', '', '4', '1.00', '5.00', '1000', '2', '40', '197');
INSERT INTO `assign_kpi` VALUES ('4911', '2015', '743', '678', '213', null, '110', '512', '25', '0', '', '80', '100.00', '5.00', '2000', '4', '80', '197');
INSERT INTO `assign_kpi` VALUES ('4910', '2015', '743', '679', '213', null, '110', '512', '25', '0', '', '0', '1.00', '5.00', '2500', '5', '100', '197');
INSERT INTO `assign_kpi` VALUES ('4909', '2015', '742', '681', '213', null, '110', '513', '25', '0', '', '4', '5.00', '5.00', '2000', '4', '80', '197');
INSERT INTO `assign_kpi` VALUES ('4908', '2015', '742', '680', '213', null, '110', '513', '25', '0', '', '2', '1.00', '5.00', '2000', '4', '80', '197');
INSERT INTO `assign_kpi` VALUES ('4907', '2015', '742', '679', '213', null, '110', '513', '25', '0', '', '2', '1.00', '5.00', '2000', '4', '80', '197');
INSERT INTO `assign_kpi` VALUES ('4906', '2015', '742', '678', '213', null, '110', '513', '25', '0', '', '80', '100.00', '5.00', '2000', '4', '80', '197');
INSERT INTO `assign_kpi` VALUES ('4905', '2015', '742', '681', '213', null, '110', '512', '25', '0', '', '3', '5.00', '5.00', '1500', '3', '60', '197');
INSERT INTO `assign_kpi` VALUES ('4902', '2015', '742', '678', '213', null, '110', '512', '25', '0', '', '70', '100.00', '5.00', '1500', '3', '60', '197');
INSERT INTO `assign_kpi` VALUES ('4903', '2015', '742', '679', '213', null, '110', '512', '25', '0', '', '4', '1.00', '5.00', '1000', '2', '40', '197');
INSERT INTO `assign_kpi` VALUES ('4904', '2015', '742', '680', '213', null, '110', '512', '25', '0', '', '2', '1.00', '5.00', '2000', '4', '80', '197');
INSERT INTO `assign_kpi` VALUES ('4901', '2015', '740', '681', '213', null, '110', '513', '25', '0', '', '5', '5.00', '5.00', '2500', '5', '100', '197');
INSERT INTO `assign_kpi` VALUES ('4900', '2015', '740', '680', '213', null, '110', '513', '25', '0', '', '4', '1.00', '5.00', '1000', '2', '40', '197');
INSERT INTO `assign_kpi` VALUES ('4895', '2015', '740', '679', '213', null, '110', '512', '25', '0', '', '2', '1.00', '5.00', '2000', '4', '80', '197');
INSERT INTO `assign_kpi` VALUES ('4896', '2015', '740', '680', '213', null, '110', '512', '25', '0', '', '3', '1.00', '5.00', '1500', '3', '60', '197');
INSERT INTO `assign_kpi` VALUES ('4897', '2015', '740', '681', '213', null, '110', '512', '25', '0', '', '5', '5.00', '5.00', '2500', '5', '100', '197');
INSERT INTO `assign_kpi` VALUES ('4898', '2015', '740', '678', '213', null, '110', '513', '25', '0', '', '80', '100.00', '5.00', '2000', '4', '80', '197');
INSERT INTO `assign_kpi` VALUES ('4899', '2015', '740', '679', '213', null, '110', '513', '25', '0', '', '2', '1.00', '5.00', '2000', '4', '80', '197');
INSERT INTO `assign_kpi` VALUES ('4892', '2015', '744', '676', '214', null, '110', '516', '25', '0', '', '60', '100.00', '5.00', '1500', '3', '60', '197');
INSERT INTO `assign_kpi` VALUES ('4893', '2015', '744', '677', '214', null, '110', '516', '25', '0', '', '60', '100.00', '5.00', '1000', '2', '40', '197');
INSERT INTO `assign_kpi` VALUES ('4894', '2015', '740', '678', '213', null, '110', '512', '25', '0', '', '80', '100.00', '5.00', '2000', '4', '80', '197');
INSERT INTO `assign_kpi` VALUES ('4891', '2015', '744', '675', '214', null, '110', '516', '25', '0', '', '8', '99.00', '5.00', '2500', '5', '100', '197');
INSERT INTO `assign_kpi` VALUES ('4889', '2015', '744', '677', '214', null, '110', '515', '25', '0', '', '75', '100.00', '5.00', '1500', '3', '60', '197');
INSERT INTO `assign_kpi` VALUES ('4890', '2015', '744', '674', '214', null, '110', '516', '25', '0', '', '0', '2.00', '5.00', '2500', '5', '100', '197');
INSERT INTO `assign_kpi` VALUES ('4888', '2015', '744', '676', '214', null, '110', '515', '25', '0', '', '80', '100.00', '5.00', '2000', '4', '80', '197');
INSERT INTO `assign_kpi` VALUES ('4885', '2015', '743', '677', '214', null, '110', '516', '25', '0', '', '60', '100.00', '5.00', '1000', '2', '40', '197');
INSERT INTO `assign_kpi` VALUES ('4886', '2015', '744', '674', '214', null, '110', '515', '25', '0', '', '0', '2.00', '5.00', '2500', '5', '100', '197');
INSERT INTO `assign_kpi` VALUES ('4887', '2015', '744', '675', '214', null, '110', '515', '25', '0', '', '5', '99.00', '5.00', '1500', '3', '60', '197');
INSERT INTO `assign_kpi` VALUES ('4884', '2015', '743', '676', '214', null, '110', '516', '25', '0', '', '50', '100.00', '5.00', '1000', '2', '40', '197');
INSERT INTO `assign_kpi` VALUES ('4882', '2015', '743', '674', '214', null, '110', '516', '25', '0', '', '4', '2.00', '5.00', '2000', '4', '80', '197');
INSERT INTO `assign_kpi` VALUES ('4883', '2015', '743', '675', '214', null, '110', '516', '25', '0', '', '2', '99.00', '5.00', '1000', '2', '40', '197');
INSERT INTO `assign_kpi` VALUES ('4881', '2015', '743', '677', '214', null, '110', '515', '25', '0', '', '70', '100.00', '5.00', '1500', '3', '60', '197');
INSERT INTO `assign_kpi` VALUES ('4880', '2015', '743', '676', '214', null, '110', '515', '25', '0', '', '75', '100.00', '5.00', '2000', '4', '80', '197');
INSERT INTO `assign_kpi` VALUES ('4879', '2015', '743', '675', '214', null, '110', '515', '25', '0', '', '5', '99.00', '5.00', '1500', '3', '60', '197');
INSERT INTO `assign_kpi` VALUES ('4877', '2015', '742', '677', '214', null, '110', '516', '25', '0', '', '80', '100.00', '5.00', '2000', '4', '80', '197');
INSERT INTO `assign_kpi` VALUES ('4878', '2015', '743', '674', '214', null, '110', '515', '25', '0', '', '3', '2.00', '5.00', '2000', '4', '80', '197');
INSERT INTO `assign_kpi` VALUES ('4875', '2015', '742', '675', '214', null, '110', '516', '25', '0', '', '5', '99.00', '5.00', '1500', '3', '60', '197');
INSERT INTO `assign_kpi` VALUES ('4876', '2015', '742', '676', '214', null, '110', '516', '25', '0', '', '60', '100.00', '5.00', '1500', '3', '60', '197');
INSERT INTO `assign_kpi` VALUES ('4874', '2015', '742', '674', '214', null, '110', '516', '25', '0', '', '3', '2.00', '5.00', '2000', '4', '80', '197');
INSERT INTO `assign_kpi` VALUES ('4873', '2015', '742', '677', '214', null, '110', '515', '25', '0', '', '80', '100.00', '5.00', '2000', '4', '80', '197');
INSERT INTO `assign_kpi` VALUES ('4872', '2015', '742', '676', '214', null, '110', '515', '25', '0', '', '70', '100.00', '5.00', '2000', '4', '80', '197');
INSERT INTO `assign_kpi` VALUES ('4870', '2015', '742', '674', '214', null, '110', '515', '25', '0', '', '2', '2.00', '5.00', '2500', '5', '100', '197');
INSERT INTO `assign_kpi` VALUES ('4871', '2015', '742', '675', '214', null, '110', '515', '25', '0', '', '2', '99.00', '5.00', '1000', '2', '40', '197');
INSERT INTO `assign_kpi` VALUES ('4869', '2015', '740', '677', '214', null, '110', '516', '25', '0', '', '90', '100.00', '5.00', '2500', '5', '100', '197');
INSERT INTO `assign_kpi` VALUES ('4868', '2015', '740', '676', '214', null, '110', '516', '25', '0', '', '55', '100.00', '5.00', '1000', '2', '40', '197');
INSERT INTO `assign_kpi` VALUES ('4867', '2015', '740', '675', '214', null, '110', '516', '25', '0', '', '4', '99.00', '5.00', '1500', '3', '60', '197');
INSERT INTO `assign_kpi` VALUES ('4866', '2015', '740', '674', '214', null, '110', '516', '25', '0', '', '2', '2.00', '5.00', '2500', '5', '100', '197');
INSERT INTO `assign_kpi` VALUES ('4865', '2015', '740', '677', '214', null, '110', '515', '25', '0', '', '75', '100.00', '5.00', '1500', '3', '60', '197');
INSERT INTO `assign_kpi` VALUES ('4863', '2015', '740', '675', '214', null, '110', '515', '25', '0', '', '4', '99.00', '5.00', '1500', '3', '60', '197');
INSERT INTO `assign_kpi` VALUES ('4864', '2015', '740', '676', '214', null, '110', '515', '25', '0', '', '70', '100.00', '5.00', '2000', '4', '80', '197');
INSERT INTO `assign_kpi` VALUES ('4862', '2015', '740', '674', '214', null, '110', '515', '25', '0', '', '2', '2.00', '5.00', '2500', '5', '100', '197');
INSERT INTO `assign_kpi` VALUES ('4861', '2015', '740', '671', '211', null, '110', '508', '25', '0', '', '0', '5.00', '5.00', '2500', '5', '99', '197');
INSERT INTO `assign_kpi` VALUES ('4859', '2015', '740', '672', '211', null, '110', '508', '25', '0', '', '70', '100.00', '5.00', '2000', '4', '80', '197');
INSERT INTO `assign_kpi` VALUES ('5061', '2015', '740', '673', '211', null, '110', '508', '25', '0', '', '0.00', '1.00', '5.00', '0', '0', '0', '197');

-- ----------------------------
-- Table structure for `assign_kpi_master`
-- ----------------------------
DROP TABLE IF EXISTS `assign_kpi_master`;
CREATE TABLE `assign_kpi_master` (
  `assign_kpi_id` int(11) NOT NULL AUTO_INCREMENT,
  `assign_kpi_year` varchar(255) DEFAULT NULL,
  `appraisal_period_id` varchar(11) DEFAULT NULL,
  `kpi_id` varchar(11) DEFAULT NULL,
  `department_id` varchar(11) DEFAULT NULL,
  `position_id` varchar(11) DEFAULT NULL,
  `kpi_weight` double(2,0) DEFAULT NULL,
  `kpi_type_actual` varchar(255) DEFAULT NULL,
  `kpi_actual_query` varchar(255) DEFAULT NULL,
  `kpi_actual_manual` varchar(255) DEFAULT NULL,
  `target_data` varchar(255) DEFAULT NULL,
  `target_score` varchar(255) DEFAULT NULL,
  `total_kpi_actual_score` int(11) DEFAULT NULL,
  `kpi_actual_score` double(2,0) DEFAULT NULL,
  `performance` double(2,0) DEFAULT NULL,
  `admin_id` int(11) DEFAULT NULL,
  `confirm_flag` varchar(1) DEFAULT NULL,
  `created_dt` datetime DEFAULT NULL,
  `updated_dt` datetime DEFAULT NULL,
  PRIMARY KEY (`assign_kpi_id`)
) ENGINE=MyISAM AUTO_INCREMENT=5108 DEFAULT CHARSET=utf8mb3;

-- ----------------------------
-- Records of assign_kpi_master
-- ----------------------------
INSERT INTO `assign_kpi_master` VALUES ('78', '2015', '22', '34', '9', '10', '25', '0', '', '0', '5.00', '5.00', '2500', '5', '99', '198', 'Y', null, '2015-03-25 14:19:26');
INSERT INTO `assign_kpi_master` VALUES ('79', '2015', '22', '35', '9', '10', '25', '0', '', '70', '100.00', '5.00', '2000', '4', '80', '198', 'Y', null, '2015-03-25 14:19:26');
INSERT INTO `assign_kpi_master` VALUES ('80', '2015', '22', '36', '9', '10', '25', '0', '', '4', '2.00', '5.00', '1500', '3', '60', '198', 'Y', null, '2015-03-25 14:19:26');
INSERT INTO `assign_kpi_master` VALUES ('8', '2015', '22', '42', '11', '10', '25', '0', '', '0.00', '', '', '0', '0', '0', '198', 'Y', null, '2015-03-23 13:20:54');
INSERT INTO `assign_kpi_master` VALUES ('77', '2015', '22', '33', '9', '10', '25', '0', '', '2', '4.00', '5.00', '2500', '5', '99', '198', 'Y', null, '2015-03-25 14:19:26');
INSERT INTO `assign_kpi_master` VALUES ('9', '2015', '22', '43', '11', '10', '25', '0', '', '0.00', '', '', '0', '0', '0', '198', 'Y', null, '2015-03-23 13:20:54');
INSERT INTO `assign_kpi_master` VALUES ('10', '2015', '22', '44', '11', '10', '25', '0', '', '0.00', '', '', '0', '0', '0', '198', 'Y', null, '2015-03-23 13:20:54');
INSERT INTO `assign_kpi_master` VALUES ('11', '2015', '22', '45', '11', '10', '25', '0', '', '0.00', '', '', '0', '0', '0', '198', 'Y', null, '2015-03-23 13:20:54');
INSERT INTO `assign_kpi_master` VALUES ('5102', '2016', '749', '672', '211', '110', '25', '0', '', '0.00', '89.00', '5.00', '0', '0', '0', '197', 'Y', null, '2015-08-13 10:49:29');
INSERT INTO `assign_kpi_master` VALUES ('5101', '2014', '748', '686', '216', '110', '25', '0', '', '0.00', '100.00', '5.00', '0', '0', '0', '197', 'Y', null, null);
INSERT INTO `assign_kpi_master` VALUES ('5100', '2014', '748', '687', '216', '110', '25', '0', '', '0.00', '2.00', '5.00', '0', '0', '0', '197', 'Y', null, null);
INSERT INTO `assign_kpi_master` VALUES ('5099', '2014', '748', '688', '216', '110', '25', '0', '', '0.00', '5.00', '5.00', '0', '0', '0', '197', 'Y', null, null);
INSERT INTO `assign_kpi_master` VALUES ('5098', '2014', '748', '689', '216', '110', '25', '0', '', '0.00', '100.00', '5.00', '0', '0', '0', '197', 'Y', null, null);
INSERT INTO `assign_kpi_master` VALUES ('5097', '2014', '747', '689', '216', '110', '25', '0', '', '0.00', '100.00', '5.00', '0', '0', '0', '197', 'Y', null, null);
INSERT INTO `assign_kpi_master` VALUES ('68', '2015', '22', '42', '11', '8', '25', '0', '', '0.00', '2.00', '5.00', '0', '0', '0', '198', 'Y', null, '2015-03-23 17:41:11');
INSERT INTO `assign_kpi_master` VALUES ('69', '2015', '22', '43', '11', '8', '25', '0', '', '0.00', '99.00', '5.00', '0', '0', '0', '198', 'Y', null, '2015-03-23 17:41:11');
INSERT INTO `assign_kpi_master` VALUES ('70', '2015', '22', '44', '11', '8', '25', '0', '', '0.00', '100.00', '5.00', '0', '0', '0', '198', 'Y', null, '2015-03-23 17:41:11');
INSERT INTO `assign_kpi_master` VALUES ('71', '2015', '22', '45', '11', '8', '25', '0', '', '0.00', '100.00', '5.00', '0', '0', '0', '198', 'Y', null, '2015-03-23 17:41:11');
INSERT INTO `assign_kpi_master` VALUES ('72', '2015', '22', '33', '9', '8', '25', '0', '', '0.00', '4.00', '5.00', '0', '0', '0', '198', 'Y', null, '2015-03-23 17:41:53');
INSERT INTO `assign_kpi_master` VALUES ('73', '2015', '22', '34', '9', '8', '25', '0', '', '0.00', '5.00', '5.00', '0', '0', '0', '198', 'Y', null, '2015-03-23 17:41:53');
INSERT INTO `assign_kpi_master` VALUES ('74', '2015', '22', '35', '9', '8', '25', '0', '', '0.00', '100.00', '5.00', '0', '0', '0', '198', 'Y', null, '2015-03-23 17:41:53');
INSERT INTO `assign_kpi_master` VALUES ('75', '2015', '22', '36', '9', '8', '25', '0', '', '0.00', '2.00', '5.00', '0', '0', '0', '198', 'Y', null, '2015-03-23 17:41:53');
INSERT INTO `assign_kpi_master` VALUES ('81', '2015', '24', '33', '9', '10', '25', '0', '', '0', '4.00', '5.00', '2500', '5', '99', '198', 'Y', null, '2015-03-25 14:20:18');
INSERT INTO `assign_kpi_master` VALUES ('82', '2015', '24', '34', '9', '10', '25', '0', '', '2', '5.00', '5.00', '2500', '5', '99', '198', 'Y', null, '2015-03-25 14:20:18');
INSERT INTO `assign_kpi_master` VALUES ('83', '2015', '24', '35', '9', '10', '25', '0', '', '50', '100.00', '5.00', '1000', '2', '40', '198', 'Y', null, '2015-03-25 14:20:18');
INSERT INTO `assign_kpi_master` VALUES ('84', '2015', '24', '36', '9', '10', '25', '0', '', '5', '2.00', '5.00', '1000', '2', '40', '198', 'Y', null, '2015-03-25 14:20:18');
INSERT INTO `assign_kpi_master` VALUES ('85', '2015', '25', '33', '9', '10', '25', '0', '', '4', '4.00', '5.00', '2500', '5', '99', '198', 'Y', null, '2015-03-25 14:20:49');
INSERT INTO `assign_kpi_master` VALUES ('86', '2015', '25', '34', '9', '10', '25', '0', '', '4', '5.00', '5.00', '2500', '5', '99', '198', 'Y', null, '2015-03-25 14:20:49');
INSERT INTO `assign_kpi_master` VALUES ('87', '2015', '25', '35', '9', '10', '25', '0', '', '65', '100.00', '5.00', '1500', '3', '60', '198', 'Y', null, '2015-03-25 14:20:49');
INSERT INTO `assign_kpi_master` VALUES ('88', '2015', '25', '36', '9', '10', '25', '0', '', '8', '2.00', '5.00', '500', '1', '20', '198', 'Y', null, '2015-03-25 14:20:49');
INSERT INTO `assign_kpi_master` VALUES ('89', '2015', '26', '33', '9', '10', '25', '0', '', '9', '4.00', '5.00', '1000', '2', '40', '198', 'Y', null, '2015-03-25 14:21:20');
INSERT INTO `assign_kpi_master` VALUES ('90', '2015', '26', '34', '9', '10', '25', '0', '', '8', '5.00', '5.00', '1500', '3', '60', '198', 'Y', null, '2015-03-25 14:21:20');
INSERT INTO `assign_kpi_master` VALUES ('91', '2015', '26', '36', '9', '10', '25', '0', '', '4', '2.00', '5.00', '1500', '3', '60', '198', 'Y', null, '2015-03-25 14:21:20');
INSERT INTO `assign_kpi_master` VALUES ('92', '2015', '26', '35', '9', '10', '25', '0', '', '90', '100.00', '5.00', '2500', '5', '99', '198', 'Y', null, '2015-03-25 14:21:20');
INSERT INTO `assign_kpi_master` VALUES ('93', '2015', '22', '82', '13', '10', '25', '0', '', '0.00', '100.00', '5.00', '0', '0', '0', '198', 'Y', null, '2015-03-24 16:23:31');
INSERT INTO `assign_kpi_master` VALUES ('94', '2015', '22', '83', '13', '10', '25', '0', '', '0.00', '100.00', '5.00', '0', '0', '0', '198', 'Y', null, '2015-03-24 16:23:31');
INSERT INTO `assign_kpi_master` VALUES ('95', '2015', '22', '84', '13', '10', '25', '0', '', '0.00', '3.00', '5.00', '0', '0', '0', '198', 'Y', null, '2015-03-24 16:23:31');
INSERT INTO `assign_kpi_master` VALUES ('96', '2015', '22', '85', '13', '10', '25', '0', '', '0.00', '5.00', '5.00', '0', '0', '0', '198', 'Y', null, '2015-03-24 16:23:31');
INSERT INTO `assign_kpi_master` VALUES ('97', '2015', '24', '82', '13', '10', '25', '0', '', '0.00', '100.00', '5.00', '0', '0', '0', '198', 'Y', null, '2015-03-24 16:24:30');
INSERT INTO `assign_kpi_master` VALUES ('98', '2015', '24', '83', '13', '10', '25', '0', '', '0.00', '100.00', '5.00', '0', '0', '0', '198', 'Y', null, '2015-03-24 16:24:30');
INSERT INTO `assign_kpi_master` VALUES ('99', '2015', '24', '84', '13', '10', '25', '0', '', '0.00', '3.00', '5.00', '0', '0', '0', '198', 'Y', null, '2015-03-24 16:24:30');
INSERT INTO `assign_kpi_master` VALUES ('100', '2015', '24', '85', '13', '10', '25', '0', '', '0.00', '5.00', '5.00', '0', '0', '0', '198', 'Y', null, '2015-03-24 16:24:30');
INSERT INTO `assign_kpi_master` VALUES ('101', '2015', '25', '82', '13', '10', '25', '0', '', '0.00', '100.00', '5.00', '0', '0', '0', '198', 'Y', null, '2015-03-24 16:25:01');
INSERT INTO `assign_kpi_master` VALUES ('102', '2015', '25', '83', '13', '10', '25', '0', '', '0.00', '100.00', '5.00', '0', '0', '0', '198', 'Y', null, '2015-03-24 16:25:01');
INSERT INTO `assign_kpi_master` VALUES ('103', '2015', '25', '84', '13', '10', '25', '0', '', '0.00', '3.00', '5.00', '0', '0', '0', '198', 'Y', null, '2015-03-24 16:25:01');
INSERT INTO `assign_kpi_master` VALUES ('104', '2015', '25', '85', '13', '10', '25', '0', '', '0.00', '5.00', '5.00', '0', '0', '0', '198', 'Y', null, '2015-03-24 16:25:01');
INSERT INTO `assign_kpi_master` VALUES ('105', '2015', '26', '82', '13', '10', '25', '0', '', '0.00', '100.00', '5.00', '0', '0', '0', '198', 'Y', null, '2015-03-24 16:25:29');
INSERT INTO `assign_kpi_master` VALUES ('106', '2015', '26', '83', '13', '10', '25', '0', '', '0.00', '100.00', '5.00', '0', '0', '0', '198', 'Y', null, '2015-03-24 16:25:29');
INSERT INTO `assign_kpi_master` VALUES ('107', '2015', '26', '84', '13', '10', '25', '0', '', '0.00', '3.00', '5.00', '0', '0', '0', '198', 'Y', null, '2015-03-24 16:25:29');
INSERT INTO `assign_kpi_master` VALUES ('108', '2015', '26', '85', '13', '10', '25', '0', '', '0.00', '5.00', '5.00', '0', '0', '0', '198', 'Y', null, '2015-03-24 16:25:29');
INSERT INTO `assign_kpi_master` VALUES ('109', '2015', '22', '78', '12', '10', '25', '0', '', '0.00', '100.00', '5.00', '0', '0', '0', '198', 'Y', null, '2015-03-24 16:27:48');
INSERT INTO `assign_kpi_master` VALUES ('110', '2015', '22', '79', '12', '10', '25', '0', '', '0.00', '1.00', '5.00', '0', '0', '0', '198', 'Y', null, '2015-03-24 16:27:48');
INSERT INTO `assign_kpi_master` VALUES ('111', '2015', '22', '80', '12', '10', '25', '0', '', '0.00', '1.00', '5.00', '0', '0', '0', '198', 'Y', null, '2015-03-24 16:27:48');
INSERT INTO `assign_kpi_master` VALUES ('112', '2015', '22', '81', '12', '10', '25', '0', '', '0.00', '5.00', '5.00', '0', '0', '0', '198', 'Y', null, '2015-03-24 16:27:48');
INSERT INTO `assign_kpi_master` VALUES ('113', '2015', '24', '78', '12', '10', '25', '0', '', '0.00', '100.00', '5.00', '0', '0', '0', '198', 'Y', null, '2015-03-24 16:28:16');
INSERT INTO `assign_kpi_master` VALUES ('114', '2015', '24', '79', '12', '10', '25', '0', '', '0.00', '1.00', '5.00', '0', '0', '0', '198', 'Y', null, '2015-03-24 16:28:16');
INSERT INTO `assign_kpi_master` VALUES ('115', '2015', '24', '80', '12', '10', '25', '0', '', '0.00', '1.00', '5.00', '0', '0', '0', '198', 'Y', null, '2015-03-24 16:28:16');
INSERT INTO `assign_kpi_master` VALUES ('116', '2015', '24', '81', '12', '10', '25', '0', '', '0.00', '5.00', '5.00', '0', '0', '0', '198', 'Y', null, '2015-03-24 16:28:16');
INSERT INTO `assign_kpi_master` VALUES ('117', '2015', '25', '79', '12', '10', '25', '0', '', '0.00', '1.00', '5.00', '0', '0', '0', '198', 'Y', null, '2015-03-24 16:28:46');
INSERT INTO `assign_kpi_master` VALUES ('118', '2015', '25', '78', '12', '10', '25', '0', '', '0.00', '100.00', '5.00', '0', '0', '0', '198', 'Y', null, '2015-03-24 16:28:46');
INSERT INTO `assign_kpi_master` VALUES ('119', '2015', '25', '80', '12', '10', '25', '0', '', '0.00', '1.00', '5.00', '0', '0', '0', '198', 'Y', null, '2015-03-24 16:28:46');
INSERT INTO `assign_kpi_master` VALUES ('120', '2015', '25', '81', '12', '10', '25', '0', '', '0.00', '5.00', '5.00', '0', '0', '0', '198', 'Y', null, '2015-03-24 16:28:46');
INSERT INTO `assign_kpi_master` VALUES ('121', '2015', '26', '78', '12', '10', '25', '0', '', '0.00', '100.00', '5.00', '0', '0', '0', '198', 'Y', null, '2015-03-24 16:29:32');
INSERT INTO `assign_kpi_master` VALUES ('122', '2015', '26', '80', '12', '10', '25', '0', '', '0.00', '1.00', '5.00', '0', '0', '0', '198', 'Y', null, '2015-03-24 16:29:32');
INSERT INTO `assign_kpi_master` VALUES ('123', '2015', '26', '81', '12', '10', '25', '0', '', '0.00', '5.00', '5.00', '0', '0', '0', '198', 'Y', null, '2015-03-24 16:29:32');
INSERT INTO `assign_kpi_master` VALUES ('124', '2015', '26', '79', '12', '10', '25', '0', '', '0.00', '1.00', '5.00', '0', '0', '0', '198', 'Y', null, '2015-03-24 16:29:32');
INSERT INTO `assign_kpi_master` VALUES ('125', '2015', '24', '42', '11', '10', '25', '0', '', '0.00', '2.00', '5.00', '0', '0', '0', '198', 'Y', null, '2015-03-24 16:58:16');
INSERT INTO `assign_kpi_master` VALUES ('126', '2015', '24', '43', '11', '10', '25', '0', '', '0.00', '99.00', '5.00', '0', '0', '0', '198', 'Y', null, '2015-03-24 16:58:16');
INSERT INTO `assign_kpi_master` VALUES ('127', '2015', '24', '44', '11', '10', '25', '0', '', '0.00', '100.00', '5.00', '0', '0', '0', '198', 'Y', null, '2015-03-24 16:58:16');
INSERT INTO `assign_kpi_master` VALUES ('128', '2015', '24', '45', '11', '10', '25', '0', '', '0.00', '100.00', '5.00', '0', '0', '0', '198', 'Y', null, '2015-03-24 16:58:16');
INSERT INTO `assign_kpi_master` VALUES ('129', '2015', '25', '42', '11', '10', '25', '0', '', '0.00', '2.00', '5.00', '0', '0', '0', '198', 'Y', null, '2015-03-24 16:59:00');
INSERT INTO `assign_kpi_master` VALUES ('130', '2015', '25', '43', '11', '10', '25', '0', '', '0.00', '99.00', '5.00', '0', '0', '0', '198', 'Y', null, '2015-03-24 16:59:00');
INSERT INTO `assign_kpi_master` VALUES ('131', '2015', '25', '44', '11', '10', '25', '0', '', '0.00', '100.00', '5.00', '0', '0', '0', '198', 'Y', null, '2015-03-24 16:59:00');
INSERT INTO `assign_kpi_master` VALUES ('132', '2015', '25', '45', '11', '10', '25', '0', '', '0.00', '100.00', '5.00', '0', '0', '0', '198', 'Y', null, '2015-03-24 16:59:00');
INSERT INTO `assign_kpi_master` VALUES ('133', '2015', '26', '42', '11', '10', '25', '0', '', '0.00', '2.00', '5.00', '0', '0', '0', '198', 'Y', null, '2015-03-24 17:00:27');
INSERT INTO `assign_kpi_master` VALUES ('134', '2015', '26', '43', '11', '10', '25', '0', '', '0.00', '99.00', '5.00', '0', '0', '0', '198', 'Y', null, '2015-03-24 17:00:27');
INSERT INTO `assign_kpi_master` VALUES ('135', '2015', '26', '44', '11', '10', '25', '0', '', '0.00', '100.00', '5.00', '0', '0', '0', '198', 'Y', null, '2015-03-24 17:00:27');
INSERT INTO `assign_kpi_master` VALUES ('136', '2015', '26', '45', '11', '10', '25', '0', '', '0.00', '100.00', '5.00', '0', '0', '0', '198', 'Y', null, '2015-03-24 17:00:27');
INSERT INTO `assign_kpi_master` VALUES ('137', '2015', '22', '90', '14', '10', '25', '0', '', '0.00', '100.00', '5.00', '0', '0', '0', '198', 'Y', null, '2015-03-24 17:29:08');
INSERT INTO `assign_kpi_master` VALUES ('138', '2015', '22', '91', '14', '10', '25', '0', '', '0.00', '99.00', '5.00', '0', '0', '0', '198', 'Y', null, '2015-03-24 17:29:08');
INSERT INTO `assign_kpi_master` VALUES ('139', '2015', '22', '92', '14', '10', '25', '0', '', '0.00', '100.00', '5.00', '0', '0', '0', '198', 'Y', null, '2015-03-24 17:29:08');
INSERT INTO `assign_kpi_master` VALUES ('140', '2015', '22', '93', '14', '10', '25', '0', '', '0.00', '100.00', '5.00', '0', '0', '0', '198', 'Y', null, '2015-03-24 17:29:08');
INSERT INTO `assign_kpi_master` VALUES ('141', '2015', '24', '93', '14', '10', '25', '0', '', '0.00', '100.00', '5.00', '0', '0', '0', '198', 'Y', null, '2015-03-24 17:30:28');
INSERT INTO `assign_kpi_master` VALUES ('142', '2015', '24', '92', '14', '10', '25', '0', '', '0.00', '100.00', '5.00', '0', '0', '0', '198', 'Y', null, '2015-03-24 17:30:28');
INSERT INTO `assign_kpi_master` VALUES ('143', '2015', '24', '91', '14', '10', '25', '0', '', '0.00', '99.00', '5.00', '0', '0', '0', '198', 'Y', null, '2015-03-24 17:30:28');
INSERT INTO `assign_kpi_master` VALUES ('144', '2015', '24', '90', '14', '10', '25', '0', '', '0.00', '100.00', '5.00', '0', '0', '0', '198', 'Y', null, '2015-03-24 17:30:28');
INSERT INTO `assign_kpi_master` VALUES ('145', '2015', '25', '90', '14', '10', '25', '0', '', '0.00', '100.00', '5.00', '0', '0', '0', '198', 'Y', null, '2015-03-24 17:30:57');
INSERT INTO `assign_kpi_master` VALUES ('146', '2015', '25', '91', '14', '10', '25', '0', '', '0.00', '99.00', '5.00', '0', '0', '0', '198', 'Y', null, '2015-03-24 17:30:57');
INSERT INTO `assign_kpi_master` VALUES ('147', '2015', '25', '92', '14', '10', '25', '0', '', '0.00', '100.00', '5.00', '0', '0', '0', '198', 'Y', null, '2015-03-24 17:30:57');
INSERT INTO `assign_kpi_master` VALUES ('148', '2015', '25', '93', '14', '10', '25', '0', '', '0.00', '100.00', '5.00', '0', '0', '0', '198', 'Y', null, '2015-03-24 17:30:57');
INSERT INTO `assign_kpi_master` VALUES ('149', '2015', '26', '93', '14', '10', '25', '0', '', '0.00', '100.00', '5.00', '0', '0', '0', '198', 'Y', null, '2015-03-24 17:31:24');
INSERT INTO `assign_kpi_master` VALUES ('150', '2015', '26', '92', '14', '10', '25', '0', '', '0.00', '100.00', '5.00', '0', '0', '0', '198', 'Y', null, '2015-03-24 17:31:24');
INSERT INTO `assign_kpi_master` VALUES ('151', '2015', '26', '91', '14', '10', '25', '0', '', '0.00', '99.00', '5.00', '0', '0', '0', '198', 'Y', null, '2015-03-24 17:31:24');
INSERT INTO `assign_kpi_master` VALUES ('152', '2015', '26', '90', '14', '10', '25', '0', '', '0.00', '100.00', '5.00', '0', '0', '0', '198', 'Y', null, '2015-03-24 17:31:24');
INSERT INTO `assign_kpi_master` VALUES ('153', '2015', '22', '86', '15', '10', '25', '0', '', '80', '100.00', '5.00', '2000', '4', '80', '198', 'Y', null, '2015-03-25 14:16:46');
INSERT INTO `assign_kpi_master` VALUES ('154', '2015', '22', '87', '15', '10', '25', '0', '', '1', '2.00', '5.00', '2500', '5', '99', '198', 'Y', null, '2015-03-25 14:16:46');
INSERT INTO `assign_kpi_master` VALUES ('155', '2015', '22', '88', '15', '10', '25', '0', '', '2', '5.00', '5.00', '1000', '2', '40', '198', 'Y', null, '2015-03-25 14:16:46');
INSERT INTO `assign_kpi_master` VALUES ('156', '2015', '22', '89', '15', '10', '25', '0', '', '90', '100.00', '5.00', '2500', '5', '99', '198', 'Y', null, '2015-03-25 14:16:46');
INSERT INTO `assign_kpi_master` VALUES ('157', '2015', '24', '89', '15', '10', '25', '0', '', '80', '100.00', '5.00', '2000', '4', '80', '198', 'Y', null, '2015-03-25 14:17:18');
INSERT INTO `assign_kpi_master` VALUES ('158', '2015', '24', '88', '15', '10', '25', '0', '', '4', '5.00', '5.00', '2000', '4', '80', '198', 'Y', null, '2015-03-25 14:17:18');
INSERT INTO `assign_kpi_master` VALUES ('159', '2015', '24', '87', '15', '10', '25', '0', '', '0.7', '2.00', '5.00', '1500', '3', '60', '198', 'Y', null, '2015-03-25 14:17:18');
INSERT INTO `assign_kpi_master` VALUES ('160', '2015', '24', '86', '15', '10', '25', '0', '', '50', '100.00', '5.00', '500', '1', '20', '198', 'Y', null, '2015-03-25 14:17:18');
INSERT INTO `assign_kpi_master` VALUES ('161', '2015', '25', '86', '15', '10', '25', '0', '', '80', '100.00', '5.00', '2000', '4', '80', '198', 'Y', null, '2015-03-25 14:17:56');
INSERT INTO `assign_kpi_master` VALUES ('162', '2015', '25', '87', '15', '10', '25', '0', '', '1', '2.00', '5.00', '2500', '5', '99', '198', 'Y', null, '2015-03-25 14:17:56');
INSERT INTO `assign_kpi_master` VALUES ('163', '2015', '25', '89', '15', '10', '25', '0', '', '80', '100.00', '5.00', '2000', '4', '80', '198', 'Y', null, '2015-03-25 14:17:56');
INSERT INTO `assign_kpi_master` VALUES ('164', '2015', '25', '88', '15', '10', '25', '0', '', '2', '5.00', '5.00', '1000', '2', '40', '198', 'Y', null, '2015-03-25 14:17:56');
INSERT INTO `assign_kpi_master` VALUES ('165', '2015', '26', '88', '15', '10', '25', '0', '', '4', '5.00', '5.00', '2000', '4', '80', '198', 'Y', null, '2015-03-25 14:12:38');
INSERT INTO `assign_kpi_master` VALUES ('166', '2015', '26', '89', '15', '10', '25', '0', '', '80', '100.00', '5.00', '2000', '4', '80', '198', 'Y', null, '2015-03-25 14:12:38');
INSERT INTO `assign_kpi_master` VALUES ('167', '2015', '26', '87', '15', '10', '25', '0', '', '0.7', '2.00', '5.00', '1500', '3', '60', '198', 'Y', null, '2015-03-25 14:12:38');
INSERT INTO `assign_kpi_master` VALUES ('168', '2015', '26', '86', '15', '10', '25', '0', '', '90', '100.00', '5.00', '2500', '5', '99', '198', 'Y', null, '2015-03-25 14:12:38');
INSERT INTO `assign_kpi_master` VALUES ('169', '2014', '31', '33', '9', '10', '25', '0', '', '0.00', '4.00', '5.00', '0', '0', '0', '198', 'Y', null, '2015-03-25 09:32:24');
INSERT INTO `assign_kpi_master` VALUES ('170', '2014', '31', '34', '9', '10', '25', '0', '', '0.00', '5.00', '5.00', '0', '0', '0', '198', 'Y', null, '2015-03-25 09:32:24');
INSERT INTO `assign_kpi_master` VALUES ('171', '2014', '31', '35', '9', '10', '25', '0', '', '0.00', '100.00', '5.00', '0', '0', '0', '198', 'Y', null, '2015-03-25 09:32:24');
INSERT INTO `assign_kpi_master` VALUES ('172', '2014', '31', '36', '9', '10', '25', '0', '', '0.00', '2.00', '5.00', '0', '0', '0', '198', 'Y', null, '2015-03-25 09:32:24');
INSERT INTO `assign_kpi_master` VALUES ('173', '2014', '32', '36', '9', '10', '25', '0', '', '0.00', '2.00', '5.00', '0', '0', '0', '198', 'Y', null, '2015-03-25 09:33:08');
INSERT INTO `assign_kpi_master` VALUES ('174', '2014', '32', '35', '9', '10', '25', '0', '', '0.00', '100.00', '5.00', '0', '0', '0', '198', 'Y', null, '2015-03-25 09:33:08');
INSERT INTO `assign_kpi_master` VALUES ('175', '2014', '32', '34', '9', '10', '25', '0', '', '0.00', '5.00', '5.00', '0', '0', '0', '198', 'Y', null, '2015-03-25 09:33:08');
INSERT INTO `assign_kpi_master` VALUES ('176', '2014', '32', '33', '9', '10', '25', '0', '', '0.00', '4.00', '5.00', '0', '0', '0', '198', 'Y', null, '2015-03-25 09:33:08');
INSERT INTO `assign_kpi_master` VALUES ('177', '2014', '33', '33', '9', '10', '25', '0', '', '0.00', '4.00', '5.00', '0', '0', '0', '198', 'Y', null, '2015-03-25 09:33:40');
INSERT INTO `assign_kpi_master` VALUES ('178', '2014', '33', '34', '9', '10', '25', '0', '', '0.00', '5.00', '5.00', '0', '0', '0', '198', 'Y', null, '2015-03-25 09:33:40');
INSERT INTO `assign_kpi_master` VALUES ('179', '2014', '33', '35', '9', '10', '25', '0', '', '0.00', '100.00', '5.00', '0', '0', '0', '198', 'Y', null, '2015-03-25 09:33:40');
INSERT INTO `assign_kpi_master` VALUES ('180', '2014', '33', '36', '9', '10', '25', '0', '', '0.00', '2.00', '5.00', '0', '0', '0', '198', 'Y', null, '2015-03-25 09:33:40');
INSERT INTO `assign_kpi_master` VALUES ('181', '2014', '34', '36', '9', '10', '25', '0', '', '0.00', '2.00', '5.00', '0', '0', '0', '198', 'Y', null, '2015-03-25 09:53:01');
INSERT INTO `assign_kpi_master` VALUES ('182', '2014', '34', '35', '9', '10', '25', '0', '', '0.00', '100.00', '5.00', '0', '0', '0', '198', 'Y', null, '2015-03-25 09:53:01');
INSERT INTO `assign_kpi_master` VALUES ('183', '2014', '34', '34', '9', '10', '25', '0', '', '0.00', '5.00', '5.00', '0', '0', '0', '198', 'Y', null, '2015-03-25 09:53:01');
INSERT INTO `assign_kpi_master` VALUES ('184', '2014', '34', '33', '9', '10', '25', '0', '', '0.00', '4.00', '5.00', '0', '0', '0', '198', 'Y', null, '2015-03-25 09:53:01');
INSERT INTO `assign_kpi_master` VALUES ('249', '2014', '34', '78', '12', '10', '25', '0', '', '0.00', '100.00', '5.00', '0', '0', '0', '198', 'Y', null, '2015-03-25 10:10:16');
INSERT INTO `assign_kpi_master` VALUES ('248', '2014', '34', '79', '12', '10', '25', '0', '', '0.00', '1.00', '5.00', '0', '0', '0', '198', 'Y', null, '2015-03-25 10:10:16');
INSERT INTO `assign_kpi_master` VALUES ('247', '2014', '34', '80', '12', '10', '25', '0', '', '0.00', '1.00', '5.00', '0', '0', '0', '198', 'Y', null, '2015-03-25 10:10:16');
INSERT INTO `assign_kpi_master` VALUES ('230', '2014', '34', '85', '13', '10', '25', '0', '', '0.00', '5.00', '5.00', '0', '0', '0', '198', 'Y', null, '2015-03-25 10:06:55');
INSERT INTO `assign_kpi_master` VALUES ('231', '2014', '34', '84', '13', '10', '25', '0', '', '0.00', '3.00', '5.00', '0', '0', '0', '198', 'Y', null, '2015-03-25 10:06:55');
INSERT INTO `assign_kpi_master` VALUES ('232', '2014', '34', '83', '13', '10', '25', '0', '', '0.00', '100.00', '5.00', '0', '0', '0', '198', 'Y', null, '2015-03-25 10:06:55');
INSERT INTO `assign_kpi_master` VALUES ('233', '2014', '34', '82', '13', '10', '25', '0', '', '0.00', '100.00', '5.00', '0', '0', '0', '198', 'Y', null, '2015-03-25 10:06:55');
INSERT INTO `assign_kpi_master` VALUES ('229', '2014', '33', '85', '13', '10', '25', '0', '', '0.00', '5.00', '5.00', '0', '0', '0', '198', 'Y', null, '2015-03-25 10:06:35');
INSERT INTO `assign_kpi_master` VALUES ('228', '2014', '33', '84', '13', '10', '25', '0', '', '0.00', '3.00', '5.00', '0', '0', '0', '198', 'Y', null, '2015-03-25 10:06:35');
INSERT INTO `assign_kpi_master` VALUES ('226', '2014', '33', '82', '13', '10', '25', '0', '', '0.00', '100.00', '5.00', '0', '0', '0', '198', 'Y', null, '2015-03-25 10:06:35');
INSERT INTO `assign_kpi_master` VALUES ('227', '2014', '33', '83', '13', '10', '25', '0', '', '0.00', '100.00', '5.00', '0', '0', '0', '198', 'Y', null, '2015-03-25 10:06:35');
INSERT INTO `assign_kpi_master` VALUES ('225', '2014', '32', '82', '13', '10', '25', '0', '', '0.00', '100.00', '5.00', '0', '0', '0', '198', 'Y', null, '2015-03-25 10:06:13');
INSERT INTO `assign_kpi_master` VALUES ('223', '2014', '32', '84', '13', '10', '25', '0', '', '0.00', '3.00', '5.00', '0', '0', '0', '198', 'Y', null, '2015-03-25 10:06:13');
INSERT INTO `assign_kpi_master` VALUES ('224', '2014', '32', '83', '13', '10', '25', '0', '', '0.00', '100.00', '5.00', '0', '0', '0', '198', 'Y', null, '2015-03-25 10:06:13');
INSERT INTO `assign_kpi_master` VALUES ('242', '2014', '33', '78', '12', '10', '25', '0', '', '0.00', '100.00', '5.00', '0', '0', '0', '198', 'Y', null, '2015-03-25 10:09:58');
INSERT INTO `assign_kpi_master` VALUES ('243', '2014', '33', '79', '12', '10', '25', '0', '', '0.00', '1.00', '5.00', '0', '0', '0', '198', 'Y', null, '2015-03-25 10:09:58');
INSERT INTO `assign_kpi_master` VALUES ('244', '2014', '33', '80', '12', '10', '25', '0', '', '0.00', '1.00', '5.00', '0', '0', '0', '198', 'Y', null, '2015-03-25 10:09:58');
INSERT INTO `assign_kpi_master` VALUES ('245', '2014', '33', '81', '12', '10', '25', '0', '', '0.00', '5.00', '5.00', '0', '0', '0', '198', 'Y', null, '2015-03-25 10:09:58');
INSERT INTO `assign_kpi_master` VALUES ('246', '2014', '34', '81', '12', '10', '25', '0', '', '0.00', '5.00', '5.00', '0', '0', '0', '198', 'Y', null, '2015-03-25 10:10:16');
INSERT INTO `assign_kpi_master` VALUES ('239', '2014', '32', '80', '12', '10', '25', '0', '', '0.00', '1.00', '5.00', '0', '0', '0', '198', 'Y', null, '2015-03-25 10:09:28');
INSERT INTO `assign_kpi_master` VALUES ('240', '2014', '32', '79', '12', '10', '25', '0', '', '0.00', '1.00', '5.00', '0', '0', '0', '198', 'Y', null, '2015-03-25 10:09:28');
INSERT INTO `assign_kpi_master` VALUES ('241', '2014', '32', '78', '12', '10', '25', '0', '', '0.00', '100.00', '5.00', '0', '0', '0', '198', 'Y', null, '2015-03-25 10:09:28');
INSERT INTO `assign_kpi_master` VALUES ('238', '2014', '32', '81', '12', '10', '25', '0', '', '0.00', '5.00', '5.00', '0', '0', '0', '198', 'Y', null, '2015-03-25 10:09:28');
INSERT INTO `assign_kpi_master` VALUES ('235', '2014', '31', '79', '12', '10', '25', '0', '', '0.00', '1.00', '5.00', '0', '0', '0', '198', 'Y', null, '2015-03-25 10:09:03');
INSERT INTO `assign_kpi_master` VALUES ('236', '2014', '31', '80', '12', '10', '25', '0', '', '0.00', '1.00', '5.00', '0', '0', '0', '198', 'Y', null, '2015-03-25 10:09:03');
INSERT INTO `assign_kpi_master` VALUES ('237', '2014', '31', '81', '12', '10', '25', '0', '', '0.00', '5.00', '5.00', '0', '0', '0', '198', 'Y', null, '2015-03-25 10:09:03');
INSERT INTO `assign_kpi_master` VALUES ('234', '2014', '31', '78', '12', '10', '25', '0', '', '0.00', '100.00', '5.00', '0', '0', '0', '198', 'Y', null, '2015-03-25 10:09:03');
INSERT INTO `assign_kpi_master` VALUES ('222', '2014', '32', '85', '13', '10', '25', '0', '', '0.00', '5.00', '5.00', '0', '0', '0', '198', 'Y', null, '2015-03-25 10:06:13');
INSERT INTO `assign_kpi_master` VALUES ('218', '2014', '31', '82', '13', '10', '25', '0', '', '0.00', '100.00', '5.00', '0', '0', '0', '198', 'Y', null, '2015-03-25 10:05:54');
INSERT INTO `assign_kpi_master` VALUES ('219', '2014', '31', '83', '13', '10', '25', '0', '', '0.00', '100.00', '5.00', '0', '0', '0', '198', 'Y', null, '2015-03-25 10:05:54');
INSERT INTO `assign_kpi_master` VALUES ('220', '2014', '31', '84', '13', '10', '25', '0', '', '0.00', '3.00', '5.00', '0', '0', '0', '198', 'Y', null, '2015-03-25 10:05:54');
INSERT INTO `assign_kpi_master` VALUES ('221', '2014', '31', '85', '13', '10', '25', '0', '', '0.00', '5.00', '5.00', '0', '0', '0', '198', 'Y', null, '2015-03-25 10:05:54');
INSERT INTO `assign_kpi_master` VALUES ('250', '2014', '31', '42', '11', '10', '25', '0', '', '0.00', '2.00', '5.00', '0', '0', '0', '198', 'Y', null, '2015-03-25 10:21:29');
INSERT INTO `assign_kpi_master` VALUES ('251', '2014', '31', '43', '11', '10', '25', '0', '', '0.00', '99.00', '5.00', '0', '0', '0', '198', 'Y', null, '2015-03-25 10:21:29');
INSERT INTO `assign_kpi_master` VALUES ('252', '2014', '31', '44', '11', '10', '25', '0', '', '0.00', '100.00', '5.00', '0', '0', '0', '198', 'Y', null, '2015-03-25 10:21:29');
INSERT INTO `assign_kpi_master` VALUES ('253', '2014', '31', '45', '11', '10', '25', '0', '', '0.00', '100.00', '5.00', '0', '0', '0', '198', 'Y', null, '2015-03-25 10:21:29');
INSERT INTO `assign_kpi_master` VALUES ('254', '2014', '32', '45', '11', '10', '25', '0', '', '0.00', '100.00', '5.00', '0', '0', '0', '198', 'Y', null, '2015-03-25 10:21:48');
INSERT INTO `assign_kpi_master` VALUES ('255', '2014', '32', '44', '11', '10', '25', '0', '', '0.00', '100.00', '5.00', '0', '0', '0', '198', 'Y', null, '2015-03-25 10:21:48');
INSERT INTO `assign_kpi_master` VALUES ('256', '2014', '32', '43', '11', '10', '25', '0', '', '0.00', '99.00', '5.00', '0', '0', '0', '198', 'Y', null, '2015-03-25 10:21:48');
INSERT INTO `assign_kpi_master` VALUES ('257', '2014', '32', '42', '11', '10', '25', '0', '', '0.00', '2.00', '5.00', '0', '0', '0', '198', 'Y', null, '2015-03-25 10:21:48');
INSERT INTO `assign_kpi_master` VALUES ('258', '2014', '33', '42', '11', '10', '25', '0', '', '0.00', '2.00', '5.00', '0', '0', '0', '198', 'Y', null, '2015-03-25 10:22:08');
INSERT INTO `assign_kpi_master` VALUES ('259', '2014', '33', '43', '11', '10', '25', '0', '', '0.00', '99.00', '5.00', '0', '0', '0', '198', 'Y', null, '2015-03-25 10:22:08');
INSERT INTO `assign_kpi_master` VALUES ('260', '2014', '33', '44', '11', '10', '25', '0', '', '0.00', '100.00', '5.00', '0', '0', '0', '198', 'Y', null, '2015-03-25 10:22:08');
INSERT INTO `assign_kpi_master` VALUES ('261', '2014', '33', '45', '11', '10', '25', '0', '', '0.00', '100.00', '5.00', '0', '0', '0', '198', 'Y', null, '2015-03-25 10:22:08');
INSERT INTO `assign_kpi_master` VALUES ('262', '2014', '34', '45', '11', '10', '25', '0', '', '0.00', '100.00', '5.00', '0', '0', '0', '198', 'Y', null, '2015-03-25 10:22:26');
INSERT INTO `assign_kpi_master` VALUES ('263', '2014', '34', '44', '11', '10', '25', '0', '', '0.00', '100.00', '5.00', '0', '0', '0', '198', 'Y', null, '2015-03-25 10:22:26');
INSERT INTO `assign_kpi_master` VALUES ('264', '2014', '34', '43', '11', '10', '25', '0', '', '0.00', '99.00', '5.00', '0', '0', '0', '198', 'Y', null, '2015-03-25 10:22:26');
INSERT INTO `assign_kpi_master` VALUES ('265', '2014', '34', '42', '11', '10', '25', '0', '', '0.00', '2.00', '5.00', '0', '0', '0', '198', 'Y', null, '2015-03-25 10:22:26');
INSERT INTO `assign_kpi_master` VALUES ('266', '2014', '31', '90', '14', '10', '25', '0', '', '0.00', '100.00', '5.00', '0', '0', '0', '198', 'Y', null, '2015-03-25 10:22:55');
INSERT INTO `assign_kpi_master` VALUES ('267', '2014', '31', '91', '14', '10', '25', '0', '', '0.00', '99.00', '5.00', '0', '0', '0', '198', 'Y', null, '2015-03-25 10:22:55');
INSERT INTO `assign_kpi_master` VALUES ('268', '2014', '31', '92', '14', '10', '25', '0', '', '0.00', '100.00', '5.00', '0', '0', '0', '198', 'Y', null, '2015-03-25 10:22:55');
INSERT INTO `assign_kpi_master` VALUES ('269', '2014', '31', '93', '14', '10', '25', '0', '', '0.00', '100.00', '5.00', '0', '0', '0', '198', 'Y', null, '2015-03-25 10:22:55');
INSERT INTO `assign_kpi_master` VALUES ('270', '2014', '32', '93', '14', '10', '25', '0', '', '0.00', '100.00', '5.00', '0', '0', '0', '198', 'Y', null, '2015-03-25 10:23:17');
INSERT INTO `assign_kpi_master` VALUES ('271', '2014', '32', '92', '14', '10', '25', '0', '', '0.00', '100.00', '5.00', '0', '0', '0', '198', 'Y', null, '2015-03-25 10:23:17');
INSERT INTO `assign_kpi_master` VALUES ('272', '2014', '32', '91', '14', '10', '25', '0', '', '0.00', '99.00', '5.00', '0', '0', '0', '198', 'Y', null, '2015-03-25 10:23:17');
INSERT INTO `assign_kpi_master` VALUES ('273', '2014', '32', '90', '14', '10', '25', '0', '', '0.00', '100.00', '5.00', '0', '0', '0', '198', 'Y', null, '2015-03-25 10:23:17');
INSERT INTO `assign_kpi_master` VALUES ('274', '2014', '33', '90', '14', '10', '25', '0', '', '0.00', '100.00', '5.00', '0', '0', '0', '198', 'Y', null, '2015-03-25 10:23:37');
INSERT INTO `assign_kpi_master` VALUES ('275', '2014', '33', '91', '14', '10', '25', '0', '', '0.00', '99.00', '5.00', '0', '0', '0', '198', 'Y', null, '2015-03-25 10:23:37');
INSERT INTO `assign_kpi_master` VALUES ('276', '2014', '33', '92', '14', '10', '25', '0', '', '0.00', '100.00', '5.00', '0', '0', '0', '198', 'Y', null, '2015-03-25 10:23:37');
INSERT INTO `assign_kpi_master` VALUES ('277', '2014', '33', '93', '14', '10', '25', '0', '', '0.00', '100.00', '5.00', '0', '0', '0', '198', 'Y', null, '2015-03-25 10:23:37');
INSERT INTO `assign_kpi_master` VALUES ('278', '2014', '34', '93', '14', '10', '25', '0', '', '0.00', '100.00', '5.00', '0', '0', '0', '198', 'Y', null, '2015-03-25 10:23:58');
INSERT INTO `assign_kpi_master` VALUES ('279', '2014', '34', '92', '14', '10', '25', '0', '', '0.00', '100.00', '5.00', '0', '0', '0', '198', 'Y', null, '2015-03-25 10:23:58');
INSERT INTO `assign_kpi_master` VALUES ('280', '2014', '34', '91', '14', '10', '25', '0', '', '0.00', '99.00', '5.00', '0', '0', '0', '198', 'Y', null, '2015-03-25 10:23:58');
INSERT INTO `assign_kpi_master` VALUES ('281', '2014', '34', '90', '14', '10', '25', '0', '', '0.00', '100.00', '5.00', '0', '0', '0', '198', 'Y', null, '2015-03-25 10:23:58');
INSERT INTO `assign_kpi_master` VALUES ('283', '2014', '31', '86', '15', '10', '25', '0', '', '0.00', '100.00', '5.00', '0', '0', '0', '198', 'Y', null, '2015-03-25 10:24:26');
INSERT INTO `assign_kpi_master` VALUES ('284', '2014', '31', '87', '15', '10', '25', '0', '', '0.00', '2.00', '5.00', '0', '0', '0', '198', 'Y', null, '2015-03-25 10:24:26');
INSERT INTO `assign_kpi_master` VALUES ('285', '2014', '31', '88', '15', '10', '25', '0', '', '0.00', '5.00', '5.00', '0', '0', '0', '198', 'Y', null, '2015-03-25 10:24:26');
INSERT INTO `assign_kpi_master` VALUES ('286', '2014', '31', '89', '15', '10', '25', '0', '', '0.00', '100.00', '5.00', '0', '0', '0', '198', 'Y', null, '2015-03-25 10:24:26');
INSERT INTO `assign_kpi_master` VALUES ('288', '2014', '32', '89', '15', '10', '25', '0', '', '0.00', '100.00', '5.00', '0', '0', '0', '198', 'Y', null, '2015-03-25 10:25:10');
INSERT INTO `assign_kpi_master` VALUES ('289', '2014', '32', '88', '15', '10', '25', '0', '', '0.00', '5.00', '5.00', '0', '0', '0', '198', 'Y', null, '2015-03-25 10:25:10');
INSERT INTO `assign_kpi_master` VALUES ('290', '2014', '32', '87', '15', '10', '25', '0', '', '0.00', '2.00', '5.00', '0', '0', '0', '198', 'Y', null, '2015-03-25 10:25:10');
INSERT INTO `assign_kpi_master` VALUES ('291', '2014', '32', '86', '15', '10', '25', '0', '', '0.00', '100.00', '5.00', '0', '0', '0', '198', 'Y', null, '2015-03-25 10:25:10');
INSERT INTO `assign_kpi_master` VALUES ('292', '2014', '33', '86', '15', '10', '25', '0', '', '0.00', '100.00', '5.00', '0', '0', '0', '198', 'Y', null, '2015-03-25 10:25:33');
INSERT INTO `assign_kpi_master` VALUES ('293', '2014', '33', '87', '15', '10', '25', '0', '', '0.00', '2.00', '5.00', '0', '0', '0', '198', 'Y', null, '2015-03-25 10:25:33');
INSERT INTO `assign_kpi_master` VALUES ('294', '2014', '33', '88', '15', '10', '25', '0', '', '0.00', '5.00', '5.00', '0', '0', '0', '198', 'Y', null, '2015-03-25 10:25:33');
INSERT INTO `assign_kpi_master` VALUES ('295', '2014', '33', '89', '15', '10', '25', '0', '', '0.00', '100.00', '5.00', '0', '0', '0', '198', 'Y', null, '2015-03-25 10:25:33');
INSERT INTO `assign_kpi_master` VALUES ('296', '2014', '34', '89', '15', '10', '25', '0', '', '0.00', '100.00', '5.00', '0', '0', '0', '198', 'Y', null, '2015-03-25 10:26:12');
INSERT INTO `assign_kpi_master` VALUES ('297', '2014', '34', '88', '15', '10', '25', '0', '', '0.00', '5.00', '5.00', '0', '0', '0', '198', 'Y', null, '2015-03-25 10:26:12');
INSERT INTO `assign_kpi_master` VALUES ('298', '2014', '34', '87', '15', '10', '25', '0', '', '0.00', '2.00', '5.00', '0', '0', '0', '198', 'Y', null, '2015-03-25 10:26:12');
INSERT INTO `assign_kpi_master` VALUES ('299', '2014', '34', '86', '15', '10', '25', '0', '', '0.00', '100.00', '5.00', '0', '0', '0', '198', 'Y', null, '2015-03-25 10:26:12');
INSERT INTO `assign_kpi_master` VALUES ('5096', '2014', '747', '688', '216', '110', '25', '0', '', '0.00', '5.00', '5.00', '0', '0', '0', '197', 'Y', null, null);
INSERT INTO `assign_kpi_master` VALUES ('5095', '2014', '747', '687', '216', '110', '25', '0', '', '0.00', '2.00', '5.00', '0', '0', '0', '197', 'Y', null, null);
INSERT INTO `assign_kpi_master` VALUES ('5094', '2014', '747', '686', '216', '110', '25', '0', '', '0.00', '100.00', '5.00', '0', '0', '0', '197', 'Y', null, null);
INSERT INTO `assign_kpi_master` VALUES ('5093', '2014', '746', '686', '216', '110', '25', '0', '', '0.00', '100.00', '5.00', '0', '0', '0', '197', 'Y', null, null);
INSERT INTO `assign_kpi_master` VALUES ('5092', '2014', '746', '687', '216', '110', '25', '0', '', '0.00', '2.00', '5.00', '0', '0', '0', '197', 'Y', null, null);
INSERT INTO `assign_kpi_master` VALUES ('5091', '2014', '746', '688', '216', '110', '25', '0', '', '0.00', '5.00', '5.00', '0', '0', '0', '197', 'Y', null, null);
INSERT INTO `assign_kpi_master` VALUES ('5090', '2014', '746', '689', '216', '110', '25', '0', '', '0.00', '100.00', '5.00', '0', '0', '0', '197', 'Y', null, null);
INSERT INTO `assign_kpi_master` VALUES ('5089', '2014', '745', '689', '216', '110', '25', '0', '', '0.00', '100.00', '5.00', '0', '0', '0', '197', 'Y', null, null);
INSERT INTO `assign_kpi_master` VALUES ('5088', '2014', '745', '688', '216', '110', '25', '0', '', '0.00', '5.00', '5.00', '0', '0', '0', '197', 'Y', null, null);
INSERT INTO `assign_kpi_master` VALUES ('5087', '2014', '745', '687', '216', '110', '25', '0', '', '0.00', '2.00', '5.00', '0', '0', '0', '197', 'Y', null, null);
INSERT INTO `assign_kpi_master` VALUES ('5086', '2014', '745', '686', '216', '110', '25', '0', '', '0.00', '100.00', '5.00', '0', '0', '0', '197', 'Y', null, null);
INSERT INTO `assign_kpi_master` VALUES ('5085', '2014', '748', '690', '215', '110', '25', '0', '', '0.00', '100.00', '5.00', '0', '0', '0', '197', 'Y', null, null);
INSERT INTO `assign_kpi_master` VALUES ('5084', '2014', '748', '691', '215', '110', '25', '0', '', '0.00', '99.00', '5.00', '0', '0', '0', '197', 'Y', null, null);
INSERT INTO `assign_kpi_master` VALUES ('5083', '2014', '748', '692', '215', '110', '25', '0', '', '0.00', '100.00', '5.00', '0', '0', '0', '197', 'Y', null, null);
INSERT INTO `assign_kpi_master` VALUES ('5082', '2014', '748', '693', '215', '110', '25', '0', '', '0.00', '100.00', '5.00', '0', '0', '0', '197', 'Y', null, null);
INSERT INTO `assign_kpi_master` VALUES ('5081', '2014', '747', '693', '215', '110', '25', '0', '', '0.00', '100.00', '5.00', '0', '0', '0', '197', 'Y', null, null);
INSERT INTO `assign_kpi_master` VALUES ('5080', '2014', '747', '692', '215', '110', '25', '0', '', '0.00', '100.00', '5.00', '0', '0', '0', '197', 'Y', null, null);
INSERT INTO `assign_kpi_master` VALUES ('5079', '2014', '747', '691', '215', '110', '25', '0', '', '0.00', '99.00', '5.00', '0', '0', '0', '197', 'Y', null, null);
INSERT INTO `assign_kpi_master` VALUES ('5078', '2014', '747', '690', '215', '110', '25', '0', '', '0.00', '100.00', '5.00', '0', '0', '0', '197', 'Y', null, null);
INSERT INTO `assign_kpi_master` VALUES ('5077', '2014', '746', '690', '215', '110', '25', '0', '', '0.00', '100.00', '5.00', '0', '0', '0', '197', 'Y', null, null);
INSERT INTO `assign_kpi_master` VALUES ('5076', '2014', '746', '691', '215', '110', '25', '0', '', '0.00', '99.00', '5.00', '0', '0', '0', '197', 'Y', null, null);
INSERT INTO `assign_kpi_master` VALUES ('5075', '2014', '746', '692', '215', '110', '25', '0', '', '0.00', '100.00', '5.00', '0', '0', '0', '197', 'Y', null, null);
INSERT INTO `assign_kpi_master` VALUES ('5074', '2014', '746', '693', '215', '110', '25', '0', '', '0.00', '100.00', '5.00', '0', '0', '0', '197', 'Y', null, null);
INSERT INTO `assign_kpi_master` VALUES ('5073', '2014', '745', '693', '215', '110', '25', '0', '', '0.00', '100.00', '5.00', '0', '0', '0', '197', 'Y', null, null);
INSERT INTO `assign_kpi_master` VALUES ('5072', '2014', '745', '692', '215', '110', '25', '0', '', '0.00', '100.00', '5.00', '0', '0', '0', '197', 'Y', null, null);
INSERT INTO `assign_kpi_master` VALUES ('5071', '2014', '745', '691', '215', '110', '25', '0', '', '0.00', '99.00', '5.00', '0', '0', '0', '197', 'Y', null, null);
INSERT INTO `assign_kpi_master` VALUES ('5070', '2014', '745', '690', '215', '110', '25', '0', '', '0.00', '100.00', '5.00', '0', '0', '0', '197', 'Y', null, null);
INSERT INTO `assign_kpi_master` VALUES ('5069', '2014', '748', '674', '214', '110', '25', '0', '', '0.00', '2.00', '5.00', '0', '0', '0', '197', 'Y', null, null);
INSERT INTO `assign_kpi_master` VALUES ('5068', '2014', '748', '675', '214', '110', '25', '0', '', '0.00', '99.00', '5.00', '0', '0', '0', '197', 'Y', null, null);
INSERT INTO `assign_kpi_master` VALUES ('5067', '2014', '748', '676', '214', '110', '25', '0', '', '0.00', '100.00', '5.00', '0', '0', '0', '197', 'Y', null, null);
INSERT INTO `assign_kpi_master` VALUES ('5066', '2014', '748', '677', '214', '110', '25', '0', '', '0.00', '100.00', '5.00', '0', '0', '0', '197', 'Y', null, null);
INSERT INTO `assign_kpi_master` VALUES ('5065', '2014', '747', '677', '214', '110', '25', '0', '', '0.00', '100.00', '5.00', '0', '0', '0', '197', 'Y', null, null);
INSERT INTO `assign_kpi_master` VALUES ('5064', '2014', '747', '676', '214', '110', '25', '0', '', '0.00', '100.00', '5.00', '0', '0', '0', '197', 'Y', null, null);
INSERT INTO `assign_kpi_master` VALUES ('5063', '2014', '747', '675', '214', '110', '25', '0', '', '0.00', '99.00', '5.00', '0', '0', '0', '197', 'Y', null, null);
INSERT INTO `assign_kpi_master` VALUES ('5062', '2014', '747', '674', '214', '110', '25', '0', '', '0.00', '2.00', '5.00', '0', '0', '0', '197', 'Y', null, null);
INSERT INTO `assign_kpi_master` VALUES ('5061', '2014', '746', '674', '214', '110', '25', '0', '', '0.00', '2.00', '5.00', '0', '0', '0', '197', 'Y', null, null);
INSERT INTO `assign_kpi_master` VALUES ('5060', '2014', '746', '675', '214', '110', '25', '0', '', '0.00', '99.00', '5.00', '0', '0', '0', '197', 'Y', null, null);
INSERT INTO `assign_kpi_master` VALUES ('5059', '2014', '746', '676', '214', '110', '25', '0', '', '0.00', '100.00', '5.00', '0', '0', '0', '197', 'Y', null, null);
INSERT INTO `assign_kpi_master` VALUES ('5058', '2014', '746', '677', '214', '110', '25', '0', '', '0.00', '100.00', '5.00', '0', '0', '0', '197', 'Y', null, null);
INSERT INTO `assign_kpi_master` VALUES ('5057', '2014', '745', '677', '214', '110', '25', '0', '', '0.00', '100.00', '5.00', '0', '0', '0', '197', 'Y', null, null);
INSERT INTO `assign_kpi_master` VALUES ('5056', '2014', '745', '676', '214', '110', '25', '0', '', '0.00', '100.00', '5.00', '0', '0', '0', '197', 'Y', null, null);
INSERT INTO `assign_kpi_master` VALUES ('5055', '2014', '745', '675', '214', '110', '25', '0', '', '0.00', '99.00', '5.00', '0', '0', '0', '197', 'Y', null, null);
INSERT INTO `assign_kpi_master` VALUES ('5054', '2014', '745', '674', '214', '110', '25', '0', '', '0.00', '2.00', '5.00', '0', '0', '0', '197', 'Y', null, null);
INSERT INTO `assign_kpi_master` VALUES ('5053', '2014', '745', '685', '212', '110', '25', '0', '', '0.00', '5.00', '5.00', '0', '0', '0', '197', 'Y', null, null);
INSERT INTO `assign_kpi_master` VALUES ('5052', '2014', '745', '684', '212', '110', '25', '0', '', '0.00', '3.00', '5.00', '0', '0', '0', '197', 'Y', null, null);
INSERT INTO `assign_kpi_master` VALUES ('5051', '2014', '745', '683', '212', '110', '25', '0', '', '0.00', '100.00', '5.00', '0', '0', '0', '197', 'Y', null, null);
INSERT INTO `assign_kpi_master` VALUES ('5050', '2014', '745', '682', '212', '110', '25', '0', '', '0.00', '100.00', '5.00', '0', '0', '0', '197', 'Y', null, null);
INSERT INTO `assign_kpi_master` VALUES ('5049', '2014', '746', '685', '212', '110', '25', '0', '', '0.00', '5.00', '5.00', '0', '0', '0', '197', 'Y', null, null);
INSERT INTO `assign_kpi_master` VALUES ('5048', '2014', '745', '678', '213', '110', '25', '0', '', '0.00', '100.00', '5.00', '0', '0', '0', '197', 'Y', null, null);
INSERT INTO `assign_kpi_master` VALUES ('5047', '2014', '745', '681', '213', '110', '25', '0', '', '0.00', '5.00', '5.00', '0', '0', '0', '197', 'Y', null, null);
INSERT INTO `assign_kpi_master` VALUES ('5046', '2014', '745', '680', '213', '110', '25', '0', '', '0.00', '1.00', '5.00', '0', '0', '0', '197', 'Y', null, null);
INSERT INTO `assign_kpi_master` VALUES ('5045', '2014', '745', '679', '213', '110', '25', '0', '', '0.00', '1.00', '5.00', '0', '0', '0', '197', 'Y', null, null);
INSERT INTO `assign_kpi_master` VALUES ('5044', '2014', '746', '681', '213', '110', '25', '0', '', '0.00', '5.00', '5.00', '0', '0', '0', '197', 'Y', null, null);
INSERT INTO `assign_kpi_master` VALUES ('5043', '2014', '746', '678', '213', '110', '25', '0', '', '0.00', '100.00', '5.00', '0', '0', '0', '197', 'Y', null, null);
INSERT INTO `assign_kpi_master` VALUES ('5042', '2014', '746', '679', '213', '110', '25', '0', '', '0.00', '1.00', '5.00', '0', '0', '0', '197', 'Y', null, null);
INSERT INTO `assign_kpi_master` VALUES ('5041', '2014', '746', '680', '213', '110', '25', '0', '', '0.00', '1.00', '5.00', '0', '0', '0', '197', 'Y', null, null);
INSERT INTO `assign_kpi_master` VALUES ('5040', '2014', '748', '681', '213', '110', '25', '0', '', '0.00', '5.00', '5.00', '0', '0', '0', '197', 'Y', null, null);
INSERT INTO `assign_kpi_master` VALUES ('5039', '2014', '747', '681', '213', '110', '25', '0', '', '0.00', '5.00', '5.00', '0', '0', '0', '197', 'Y', null, null);
INSERT INTO `assign_kpi_master` VALUES ('5038', '2014', '747', '680', '213', '110', '25', '0', '', '0.00', '1.00', '5.00', '0', '0', '0', '197', 'Y', null, null);
INSERT INTO `assign_kpi_master` VALUES ('5037', '2014', '747', '679', '213', '110', '25', '0', '', '0.00', '1.00', '5.00', '0', '0', '0', '197', 'Y', null, null);
INSERT INTO `assign_kpi_master` VALUES ('5034', '2014', '746', '684', '212', '110', '25', '0', '', '0.00', '3.00', '5.00', '0', '0', '0', '197', 'Y', null, null);
INSERT INTO `assign_kpi_master` VALUES ('5036', '2014', '747', '678', '213', '110', '25', '0', '', '0.00', '100.00', '5.00', '0', '0', '0', '197', 'Y', null, null);
INSERT INTO `assign_kpi_master` VALUES ('5035', '2014', '746', '683', '212', '110', '25', '0', '', '0.00', '100.00', '5.00', '0', '0', '0', '197', 'Y', null, null);
INSERT INTO `assign_kpi_master` VALUES ('5033', '2014', '746', '682', '212', '110', '25', '0', '', '0.00', '100.00', '5.00', '0', '0', '0', '197', 'Y', null, null);
INSERT INTO `assign_kpi_master` VALUES ('5032', '2014', '747', '683', '212', '110', '25', '0', '', '0.00', '100.00', '5.00', '0', '0', '0', '197', 'Y', null, null);
INSERT INTO `assign_kpi_master` VALUES ('5031', '2014', '747', '682', '212', '110', '25', '0', '', '0.00', '100.00', '5.00', '0', '0', '0', '197', 'Y', null, null);
INSERT INTO `assign_kpi_master` VALUES ('5030', '2014', '747', '684', '212', '110', '25', '0', '', '0.00', '3.00', '5.00', '0', '0', '0', '197', 'Y', null, null);
INSERT INTO `assign_kpi_master` VALUES ('5029', '2014', '747', '685', '212', '110', '25', '0', '', '0.00', '5.00', '5.00', '0', '0', '0', '197', 'Y', null, null);
INSERT INTO `assign_kpi_master` VALUES ('5028', '2014', '748', '682', '212', '110', '25', '0', '', '0.00', '100.00', '5.00', '0', '0', '0', '197', 'Y', null, null);
INSERT INTO `assign_kpi_master` VALUES ('5027', '2014', '748', '683', '212', '110', '25', '0', '', '0.00', '100.00', '5.00', '0', '0', '0', '197', 'Y', null, null);
INSERT INTO `assign_kpi_master` VALUES ('5026', '2014', '748', '684', '212', '110', '25', '0', '', '0.00', '3.00', '5.00', '0', '0', '0', '197', 'Y', null, null);
INSERT INTO `assign_kpi_master` VALUES ('5025', '2014', '748', '685', '212', '110', '25', '0', '', '0.00', '5.00', '5.00', '0', '0', '0', '197', 'Y', null, null);
INSERT INTO `assign_kpi_master` VALUES ('5024', '2014', '748', '680', '213', '110', '25', '0', '', '0.00', '1.00', '5.00', '0', '0', '0', '197', 'Y', null, null);
INSERT INTO `assign_kpi_master` VALUES ('5018', '2014', '748', '673', '211', '110', '25', '0', '', '0.00', '2.00', '5.00', '0', '0', '0', '197', 'Y', null, null);
INSERT INTO `assign_kpi_master` VALUES ('5019', '2014', '748', '672', '211', '110', '25', '0', '', '0.00', '100.00', '5.00', '0', '0', '0', '197', 'Y', null, null);
INSERT INTO `assign_kpi_master` VALUES ('5020', '2014', '748', '671', '211', '110', '25', '0', '', '0.00', '5.00', '5.00', '0', '0', '0', '197', 'Y', null, null);
INSERT INTO `assign_kpi_master` VALUES ('5021', '2014', '748', '670', '211', '110', '25', '0', '', '0.00', '4.00', '5.00', '0', '0', '0', '197', 'Y', null, null);
INSERT INTO `assign_kpi_master` VALUES ('5023', '2014', '748', '679', '213', '110', '25', '0', '', '0.00', '1.00', '5.00', '0', '0', '0', '197', 'Y', null, null);
INSERT INTO `assign_kpi_master` VALUES ('5022', '2014', '748', '678', '213', '110', '25', '0', '', '0.00', '100.00', '5.00', '0', '0', '0', '197', 'Y', null, null);
INSERT INTO `assign_kpi_master` VALUES ('5017', '2014', '747', '673', '211', '110', '25', '0', '', '0.00', '2.00', '5.00', '0', '0', '0', '197', 'Y', null, null);
INSERT INTO `assign_kpi_master` VALUES ('5016', '2014', '747', '672', '211', '110', '25', '0', '', '0.00', '100.00', '5.00', '0', '0', '0', '197', 'Y', null, null);
INSERT INTO `assign_kpi_master` VALUES ('5015', '2014', '747', '671', '211', '110', '25', '0', '', '0.00', '5.00', '5.00', '0', '0', '0', '197', 'Y', null, null);
INSERT INTO `assign_kpi_master` VALUES ('5014', '2014', '747', '670', '211', '110', '25', '0', '', '0.00', '4.00', '5.00', '0', '0', '0', '197', 'Y', null, null);
INSERT INTO `assign_kpi_master` VALUES ('5013', '2014', '746', '670', '211', '110', '25', '0', '', '0.00', '4.00', '5.00', '0', '0', '0', '197', 'Y', null, null);
INSERT INTO `assign_kpi_master` VALUES ('5012', '2014', '746', '671', '211', '110', '25', '0', '', '0.00', '5.00', '5.00', '0', '0', '0', '197', 'Y', null, null);
INSERT INTO `assign_kpi_master` VALUES ('5011', '2014', '746', '672', '211', '110', '25', '0', '', '0.00', '100.00', '5.00', '0', '0', '0', '197', 'Y', null, null);
INSERT INTO `assign_kpi_master` VALUES ('5010', '2014', '746', '673', '211', '110', '25', '0', '', '0.00', '2.00', '5.00', '0', '0', '0', '197', 'Y', null, null);
INSERT INTO `assign_kpi_master` VALUES ('5009', '2014', '745', '673', '211', '110', '25', '0', '', '0.00', '2.00', '5.00', '0', '0', '0', '197', 'Y', null, null);
INSERT INTO `assign_kpi_master` VALUES ('5008', '2014', '745', '672', '211', '110', '25', '0', '', '0.00', '100.00', '5.00', '0', '0', '0', '197', 'Y', null, null);
INSERT INTO `assign_kpi_master` VALUES ('5006', '2014', '745', '670', '211', '110', '25', '0', '', '0.00', '4.00', '5.00', '0', '0', '0', '197', 'Y', null, null);
INSERT INTO `assign_kpi_master` VALUES ('5007', '2014', '745', '671', '211', '110', '25', '0', '', '0.00', '5.00', '5.00', '0', '0', '0', '197', 'Y', null, null);
INSERT INTO `assign_kpi_master` VALUES ('5005', '2015', '744', '686', '216', '110', '25', '0', '', '90', '100.00', '5.00', '2500', '5', '99', '197', 'Y', null, null);
INSERT INTO `assign_kpi_master` VALUES ('5003', '2015', '744', '689', '216', '110', '25', '0', '', '80', '100.00', '5.00', '2000', '4', '80', '197', 'Y', null, null);
INSERT INTO `assign_kpi_master` VALUES ('5004', '2015', '744', '687', '216', '110', '25', '0', '', '0.7', '2.00', '5.00', '1500', '3', '60', '197', 'Y', null, null);
INSERT INTO `assign_kpi_master` VALUES ('5002', '2015', '744', '688', '216', '110', '25', '0', '', '4', '5.00', '5.00', '2000', '4', '80', '197', 'Y', null, null);
INSERT INTO `assign_kpi_master` VALUES ('5001', '2015', '743', '688', '216', '110', '25', '0', '', '2', '5.00', '5.00', '1000', '2', '40', '197', 'Y', null, null);
INSERT INTO `assign_kpi_master` VALUES ('5000', '2015', '743', '689', '216', '110', '25', '0', '', '80', '100.00', '5.00', '2000', '4', '80', '197', 'Y', null, null);
INSERT INTO `assign_kpi_master` VALUES ('4999', '2015', '743', '687', '216', '110', '25', '0', '', '1', '2.00', '5.00', '2500', '5', '99', '197', 'Y', null, null);
INSERT INTO `assign_kpi_master` VALUES ('4998', '2015', '743', '686', '216', '110', '25', '0', '', '80', '100.00', '5.00', '2000', '4', '80', '197', 'Y', null, null);
INSERT INTO `assign_kpi_master` VALUES ('4997', '2015', '742', '686', '216', '110', '25', '0', '', '50', '100.00', '5.00', '500', '1', '20', '197', 'Y', null, null);
INSERT INTO `assign_kpi_master` VALUES ('4993', '2015', '740', '689', '216', '110', '25', '0', '', '90', '100.00', '5.00', '2500', '5', '99', '197', 'Y', null, null);
INSERT INTO `assign_kpi_master` VALUES ('4994', '2015', '742', '689', '216', '110', '25', '0', '', '80', '100.00', '5.00', '2000', '4', '80', '197', 'Y', null, null);
INSERT INTO `assign_kpi_master` VALUES ('4995', '2015', '742', '688', '216', '110', '25', '0', '', '4', '5.00', '5.00', '2000', '4', '80', '197', 'Y', null, null);
INSERT INTO `assign_kpi_master` VALUES ('4996', '2015', '742', '687', '216', '110', '25', '0', '', '0.7', '2.00', '5.00', '1500', '3', '60', '197', 'Y', null, null);
INSERT INTO `assign_kpi_master` VALUES ('4992', '2015', '740', '688', '216', '110', '25', '0', '', '2', '5.00', '5.00', '1000', '2', '40', '197', 'Y', null, null);
INSERT INTO `assign_kpi_master` VALUES ('4991', '2015', '740', '687', '216', '110', '25', '0', '', '1', '2.00', '5.00', '2500', '5', '99', '197', 'Y', null, null);
INSERT INTO `assign_kpi_master` VALUES ('4988', '2015', '744', '691', '215', '110', '25', '0', '', '0.00', '99.00', '5.00', '0', '0', '0', '197', 'Y', null, null);
INSERT INTO `assign_kpi_master` VALUES ('4989', '2015', '744', '690', '215', '110', '25', '0', '', '0.00', '100.00', '5.00', '0', '0', '0', '197', 'Y', null, null);
INSERT INTO `assign_kpi_master` VALUES ('4990', '2015', '740', '686', '216', '110', '25', '0', '', '80', '100.00', '5.00', '2000', '4', '80', '197', 'Y', null, null);
INSERT INTO `assign_kpi_master` VALUES ('4986', '2015', '744', '693', '215', '110', '25', '0', '', '0.00', '100.00', '5.00', '0', '0', '0', '197', 'Y', null, null);
INSERT INTO `assign_kpi_master` VALUES ('4987', '2015', '744', '692', '215', '110', '25', '0', '', '0.00', '100.00', '5.00', '0', '0', '0', '197', 'Y', null, null);
INSERT INTO `assign_kpi_master` VALUES ('4985', '2015', '743', '693', '215', '110', '25', '0', '', '0.00', '100.00', '5.00', '0', '0', '0', '197', 'Y', null, null);
INSERT INTO `assign_kpi_master` VALUES ('4984', '2015', '743', '692', '215', '110', '25', '0', '', '0.00', '100.00', '5.00', '0', '0', '0', '197', 'Y', null, null);
INSERT INTO `assign_kpi_master` VALUES ('4983', '2015', '743', '691', '215', '110', '25', '0', '', '0.00', '99.00', '5.00', '0', '0', '0', '197', 'Y', null, null);
INSERT INTO `assign_kpi_master` VALUES ('4982', '2015', '743', '690', '215', '110', '25', '0', '', '0.00', '100.00', '5.00', '0', '0', '0', '197', 'Y', null, null);
INSERT INTO `assign_kpi_master` VALUES ('4981', '2015', '742', '690', '215', '110', '25', '0', '', '0.00', '100.00', '5.00', '0', '0', '0', '197', 'Y', null, null);
INSERT INTO `assign_kpi_master` VALUES ('4980', '2015', '742', '691', '215', '110', '25', '0', '', '0.00', '99.00', '5.00', '0', '0', '0', '197', 'Y', null, null);
INSERT INTO `assign_kpi_master` VALUES ('4979', '2015', '742', '692', '215', '110', '25', '0', '', '0.00', '100.00', '5.00', '0', '0', '0', '197', 'Y', null, null);
INSERT INTO `assign_kpi_master` VALUES ('4978', '2015', '742', '693', '215', '110', '25', '0', '', '0.00', '100.00', '5.00', '0', '0', '0', '197', 'Y', null, null);
INSERT INTO `assign_kpi_master` VALUES ('4977', '2015', '740', '693', '215', '110', '25', '0', '', '0.00', '100.00', '5.00', '0', '0', '0', '197', 'Y', null, null);
INSERT INTO `assign_kpi_master` VALUES ('4976', '2015', '740', '692', '215', '110', '25', '0', '', '0.00', '100.00', '5.00', '0', '0', '0', '197', 'Y', null, null);
INSERT INTO `assign_kpi_master` VALUES ('4975', '2015', '740', '691', '215', '110', '25', '0', '', '0.00', '99.00', '5.00', '0', '0', '0', '197', 'Y', null, null);
INSERT INTO `assign_kpi_master` VALUES ('4974', '2015', '740', '690', '215', '110', '25', '0', '', '0.00', '100.00', '5.00', '0', '0', '0', '197', 'Y', null, null);
INSERT INTO `assign_kpi_master` VALUES ('4973', '2015', '744', '677', '214', '110', '25', '0', '', '0.00', '100.00', '5.00', '0', '0', '0', '197', 'Y', null, null);
INSERT INTO `assign_kpi_master` VALUES ('4972', '2015', '744', '676', '214', '110', '25', '0', '', '0.00', '100.00', '5.00', '0', '0', '0', '197', 'Y', null, null);
INSERT INTO `assign_kpi_master` VALUES ('4971', '2015', '744', '675', '214', '110', '25', '0', '', '0.00', '99.00', '5.00', '0', '0', '0', '197', 'Y', null, null);
INSERT INTO `assign_kpi_master` VALUES ('4970', '2015', '744', '674', '214', '110', '25', '0', '', '0.00', '2.00', '5.00', '0', '0', '0', '197', 'Y', null, null);
INSERT INTO `assign_kpi_master` VALUES ('4969', '2015', '743', '677', '214', '110', '25', '0', '', '0.00', '100.00', '5.00', '0', '0', '0', '197', 'Y', null, null);
INSERT INTO `assign_kpi_master` VALUES ('4968', '2015', '743', '676', '214', '110', '25', '0', '', '0.00', '100.00', '5.00', '0', '0', '0', '197', 'Y', null, null);
INSERT INTO `assign_kpi_master` VALUES ('4967', '2015', '743', '675', '214', '110', '25', '0', '', '0.00', '99.00', '5.00', '0', '0', '0', '197', 'Y', null, null);
INSERT INTO `assign_kpi_master` VALUES ('4966', '2015', '743', '674', '214', '110', '25', '0', '', '0.00', '2.00', '5.00', '0', '0', '0', '197', 'Y', null, null);
INSERT INTO `assign_kpi_master` VALUES ('4965', '2015', '742', '677', '214', '110', '25', '0', '', '0.00', '100.00', '5.00', '0', '0', '0', '197', 'Y', null, null);
INSERT INTO `assign_kpi_master` VALUES ('4964', '2015', '742', '676', '214', '110', '25', '0', '', '0.00', '100.00', '5.00', '0', '0', '0', '197', 'Y', null, null);
INSERT INTO `assign_kpi_master` VALUES ('4963', '2015', '742', '675', '214', '110', '25', '0', '', '0.00', '99.00', '5.00', '0', '0', '0', '197', 'Y', null, null);
INSERT INTO `assign_kpi_master` VALUES ('4960', '2015', '744', '681', '213', '110', '25', '0', '', '0.00', '5.00', '5.00', '0', '0', '0', '197', 'Y', null, null);
INSERT INTO `assign_kpi_master` VALUES ('4962', '2015', '742', '674', '214', '110', '25', '0', '', '0.00', '2.00', '5.00', '0', '0', '0', '197', 'Y', null, null);
INSERT INTO `assign_kpi_master` VALUES ('4961', '2015', '744', '679', '213', '110', '25', '0', '', '0.00', '1.00', '5.00', '0', '0', '0', '197', 'Y', null, null);
INSERT INTO `assign_kpi_master` VALUES ('4959', '2015', '744', '680', '213', '110', '25', '0', '', '0.00', '1.00', '5.00', '0', '0', '0', '197', 'Y', null, null);
INSERT INTO `assign_kpi_master` VALUES ('4958', '2015', '744', '678', '213', '110', '25', '0', '', '0.00', '100.00', '5.00', '0', '0', '0', '197', 'Y', null, null);
INSERT INTO `assign_kpi_master` VALUES ('4957', '2015', '743', '681', '213', '110', '25', '0', '', '0.00', '5.00', '5.00', '0', '0', '0', '197', 'Y', null, null);
INSERT INTO `assign_kpi_master` VALUES ('4956', '2015', '743', '680', '213', '110', '25', '0', '', '0.00', '1.00', '5.00', '0', '0', '0', '197', 'Y', null, null);
INSERT INTO `assign_kpi_master` VALUES ('4955', '2015', '743', '678', '213', '110', '25', '0', '', '0.00', '100.00', '5.00', '0', '0', '0', '197', 'Y', null, null);
INSERT INTO `assign_kpi_master` VALUES ('4954', '2015', '743', '679', '213', '110', '25', '0', '', '0.00', '1.00', '5.00', '0', '0', '0', '197', 'Y', null, null);
INSERT INTO `assign_kpi_master` VALUES ('4953', '2015', '742', '681', '213', '110', '25', '0', '', '0.00', '5.00', '5.00', '0', '0', '0', '197', 'Y', null, null);
INSERT INTO `assign_kpi_master` VALUES ('4952', '2015', '742', '680', '213', '110', '25', '0', '', '0.00', '1.00', '5.00', '0', '0', '0', '197', 'Y', null, null);
INSERT INTO `assign_kpi_master` VALUES ('4951', '2015', '742', '679', '213', '110', '25', '0', '', '0.00', '1.00', '5.00', '0', '0', '0', '197', 'Y', null, null);
INSERT INTO `assign_kpi_master` VALUES ('4950', '2015', '742', '678', '213', '110', '25', '0', '', '0.00', '100.00', '5.00', '0', '0', '0', '197', 'Y', null, null);
INSERT INTO `assign_kpi_master` VALUES ('4949', '2015', '740', '681', '213', '110', '25', '0', '', '0.00', '5.00', '5.00', '0', '0', '0', '197', 'Y', null, null);
INSERT INTO `assign_kpi_master` VALUES ('4948', '2015', '740', '680', '213', '110', '25', '0', '', '0.00', '1.00', '5.00', '0', '0', '0', '197', 'Y', null, null);
INSERT INTO `assign_kpi_master` VALUES ('4947', '2015', '740', '679', '213', '110', '25', '0', '', '0.00', '1.00', '5.00', '0', '0', '0', '197', 'Y', null, null);
INSERT INTO `assign_kpi_master` VALUES ('4946', '2015', '740', '678', '213', '110', '25', '0', '', '0.00', '100.00', '5.00', '0', '0', '0', '197', 'Y', null, null);
INSERT INTO `assign_kpi_master` VALUES ('4945', '2015', '744', '685', '212', '110', '25', '0', '', '0.00', '5.00', '5.00', '0', '0', '0', '197', 'Y', null, null);
INSERT INTO `assign_kpi_master` VALUES ('4944', '2015', '744', '684', '212', '110', '25', '0', '', '0.00', '3.00', '5.00', '0', '0', '0', '197', 'Y', null, null);
INSERT INTO `assign_kpi_master` VALUES ('4943', '2015', '744', '683', '212', '110', '25', '0', '', '0.00', '100.00', '5.00', '0', '0', '0', '197', 'Y', null, null);
INSERT INTO `assign_kpi_master` VALUES ('4942', '2015', '744', '682', '212', '110', '25', '0', '', '0.00', '100.00', '5.00', '0', '0', '0', '197', 'Y', null, null);
INSERT INTO `assign_kpi_master` VALUES ('4941', '2015', '743', '685', '212', '110', '25', '0', '', '0.00', '5.00', '5.00', '0', '0', '0', '197', 'Y', null, null);
INSERT INTO `assign_kpi_master` VALUES ('4940', '2015', '743', '684', '212', '110', '25', '0', '', '0.00', '3.00', '5.00', '0', '0', '0', '197', 'Y', null, null);
INSERT INTO `assign_kpi_master` VALUES ('4939', '2015', '743', '683', '212', '110', '25', '0', '', '0.00', '100.00', '5.00', '0', '0', '0', '197', 'Y', null, null);
INSERT INTO `assign_kpi_master` VALUES ('4938', '2015', '743', '682', '212', '110', '25', '0', '', '0.00', '100.00', '5.00', '0', '0', '0', '197', 'Y', null, null);
INSERT INTO `assign_kpi_master` VALUES ('4937', '2015', '742', '685', '212', '110', '25', '0', '', '0.00', '5.00', '5.00', '0', '0', '0', '197', 'Y', null, null);
INSERT INTO `assign_kpi_master` VALUES ('4936', '2015', '742', '684', '212', '110', '25', '0', '', '0.00', '3.00', '5.00', '0', '0', '0', '197', 'Y', null, null);
INSERT INTO `assign_kpi_master` VALUES ('4935', '2015', '742', '683', '212', '110', '25', '0', '', '0.00', '100.00', '5.00', '0', '0', '0', '197', 'Y', null, null);
INSERT INTO `assign_kpi_master` VALUES ('4934', '2015', '742', '682', '212', '110', '25', '0', '', '0.00', '100.00', '5.00', '0', '0', '0', '197', 'Y', null, null);
INSERT INTO `assign_kpi_master` VALUES ('4933', '2015', '740', '685', '212', '110', '25', '0', '', '0.00', '5.00', '5.00', '0', '0', '0', '197', 'Y', null, null);
INSERT INTO `assign_kpi_master` VALUES ('4932', '2015', '740', '684', '212', '110', '25', '0', '', '0.00', '3.00', '5.00', '0', '0', '0', '197', 'Y', null, null);
INSERT INTO `assign_kpi_master` VALUES ('4931', '2015', '740', '683', '212', '110', '25', '0', '', '0.00', '100.00', '5.00', '0', '0', '0', '197', 'Y', null, null);
INSERT INTO `assign_kpi_master` VALUES ('4930', '2015', '740', '682', '212', '110', '25', '0', '', '0.00', '100.00', '5.00', '0', '0', '0', '197', 'Y', null, null);
INSERT INTO `assign_kpi_master` VALUES ('4929', '2015', '744', '672', '211', '110', '25', '0', '', '90', '100.00', '5.00', '2500', '5', '99', '197', 'Y', null, null);
INSERT INTO `assign_kpi_master` VALUES ('4928', '2015', '744', '673', '211', '110', '25', '0', '', '4', '2.00', '5.00', '1500', '3', '60', '197', 'Y', null, null);
INSERT INTO `assign_kpi_master` VALUES ('4927', '2015', '744', '671', '211', '110', '25', '0', '', '8', '5.00', '5.00', '1500', '3', '60', '197', 'Y', null, null);
INSERT INTO `assign_kpi_master` VALUES ('4926', '2015', '744', '670', '211', '110', '25', '0', '', '9', '4.00', '5.00', '1000', '2', '40', '197', 'Y', null, null);
INSERT INTO `assign_kpi_master` VALUES ('4925', '2015', '743', '673', '211', '110', '25', '0', '', '8', '2.00', '5.00', '500', '1', '20', '197', 'Y', null, null);
INSERT INTO `assign_kpi_master` VALUES ('4924', '2015', '743', '672', '211', '110', '25', '0', '', '65', '100.00', '5.00', '1500', '3', '60', '197', 'Y', null, null);
INSERT INTO `assign_kpi_master` VALUES ('4923', '2015', '743', '671', '211', '110', '25', '0', '', '4', '5.00', '5.00', '2500', '5', '99', '197', 'Y', null, null);
INSERT INTO `assign_kpi_master` VALUES ('4922', '2015', '743', '670', '211', '110', '25', '0', '', '4', '4.00', '5.00', '2500', '5', '99', '197', 'Y', null, null);
INSERT INTO `assign_kpi_master` VALUES ('4920', '2015', '742', '672', '211', '110', '25', '0', '', '50', '100.00', '5.00', '1000', '2', '40', '197', 'Y', null, null);
INSERT INTO `assign_kpi_master` VALUES ('4921', '2015', '742', '673', '211', '110', '25', '0', '', '5', '2.00', '5.00', '1000', '2', '40', '197', 'Y', null, null);
INSERT INTO `assign_kpi_master` VALUES ('4919', '2015', '742', '671', '211', '110', '25', '0', '', '2', '5.00', '5.00', '2500', '5', '99', '197', 'Y', null, null);
INSERT INTO `assign_kpi_master` VALUES ('4918', '2015', '742', '670', '211', '110', '25', '0', '', '0', '4.00', '5.00', '2500', '5', '99', '197', 'Y', null, null);
INSERT INTO `assign_kpi_master` VALUES ('4915', '2015', '740', '675', '214', '110', '25', '0', '', '0.00', '', '', '0', '0', '0', '197', 'Y', null, null);
INSERT INTO `assign_kpi_master` VALUES ('4916', '2015', '740', '676', '214', '110', '25', '0', '', '0.00', '', '', '0', '0', '0', '197', 'Y', null, null);
INSERT INTO `assign_kpi_master` VALUES ('4917', '2015', '740', '677', '214', '110', '25', '0', '', '0.00', '', '', '0', '0', '0', '197', 'Y', null, null);
INSERT INTO `assign_kpi_master` VALUES ('4914', '2015', '740', '670', '211', '110', '25', '0', '', '2', '4.00', '5.00', '2500', '5', '99', '197', 'Y', null, '2016-06-09 06:49:25');
INSERT INTO `assign_kpi_master` VALUES ('4913', '2015', '740', '674', '214', '110', '25', '0', '', '0.00', '', '', '0', '0', '0', '197', 'Y', null, null);
INSERT INTO `assign_kpi_master` VALUES ('4912', '2015', '740', '673', '211', '110', '25', '0', '', '4', '2.00', '5.00', '1500', '3', '60', '197', 'Y', null, '2016-06-09 06:49:25');
INSERT INTO `assign_kpi_master` VALUES ('4911', '2015', '740', '672', '211', '110', '25', '0', '', '70', '100.00', '5.00', '2000', '4', '80', '197', 'Y', null, '2016-06-09 06:49:25');
INSERT INTO `assign_kpi_master` VALUES ('4909', '2015', '740', '673', '211', '109', '25', '0', '', '0.00', '2.00', '5.00', '0', '0', '0', '197', 'Y', null, null);
INSERT INTO `assign_kpi_master` VALUES ('4910', '2015', '740', '671', '211', '110', '25', '0', '', '0', '5.00', '5.00', '2500', '5', '99', '197', 'Y', null, '2016-06-09 06:49:25');
INSERT INTO `assign_kpi_master` VALUES ('4908', '2015', '740', '672', '211', '109', '25', '0', '', '0.00', '100.00', '5.00', '0', '0', '0', '197', 'Y', null, null);
INSERT INTO `assign_kpi_master` VALUES ('4907', '2015', '740', '671', '211', '109', '25', '0', '', '0.00', '5.00', '5.00', '0', '0', '0', '197', 'Y', null, null);
INSERT INTO `assign_kpi_master` VALUES ('4906', '2015', '740', '670', '211', '109', '25', '0', '', '0.00', '4.00', '5.00', '0', '0', '0', '197', 'Y', null, null);
INSERT INTO `assign_kpi_master` VALUES ('4905', '2015', '740', '677', '214', '109', '25', '0', '', '0.00', '100.00', '5.00', '0', '0', '0', '197', 'Y', null, null);
INSERT INTO `assign_kpi_master` VALUES ('4904', '2015', '740', '676', '214', '109', '25', '0', '', '0.00', '100.00', '5.00', '0', '0', '0', '197', 'Y', null, null);
INSERT INTO `assign_kpi_master` VALUES ('4903', '2015', '740', '675', '214', '109', '25', '0', '', '0.00', '99.00', '5.00', '0', '0', '0', '197', 'Y', null, null);
INSERT INTO `assign_kpi_master` VALUES ('4902', '2015', '740', '674', '214', '109', '25', '0', '', '0.00', '2.00', '5.00', '0', '0', '0', '197', 'Y', null, null);
INSERT INTO `assign_kpi_master` VALUES ('5103', '2016', '749', '673', '211', '110', '25', '0', '', '0.00', '1.00', '5.00', '0', '0', '0', '197', 'Y', null, '2015-08-13 10:49:29');
INSERT INTO `assign_kpi_master` VALUES ('5104', '2016', '749', '670', '211', '110', '25', '0', '', '0.00', '1.00', '5.00', '0', '0', '0', '197', 'Y', null, '2015-08-13 10:49:29');
INSERT INTO `assign_kpi_master` VALUES ('5105', '2016', '749', '671', '211', '110', '25', '0', '', '0.00', '2.00', '5.00', '0', '0', '0', '197', 'Y', null, '2015-08-13 10:49:29');

-- ----------------------------
-- Table structure for `baseline`
-- ----------------------------
DROP TABLE IF EXISTS `baseline`;
CREATE TABLE `baseline` (
  `baseline_id` int(11) NOT NULL AUTO_INCREMENT,
  `kpi_id` int(11) DEFAULT NULL,
  `baseline_begin` double(255,2) DEFAULT NULL,
  `baseline_end` double(255,2) DEFAULT NULL,
  `baseline_score` double(11,2) DEFAULT NULL,
  `suggestion` text,
  PRIMARY KEY (`baseline_id`)
) ENGINE=MyISAM AUTO_INCREMENT=240 DEFAULT CHARSET=utf8mb3;

-- ----------------------------
-- Records of baseline
-- ----------------------------
INSERT INTO `baseline` VALUES ('1', null, '11.00', '22.00', '33.00', null);
INSERT INTO `baseline` VALUES ('2', null, '22.00', '33.00', '44.00', null);
INSERT INTO `baseline` VALUES ('4', '21', '0.00', '45.00', '55.00', null);
INSERT INTO `baseline` VALUES ('7', '21', '46.00', '60.00', '45.00', null);
INSERT INTO `baseline` VALUES ('8', '1', '1000000.00', '2000000.00', '20.00', null);
INSERT INTO `baseline` VALUES ('9', '1', '2000001.00', '4000000.00', '40.00', null);
INSERT INTO `baseline` VALUES ('10', '23', '1200.00', '5000.00', '20.00', null);
INSERT INTO `baseline` VALUES ('11', '23', '522.00', '555.00', '2.00', null);
INSERT INTO `baseline` VALUES ('12', '7', '0.00', '40.00', '1.00', null);
INSERT INTO `baseline` VALUES ('13', '7', '41.00', '60.00', '2.00', null);
INSERT INTO `baseline` VALUES ('14', '7', '61.00', '70.00', '3.00', null);
INSERT INTO `baseline` VALUES ('15', '7', '71.00', '80.00', '4.00', null);
INSERT INTO `baseline` VALUES ('16', '7', '81.00', '120.00', '5.00', null);
INSERT INTO `baseline` VALUES ('17', '8', '0.00', '20.00', '1.00', null);
INSERT INTO `baseline` VALUES ('18', '8', '21.00', '40.00', '2.00', null);
INSERT INTO `baseline` VALUES ('19', '8', '41.00', '60.00', '3.00', null);
INSERT INTO `baseline` VALUES ('20', '8', '61.00', '70.00', '4.00', null);
INSERT INTO `baseline` VALUES ('21', '8', '71.00', '100.00', '5.00', null);
INSERT INTO `baseline` VALUES ('22', '9', '0.00', '20.00', '1.00', null);
INSERT INTO `baseline` VALUES ('23', '9', '21.00', '40.00', '2.00', null);
INSERT INTO `baseline` VALUES ('24', '9', '41.00', '60.00', '3.00', null);
INSERT INTO `baseline` VALUES ('25', '9', '61.00', '70.00', '4.00', null);
INSERT INTO `baseline` VALUES ('26', '9', '71.00', '100.00', '5.00', null);
INSERT INTO `baseline` VALUES ('27', '10', '0.00', '20.00', '1.00', null);
INSERT INTO `baseline` VALUES ('28', '10', '21.00', '40.00', '2.00', null);
INSERT INTO `baseline` VALUES ('29', '10', '41.00', '60.00', '3.00', null);
INSERT INTO `baseline` VALUES ('30', '10', '61.00', '70.00', '4.00', null);
INSERT INTO `baseline` VALUES ('31', '10', '71.00', '100.00', '5.00', null);
INSERT INTO `baseline` VALUES ('32', '25', '0.00', '50.00', '4.00', null);
INSERT INTO `baseline` VALUES ('33', '25', '51.00', '80.00', '5.00', null);
INSERT INTO `baseline` VALUES ('34', '26', '0.00', '40.00', '4.00', null);
INSERT INTO `baseline` VALUES ('35', '26', '41.00', '70.00', '5.00', null);
INSERT INTO `baseline` VALUES ('36', '33', '0.00', '4.00', '5.00', 'ดีมาก!! จำนวนครั้งที่หน่วยตรวจสอบให้แก้ไข(หน่วย:ครั้ง)');
INSERT INTO `baseline` VALUES ('37', '33', '5.00', '6.00', '4.00', 'ดี!! จำนวนครั้งที่หน่วยตรวจสอบให้แก้ไข(หน่วย:ครั้ง)');
INSERT INTO `baseline` VALUES ('38', '33', '7.00', '8.00', '3.00', 'ต้องปรับปรุง!! จำนวนครั้งที่หน่วยตรวจสอบให้แก้ไข(หน่วย:ครั้ง)');
INSERT INTO `baseline` VALUES ('39', '33', '9.00', '10.00', '2.00', 'ต้องปรับปรุงด่วน!! จำนวนครั้งที่หน่วยตรวจสอบให้แก้ไข(หน่วย:ครั้ง)');
INSERT INTO `baseline` VALUES ('40', '33', '11.00', '12.00', '1.00', 'ต้องปรับปรุงด่วนมาก!! จำนวนครั้งที่หน่วยตรวจสอบให้แก้ไข(หน่วย:ครั้ง)');
INSERT INTO `baseline` VALUES ('41', '33', '13.00', '999.00', '0.00', 'ต้องปรับปรุงด่วนมาก!! จำนวนครั้งที่หน่วยตรวจสอบให้แก้ไข(หน่วย:ครั้ง)');
INSERT INTO `baseline` VALUES ('42', '34', '0.00', '5.00', '5.00', null);
INSERT INTO `baseline` VALUES ('43', '34', '6.00', '7.00', '4.00', null);
INSERT INTO `baseline` VALUES ('44', '34', '8.00', '9.00', '3.00', null);
INSERT INTO `baseline` VALUES ('45', '34', '10.00', '11.00', '2.00', null);
INSERT INTO `baseline` VALUES ('46', '34', '12.00', '13.00', '1.00', null);
INSERT INTO `baseline` VALUES ('47', '34', '14.00', '999.00', '0.00', null);
INSERT INTO `baseline` VALUES ('48', '35', '90.00', '100.00', '5.00', null);
INSERT INTO `baseline` VALUES ('49', '35', '70.00', '89.00', '4.00', null);
INSERT INTO `baseline` VALUES ('50', '35', '60.00', '69.00', '3.00', null);
INSERT INTO `baseline` VALUES ('51', '35', '50.00', '59.00', '2.00', null);
INSERT INTO `baseline` VALUES ('52', '35', '40.00', '49.00', '1.00', null);
INSERT INTO `baseline` VALUES ('53', '35', '0.00', '39.00', '0.00', null);
INSERT INTO `baseline` VALUES ('54', '36', '0.00', '2.00', '5.00', null);
INSERT INTO `baseline` VALUES ('55', '36', '3.00', '3.00', '4.00', null);
INSERT INTO `baseline` VALUES ('56', '36', '4.00', '4.00', '3.00', null);
INSERT INTO `baseline` VALUES ('57', '36', '5.00', '5.00', '2.00', null);
INSERT INTO `baseline` VALUES ('58', '36', '6.00', '8.00', '1.00', null);
INSERT INTO `baseline` VALUES ('59', '36', '9.00', '999.00', '0.00', null);
INSERT INTO `baseline` VALUES ('60', '37', '0.00', '4.00', '5.00', null);
INSERT INTO `baseline` VALUES ('61', '37', '5.00', '6.00', '4.00', null);
INSERT INTO `baseline` VALUES ('62', '37', '7.00', '8.00', '3.00', null);
INSERT INTO `baseline` VALUES ('63', '37', '9.00', '10.00', '2.00', null);
INSERT INTO `baseline` VALUES ('64', '37', '11.00', '12.00', '1.00', null);
INSERT INTO `baseline` VALUES ('65', '37', '13.00', '14.00', '0.00', null);
INSERT INTO `baseline` VALUES ('66', '38', '0.00', '2.00', '5.00', null);
INSERT INTO `baseline` VALUES ('67', '38', '3.00', '3.00', '4.00', null);
INSERT INTO `baseline` VALUES ('68', '38', '4.00', '4.00', '3.00', null);
INSERT INTO `baseline` VALUES ('69', '38', '5.00', '5.00', '2.00', null);
INSERT INTO `baseline` VALUES ('70', '38', '6.00', '6.00', '1.00', null);
INSERT INTO `baseline` VALUES ('71', '38', '7.00', '999.00', '0.00', null);
INSERT INTO `baseline` VALUES ('74', '42', '0.00', '2.00', '5.00', '');
INSERT INTO `baseline` VALUES ('75', '42', '3.00', '5.00', '4.00', '');
INSERT INTO `baseline` VALUES ('76', '42', '6.00', '8.00', '3.00', '');
INSERT INTO `baseline` VALUES ('77', '42', '9.00', '12.00', '2.00', '');
INSERT INTO `baseline` VALUES ('78', '42', '13.00', '18.00', '1.00', '');
INSERT INTO `baseline` VALUES ('79', '42', '19.00', '99.00', '0.00', 'ต้องแก้ไขปรับปรุงเป็นการด่วน');
INSERT INTO `baseline` VALUES ('80', '43', '8.00', '99.00', '5.00', '');
INSERT INTO `baseline` VALUES ('81', '43', '6.00', '7.99', '4.00', '');
INSERT INTO `baseline` VALUES ('82', '43', '4.00', '5.99', '3.00', '');
INSERT INTO `baseline` VALUES ('83', '43', '2.00', '4.99', '2.00', '');
INSERT INTO `baseline` VALUES ('84', '43', '1.00', '2.99', '1.00', '');
INSERT INTO `baseline` VALUES ('85', '43', '0.00', '0.99', '0.00', '');
INSERT INTO `baseline` VALUES ('86', '44', '90.00', '100.00', '5.00', '');
INSERT INTO `baseline` VALUES ('87', '44', '70.00', '89.00', '4.00', '');
INSERT INTO `baseline` VALUES ('88', '44', '60.00', '69.00', '3.00', '');
INSERT INTO `baseline` VALUES ('89', '44', '50.00', '59.00', '2.00', '');
INSERT INTO `baseline` VALUES ('90', '44', '40.00', '49.00', '1.00', '');
INSERT INTO `baseline` VALUES ('91', '44', '0.00', '39.00', '0.00', '');
INSERT INTO `baseline` VALUES ('92', '45', '90.00', '100.00', '5.00', '');
INSERT INTO `baseline` VALUES ('93', '45', '80.00', '89.00', '4.00', '');
INSERT INTO `baseline` VALUES ('94', '45', '70.00', '79.00', '3.00', '');
INSERT INTO `baseline` VALUES ('95', '45', '60.00', '69.00', '2.00', '');
INSERT INTO `baseline` VALUES ('96', '45', '50.00', '59.00', '1.00', '');
INSERT INTO `baseline` VALUES ('97', '45', '0.00', '49.00', '0.00', '');
INSERT INTO `baseline` VALUES ('98', '93', '90.00', '100.00', '5.00', '');
INSERT INTO `baseline` VALUES ('99', '93', '80.00', '89.00', '4.00', '');
INSERT INTO `baseline` VALUES ('100', '93', '70.00', '79.00', '3.00', '');
INSERT INTO `baseline` VALUES ('101', '93', '60.00', '69.00', '2.00', '');
INSERT INTO `baseline` VALUES ('102', '93', '50.00', '59.00', '1.00', '');
INSERT INTO `baseline` VALUES ('103', '93', '0.00', '49.00', '0.00', '');
INSERT INTO `baseline` VALUES ('104', '92', '90.00', '100.00', '5.00', '');
INSERT INTO `baseline` VALUES ('105', '92', '80.00', '89.00', '4.00', '');
INSERT INTO `baseline` VALUES ('106', '92', '70.00', '79.00', '3.00', '');
INSERT INTO `baseline` VALUES ('107', '92', '60.00', '69.00', '2.00', '');
INSERT INTO `baseline` VALUES ('108', '92', '50.00', '59.00', '1.00', '');
INSERT INTO `baseline` VALUES ('109', '92', '0.00', '49.00', '0.00', '');
INSERT INTO `baseline` VALUES ('110', '91', '90.00', '99.00', '5.00', '');
INSERT INTO `baseline` VALUES ('111', '91', '80.00', '89.00', '4.00', '');
INSERT INTO `baseline` VALUES ('112', '91', '70.00', '79.00', '3.00', '');
INSERT INTO `baseline` VALUES ('113', '91', '60.00', '69.00', '2.00', '');
INSERT INTO `baseline` VALUES ('114', '91', '50.00', '59.00', '1.00', '');
INSERT INTO `baseline` VALUES ('115', '91', '0.00', '49.00', '0.00', '');
INSERT INTO `baseline` VALUES ('116', '90', '90.00', '100.00', '5.00', '');
INSERT INTO `baseline` VALUES ('117', '90', '80.00', '89.00', '4.00', '');
INSERT INTO `baseline` VALUES ('118', '90', '70.00', '79.00', '3.00', '');
INSERT INTO `baseline` VALUES ('119', '90', '60.00', '69.00', '2.00', '');
INSERT INTO `baseline` VALUES ('120', '90', '50.00', '59.00', '1.00', '');
INSERT INTO `baseline` VALUES ('121', '90', '0.00', '49.00', '0.00', '');
INSERT INTO `baseline` VALUES ('122', '89', '90.00', '100.00', '5.00', '');
INSERT INTO `baseline` VALUES ('123', '89', '80.00', '89.00', '4.00', '');
INSERT INTO `baseline` VALUES ('124', '89', '70.00', '79.00', '3.00', '');
INSERT INTO `baseline` VALUES ('125', '89', '60.00', '69.00', '2.00', '');
INSERT INTO `baseline` VALUES ('126', '89', '50.00', '59.00', '1.00', '');
INSERT INTO `baseline` VALUES ('127', '89', '0.00', '49.00', '0.00', '');
INSERT INTO `baseline` VALUES ('128', '88', '5.00', '5.00', '5.00', '');
INSERT INTO `baseline` VALUES ('129', '88', '4.00', '4.00', '4.00', '');
INSERT INTO `baseline` VALUES ('130', '88', '3.00', '3.00', '3.00', '');
INSERT INTO `baseline` VALUES ('131', '88', '2.00', '2.00', '2.00', '');
INSERT INTO `baseline` VALUES ('132', '88', '1.00', '1.00', '1.00', '');
INSERT INTO `baseline` VALUES ('133', '88', '0.00', '0.00', '0.00', '');
INSERT INTO `baseline` VALUES ('134', '87', '1.00', '2.00', '5.00', '');
INSERT INTO `baseline` VALUES ('135', '87', '0.80', '0.99', '4.00', '');
INSERT INTO `baseline` VALUES ('136', '87', '0.70', '0.79', '3.00', '');
INSERT INTO `baseline` VALUES ('137', '87', '0.60', '0.69', '2.00', '');
INSERT INTO `baseline` VALUES ('141', '86', '90.00', '100.00', '5.00', '');
INSERT INTO `baseline` VALUES ('139', '87', '0.50', '0.59', '1.00', '');
INSERT INTO `baseline` VALUES ('140', '87', '0.00', '0.49', '0.00', '');
INSERT INTO `baseline` VALUES ('142', '86', '80.00', '89.00', '4.00', '');
INSERT INTO `baseline` VALUES ('143', '86', '70.00', '79.00', '3.00', '');
INSERT INTO `baseline` VALUES ('144', '86', '60.00', '69.00', '2.00', '');
INSERT INTO `baseline` VALUES ('145', '86', '50.00', '59.00', '1.00', '');
INSERT INTO `baseline` VALUES ('146', '86', '0.00', '49.00', '0.00', '');
INSERT INTO `baseline` VALUES ('147', '85', '5.00', '5.00', '5.00', '');
INSERT INTO `baseline` VALUES ('148', '85', '4.00', '4.00', '4.00', '');
INSERT INTO `baseline` VALUES ('149', '85', '3.00', '3.00', '3.00', '');
INSERT INTO `baseline` VALUES ('150', '85', '2.00', '2.00', '2.00', '');
INSERT INTO `baseline` VALUES ('151', '85', '1.00', '1.00', '1.00', '');
INSERT INTO `baseline` VALUES ('152', '85', '0.00', '0.00', '0.00', '');
INSERT INTO `baseline` VALUES ('153', '84', '0.00', '3.00', '5.00', '');
INSERT INTO `baseline` VALUES ('154', '84', '4.00', '5.00', '4.00', '');
INSERT INTO `baseline` VALUES ('155', '84', '6.00', '6.00', '3.00', '');
INSERT INTO `baseline` VALUES ('156', '84', '7.00', '7.00', '2.00', '');
INSERT INTO `baseline` VALUES ('157', '84', '8.00', '8.00', '1.00', '');
INSERT INTO `baseline` VALUES ('158', '84', '9.00', '100.00', '0.00', '');
INSERT INTO `baseline` VALUES ('159', '83', '50.00', '100.00', '5.00', '');
INSERT INTO `baseline` VALUES ('160', '83', '40.00', '49.00', '4.00', '');
INSERT INTO `baseline` VALUES ('161', '83', '30.00', '39.00', '3.00', '');
INSERT INTO `baseline` VALUES ('162', '83', '20.00', '29.00', '2.00', '');
INSERT INTO `baseline` VALUES ('163', '83', '10.00', '19.00', '1.00', '');
INSERT INTO `baseline` VALUES ('164', '83', '0.00', '9.00', '0.00', '');
INSERT INTO `baseline` VALUES ('165', '82', '95.00', '100.00', '5.00', '');
INSERT INTO `baseline` VALUES ('166', '82', '80.00', '94.00', '4.00', '');
INSERT INTO `baseline` VALUES ('167', '82', '70.00', '79.00', '3.00', '');
INSERT INTO `baseline` VALUES ('168', '82', '60.00', '69.00', '2.00', '');
INSERT INTO `baseline` VALUES ('169', '82', '50.00', '59.00', '1.00', '');
INSERT INTO `baseline` VALUES ('170', '82', '0.00', '49.00', '0.00', '');
INSERT INTO `baseline` VALUES ('171', '81', '5.00', '5.00', '5.00', '');
INSERT INTO `baseline` VALUES ('172', '81', '4.00', '4.00', '4.00', '');
INSERT INTO `baseline` VALUES ('173', '81', '3.00', '3.00', '3.00', '');
INSERT INTO `baseline` VALUES ('174', '81', '2.00', '2.00', '2.00', '');
INSERT INTO `baseline` VALUES ('175', '81', '1.00', '1.00', '1.00', '');
INSERT INTO `baseline` VALUES ('176', '81', '0.00', '0.00', '0.00', '');
INSERT INTO `baseline` VALUES ('177', '80', '0.00', '1.00', '5.00', '');
INSERT INTO `baseline` VALUES ('178', '80', '2.00', '2.00', '4.00', '');
INSERT INTO `baseline` VALUES ('179', '80', '3.00', '3.00', '3.00', '');
INSERT INTO `baseline` VALUES ('180', '80', '4.00', '4.00', '2.00', '');
INSERT INTO `baseline` VALUES ('181', '80', '5.00', '5.00', '1.00', '');
INSERT INTO `baseline` VALUES ('182', '80', '6.00', '99.00', '0.00', '');
INSERT INTO `baseline` VALUES ('183', '79', '0.00', '1.00', '5.00', '');
INSERT INTO `baseline` VALUES ('184', '79', '2.00', '2.00', '4.00', '');
INSERT INTO `baseline` VALUES ('185', '79', '3.00', '3.00', '3.00', '');
INSERT INTO `baseline` VALUES ('186', '79', '4.00', '4.00', '2.00', '');
INSERT INTO `baseline` VALUES ('187', '79', '5.00', '5.00', '1.00', '');
INSERT INTO `baseline` VALUES ('188', '79', '6.00', '99.00', '0.00', '');
INSERT INTO `baseline` VALUES ('189', '78', '90.00', '100.00', '5.00', '');
INSERT INTO `baseline` VALUES ('190', '78', '80.00', '89.00', '4.00', '');
INSERT INTO `baseline` VALUES ('191', '78', '70.00', '79.00', '3.00', '');
INSERT INTO `baseline` VALUES ('192', '78', '60.00', '69.00', '2.00', '');
INSERT INTO `baseline` VALUES ('193', '78', '50.00', '59.00', '1.00', '');
INSERT INTO `baseline` VALUES ('194', '78', '0.00', '49.00', '0.00', '');
INSERT INTO `baseline` VALUES ('195', '622', '0.00', '2.00', '5.00', '');
INSERT INTO `baseline` VALUES ('196', '646', '0.00', '1.00', '5.00', '');
INSERT INTO `baseline` VALUES ('197', '646', '2.00', '2.00', '4.00', '');
INSERT INTO `baseline` VALUES ('198', '646', '3.00', '3.00', '3.00', '');
INSERT INTO `baseline` VALUES ('199', '646', '4.00', '4.00', '2.00', '');
INSERT INTO `baseline` VALUES ('200', '646', '5.00', '100.00', '0.00', '');
INSERT INTO `baseline` VALUES ('201', '647', '0.00', '1.00', '5.00', '');
INSERT INTO `baseline` VALUES ('202', '647', '2.00', '2.00', '2.00', '');
INSERT INTO `baseline` VALUES ('203', '647', '3.00', '100.00', '0.00', '');
INSERT INTO `baseline` VALUES ('204', '648', '0.00', '20.00', '0.00', '');
INSERT INTO `baseline` VALUES ('205', '648', '21.00', '40.00', '1.00', '');
INSERT INTO `baseline` VALUES ('206', '648', '41.00', '100.00', '5.00', '');
INSERT INTO `baseline` VALUES ('207', '649', '0.00', '1.00', '5.00', '');
INSERT INTO `baseline` VALUES ('208', '649', '2.00', '4.00', '2.00', '');
INSERT INTO `baseline` VALUES ('209', '649', '5.00', '100.00', '0.00', '');
INSERT INTO `baseline` VALUES ('210', '670', '0.00', '1.00', '5.00', '');
INSERT INTO `baseline` VALUES ('211', '670', '2.00', '4.00', '4.00', '');
INSERT INTO `baseline` VALUES ('212', '670', '5.00', '8.00', '3.00', '');
INSERT INTO `baseline` VALUES ('213', '670', '9.00', '10.00', '2.00', '');
INSERT INTO `baseline` VALUES ('214', '670', '11.00', '15.00', '1.00', '');
INSERT INTO `baseline` VALUES ('215', '670', '16.00', '100.00', '0.00', '');
INSERT INTO `baseline` VALUES ('216', '671', '0.00', '2.00', '5.00', '');
INSERT INTO `baseline` VALUES ('217', '671', '3.00', '4.00', '4.00', '');
INSERT INTO `baseline` VALUES ('218', '671', '5.00', '6.00', '3.00', '');
INSERT INTO `baseline` VALUES ('219', '671', '7.00', '8.00', '2.00', '');
INSERT INTO `baseline` VALUES ('220', '671', '9.00', '10.00', '1.00', '');
INSERT INTO `baseline` VALUES ('221', '671', '11.00', '100.00', '0.00', '');
INSERT INTO `baseline` VALUES ('227', '672', '70.00', '89.00', '4.00', '');
INSERT INTO `baseline` VALUES ('226', '672', '90.00', '100.00', '5.00', '');
INSERT INTO `baseline` VALUES ('228', '672', '60.00', '69.00', '3.00', '');
INSERT INTO `baseline` VALUES ('229', '672', '50.00', '59.00', '2.00', '');
INSERT INTO `baseline` VALUES ('230', '672', '40.00', '49.00', '1.00', '');
INSERT INTO `baseline` VALUES ('231', '672', '0.00', '39.00', '0.00', '');
INSERT INTO `baseline` VALUES ('232', '673', '0.00', '1.00', '5.00', '');
INSERT INTO `baseline` VALUES ('233', '673', '2.00', '3.00', '4.00', '');
INSERT INTO `baseline` VALUES ('234', '673', '4.00', '5.00', '3.00', '');
INSERT INTO `baseline` VALUES ('235', '673', '6.00', '7.00', '2.00', '');
INSERT INTO `baseline` VALUES ('236', '673', '8.00', '9.00', '1.00', '');
INSERT INTO `baseline` VALUES ('237', '673', '10.00', '100.00', '0.00', '');
INSERT INTO `baseline` VALUES ('238', '674', '0.00', '0.00', '5.00', '');
INSERT INTO `baseline` VALUES ('239', '674', '1.00', '1.00', '4.00', '');

-- ----------------------------
-- Table structure for `department`
-- ----------------------------
DROP TABLE IF EXISTS `department`;
CREATE TABLE `department` (
  `department_id` int(11) NOT NULL AUTO_INCREMENT,
  `department_name` varchar(255) DEFAULT NULL,
  `department_detail` varchar(255) DEFAULT NULL,
  `admin_id` int(11) DEFAULT NULL,
  PRIMARY KEY (`department_id`)
) ENGINE=MyISAM AUTO_INCREMENT=217 DEFAULT CHARSET=utf8mb3;

-- ----------------------------
-- Records of department
-- ----------------------------
INSERT INTO `department` VALUES ('9', 'ฝ่ายบัญชีการเงิน', 'ฝ่ายบัญชีการเงิน', '198');
INSERT INTO `department` VALUES ('13', 'ฝ่ายบุคคล', 'ฝ่ายบุคคล', '198');
INSERT INTO `department` VALUES ('12', 'ฝ่ายไอที', 'ฝ่ายไอที', '198');
INSERT INTO `department` VALUES ('11', 'ฝ่ายการตลาด', 'ฝ่ายการตลาด', '198');
INSERT INTO `department` VALUES ('14', 'แผนกโลจิสติกส์', 'แผนกโลจิสติกส์', '198');
INSERT INTO `department` VALUES ('15', 'แผนกจัดซื้อ', 'แผนกจัดซื้อ', '198');
INSERT INTO `department` VALUES ('214', 'ฝ่ายการตลาด', 'ฝ่ายการตลาด', '197');
INSERT INTO `department` VALUES ('215', 'แผนกโลจิสติกส์', 'แผนกโลจิสติกส์', '197');
INSERT INTO `department` VALUES ('216', 'แผนกจัดซื้อ', 'แผนกจัดซื้อ', '197');
INSERT INTO `department` VALUES ('213', 'ฝ่ายไอที', 'ฝ่ายไอที', '197');
INSERT INTO `department` VALUES ('212', 'ฝ่ายบุคคล', 'ฝ่ายบุคคล', '197');
INSERT INTO `department` VALUES ('211', 'ฝ่ายบัญชีการเงิน', 'ฝ่ายบัญชีการเงิน', '197');

-- ----------------------------
-- Table structure for `employee`
-- ----------------------------
DROP TABLE IF EXISTS `employee`;
CREATE TABLE `employee` (
  `emp_id` int(11) NOT NULL AUTO_INCREMENT,
  `emp_user` varchar(255) DEFAULT NULL,
  `emp_pass` varchar(255) DEFAULT NULL,
  `emp_picture_thum` varchar(255) DEFAULT NULL,
  `emp_picture` varchar(255) DEFAULT NULL,
  `emp_tel` varchar(255) DEFAULT NULL,
  `emp_age` int(11) DEFAULT NULL,
  `emp_name` varchar(255) DEFAULT NULL,
  `emp_email` varchar(255) DEFAULT NULL,
  `emp_other` varchar(255) DEFAULT NULL,
  `position_id` varchar(255) DEFAULT NULL,
  `department_id` varchar(11) DEFAULT NULL,
  `admin_id` int(11) DEFAULT NULL,
  `emp_date_of_birth` varchar(22) DEFAULT NULL,
  `emp_age_working` int(11) DEFAULT NULL,
  `emp_last_name` varchar(255) DEFAULT NULL,
  `emp_first_name` varchar(255) DEFAULT NULL,
  `emp_status` varchar(255) DEFAULT NULL,
  `emp_mobile` varchar(255) DEFAULT NULL,
  `emp_adress` varchar(255) DEFAULT NULL,
  `emp_district` varchar(255) DEFAULT NULL,
  `emp_sub_district` varchar(255) DEFAULT NULL,
  `emp_province` varchar(255) DEFAULT NULL,
  `emp_postcode` varchar(255) DEFAULT NULL,
  `emp_status_work_id` int(255) DEFAULT NULL,
  `emp_code` varchar(255) DEFAULT NULL,
  PRIMARY KEY (`emp_id`)
) ENGINE=MyISAM AUTO_INCREMENT=522 DEFAULT CHARSET=utf8mb3;

-- ----------------------------
-- Records of employee
-- ----------------------------
INSERT INTO `employee` VALUES ('1', 'emp3', 'emp3', '../View/uploads/empthumb_maketing-w320_960125103.gif', '../View/uploads/empmaketing-w320_960125103.gif', '026665547', '40', '', 'adb@abc.com', '', '10', '9', '198', '1/29/2015', '11', 'สุคนธะ', 'ไกรสร', 'single', '0801112245', '116', '', '', '', '', '1', 'EA001');
INSERT INTO `employee` VALUES ('2', 'emp3', 'emp3', '../View/uploads/empthumb_englishlecturer1-w320_1225329971.jpg', '../View/uploads/empenglishlecturer1-w320_1225329971.jpg', '023446234', '29', '', 'def@hotmail.com', '', '10', '9', '198', '4/20/1986', '10', 'ศิริมงคล', 'คมศักดิ์', 'single', '087898788', '788/1 หอพักดวงดาว ถนนอุดมสุข 5', 'เขตดุสิต', 'ดุสิต', 'กรุงเทพมหาคร', '10520', '1', 'EA002');
INSERT INTO `employee` VALUES ('6', 'emp7', 'emp7', '../View/uploads/empthumb_2_672113391.jpg', '../View/uploads/emp2_672113391.jpg', '023452238', '28', '', 'rstu@hotmail.com', '', '10', '13', '198', '31/9/1986', '6', 'เวชยา', 'วรเวช', 'single', '087893232', '23/7 หมู่บ้านโอเคเฟอเฟ็ก 12', 'เขตบางกะปิ', 'คลองจั่น', 'กรุงเทพมหาคร', '10120', '1', 'EH001');
INSERT INTO `employee` VALUES ('7', 'emp8', 'emp8', '../View/uploads/empthumb_avatar3_225830788.jpg', '../View/uploads/empavatar3_225830788.jpg', '021112544', '29', '', 'vwx@hotmail.com', '', '10', '13', '198', '31/6/1986', '11', 'คงไว้', 'บูรณา', 'single', '084654625', '896/45 หมู่บ้าน สุขใจ 20', 'เขตปทุมวัน', 'รองเมือง', 'กรุงเทพมหาคร', '10110', '1', 'EH002');
INSERT INTO `employee` VALUES ('11', 'emp8', 'emp8', '../View/uploads/empthumb_1_356991657.jpg', '../View/uploads/emp1_356991657.jpg', '021112544', '29', '', 'vwx@hotmail.com', '', '10', '12', '198', '31/6/1986', '11', 'อยู่เจริญ', 'ปทุมรัตน์', 'single', '084654625', '896/45 หมู่บ้าน สุขใจ 20', 'เขตปทุมวัน', 'รองเมือง', 'กรุงเทพมหาคร', '10110', '1', 'EI001');
INSERT INTO `employee` VALUES ('12', 'emp9', 'emp9', '../View/uploads/empthumb_a2_1249255641.jpg', '../View/uploads/empa2_1249255641.jpg', '021554233', '30', '', 'xyz@hotmail.com', '', '10', '12', '198', '31/08/1985', '8', 'เกิดมี', 'เธียรธาร', 'single', '087866453', '11/786 หมู่บ้านธารารมณ์', 'เขตป้อมปราบศัตรูพ่าย', 'ป้อมปราบ', 'กรุงเทพมหาคร', '10410', '1', 'EI002');
INSERT INTO `employee` VALUES ('16', 'ceo', 'ceo', '../View/uploads/empthumb_manage1-w320_1348874215.jpg', '../View/uploads/empmanage1-w320_1348874215.jpg', '023452238', '28', '', 'rstu@hotmail.com', '', '11', '11', '198', '31/9/1986', '6', 'คันโธสา', 'จุฬารัตน์', 'single', '087893232', '23/7 หมู่บ้านโอเคเฟอเฟ็ก 12', 'เขตบางกะปิ', 'คลองจั่น', 'กรุงเทพมหาคร', '10120', '1', 'EM005');
INSERT INTO `employee` VALUES ('17', 'emp8', 'emp8', '../View/uploads/empthumb_1511137_433575890129932_2950144930921405395_n_571849341.jpg', '../View/uploads/emp1511137_433575890129932_2950144930921405395_n_571849341.jpg', '021112544', '29', '', 'vwx@hotmail.com', '', '10', '11', '198', '31/6/1986', '11', 'สิงห์ทองกล้า', 'ศรีสุดา', 'single', '084654625', '896/45 หมู่บ้าน สุขใจ 20', 'เขตปทุมวัน', 'รองเมือง', 'กรุงเทพมหาคร', '10110', '1', 'EM004');
INSERT INTO `employee` VALUES ('18', 'emp99', 'emp99', '../View/uploads/empthumb_10930522_786265701459324_1310912553955830447_n_1140643425.jpg', '../View/uploads/emp10930522_786265701459324_1310912553955830447_n_1140643425.jpg', '021554233', '30', '', 'xyz@hotmail.com', '', '10', '11', '198', '31/08/1985', '8', 'ชนะภัย', 'ศิริพร', 'single', '087866453', '11/786 หมู่บ้านธารารมณ์', 'เขตป้อมปราบศัตรูพ่าย', 'ป้อมปราบ', 'กรุงเทพมหาคร', '10410', '1', 'EM006');
INSERT INTO `employee` VALUES ('19', 'chief', 'chief', '../View/uploads/empthumb_dev-320_797895287.jpg', '../View/uploads/empdev-320_797895287.jpg', '021345233', '41', '', 'abc123@hotmail.com', '', '8', '11', '198', '3/18/1974', '7', 'สิงหา', 'ชาลี', 'single', '084564535', '55/88 หมู่บ้านรื่นฤดี 7 ถนนหทัยราษฎร์', 'เขตพระโขนง', 'คลองเตย', 'กรุงเทพมหาคร', '10420', '1', 'EM007');
INSERT INTO `employee` VALUES ('21', 'emp2', 'emp2', '../View/uploads/empthumb_avatar-2_1329337786.png', '../View/uploads/empavatar-2_1329337786.png', '021112233', '30', '', 'abc@hotmail.com', '', '10', '14', '198', '5/26/1985', '11', 'อินทา', 'สาธิดา', 'single', '084353345', '466/178 หมู่บ้านเสริมสุข ถนนรามคำแหง 120', 'เขตพระนคร', 'วังบูรพาภิรมย์', 'กรุงเทพมหาคร', '10510', '1', 'EL001');
INSERT INTO `employee` VALUES ('22', 'emp3', 'emp3', '../View/uploads/empthumb_a4_1337987174.jpg', '../View/uploads/empa4_1337987174.jpg', '023446234', '29', '', 'def@hotmail.com', '', '10', '14', '198', '4/20/1986', '10', 'นวลกุลชร', 'ธนดล', 'single', '087898788', '788/1 หอพักดวงดาว ถนนอุดมสุข 5', 'เขตดุสิต', 'ดุสิต', 'กรุงเทพมหาคร', '10520', '1', 'EL002');
INSERT INTO `employee` VALUES ('26', 'emp6', 'emp6', '../View/uploads/empthumb_sergey-azovskiy_1138190614.jpg', '../View/uploads/empsergey-azovskiy_1138190614.jpg', '026612237', '36', '', 'opq@hotmail.com', '', '10', '15', '198', '29/6/1986', '7', 'แสงนิลสี', 'นิคม', 'single', '084538286', '46/4 หมู่บ้านร่วมใจ สามัคคี 55', 'เขตบางเขน', 'ลาดยาว', 'กรุงเทพมหาคร', '10440', '1', 'EP001');
INSERT INTO `employee` VALUES ('27', 'emp7', 'emp7', '../View/uploads/empthumb_user-6_464183824.jpg', '../View/uploads/empuser-6_464183824.jpg', '023452238', '28', '', 'rstu@hotmail.com', '', '10', '15', '198', '31/9/1986', '6', 'กันตา', 'อานนท์', 'single', '087893232', '23/7 หมู่บ้านโอเคเฟอเฟ็ก 12', 'เขตบางกะปิ', 'คลองจั่น', 'กรุงเทพมหาคร', '10120', '1', 'EP002');
INSERT INTO `employee` VALUES ('521', 'emp7', 'emp7', '../View/uploads/empthumb_user-6_464183824.jpg', '../View/uploads/empuser-6_464183824.jpg', '023452238', '28', '', 'rstu@hotmail.com', '', '110', '216', '197', '31/9/1986', '6', 'กันตา', 'อานนท์', 'single', '087893232', '23/7 หมู่บ้านโอเคเฟอเฟ็ก 12', 'เขตบางกะปิ', 'คลองจั่น', 'กรุงเทพมหาคร', '10120', '1', 'EP002');
INSERT INTO `employee` VALUES ('520', 'emp6', 'emp6', '../View/uploads/empthumb_sergey-azovskiy_1138190614.jpg', '../View/uploads/empsergey-azovskiy_1138190614.jpg', '026612237', '36', '', 'opq@hotmail.com', '', '110', '216', '197', '29/6/1986', '7', 'แสงนิลสี', 'นิคม', 'single', '084538286', '46/4 หมู่บ้านร่วมใจ สามัคคี 55', 'เขตบางเขน', 'ลาดยาว', 'กรุงเทพมหาคร', '10440', '1', 'EP001');
INSERT INTO `employee` VALUES ('519', 'emp3', 'emp3', '../View/uploads/empthumb_a4_1337987174.jpg', '../View/uploads/empa4_1337987174.jpg', '023446234', '29', '', 'def@hotmail.com', '', '110', '215', '197', '4/20/1986', '10', 'นวลกุลชร', 'ธนดล', 'single', '087898788', '788/1 หอพักดวงดาว ถนนอุดมสุข 5', 'เขตดุสิต', 'ดุสิต', 'กรุงเทพมหาคร', '10520', '1', 'EL002');
INSERT INTO `employee` VALUES ('518', 'emp2', 'emp2', '../View/uploads/empthumb_avatar-2_1329337786.png', '../View/uploads/empavatar-2_1329337786.png', '021112233', '30', '', 'abc@hotmail.com', '', '110', '215', '197', '5/26/1985', '11', 'อินทา', 'สาธิดา', 'single', '084353345', '466/178 หมู่บ้านเสริมสุข ถนนรามคำแหง 120', 'เขตพระนคร', 'วังบูรพาภิรมย์', 'กรุงเทพมหาคร', '10510', '1', 'EL001');
INSERT INTO `employee` VALUES ('516', 'emp99', 'emp99', '../View/uploads/empthumb_10930522_786265701459324_1310912553955830447_n_1140643425.jpg', '../View/uploads/emp10930522_786265701459324_1310912553955830447_n_1140643425.jpg', '021554233', '30', '', 'xyz@hotmail.com', '', '110', '214', '197', '31/08/1985', '8', 'ชนะภัย', 'ศิริพร', 'single', '087866453', '11/786 หมู่บ้านธารารมณ์', 'เขตป้อมปราบศัตรูพ่าย', 'ป้อมปราบ', 'กรุงเทพมหาคร', '10410', '1', 'EM006');
INSERT INTO `employee` VALUES ('517', 'chief', 'chief', '../View/uploads/empthumb_dev-320_797895287.jpg', '../View/uploads/empdev-320_797895287.jpg', '021345233', '41', '', 'abc123@hotmail.com', '', '109', '214', '197', '3/18/1974', '7', 'สิงหา', 'ชาลี', 'single', '084564535', '55/88 หมู่บ้านรื่นฤดี 7 ถนนหทัยราษฎร์', 'เขตพระโขนง', 'คลองเตย', 'กรุงเทพมหาคร', '10420', '1', 'EM007');
INSERT INTO `employee` VALUES ('508', 'emp3', 'emp3', '../View/uploads/empthumb_maketing-w320_960125103.gif', '../View/uploads/empmaketing-w320_960125103.gif', '026665547', '40', '', 'adb@abc.com', '', '110', '211', '197', '1/29/2015', '11', 'สุคนธะ', 'ไกรสร', 'single', '0801112245', '116', '', '', '', '', '1', 'EA001');
INSERT INTO `employee` VALUES ('509', 'emp3', 'emp3', '../View/uploads/empthumb_englishlecturer1-w320_1225329971.jpg', '../View/uploads/empenglishlecturer1-w320_1225329971.jpg', '023446234', '29', '', 'def@hotmail.com', '', '110', '211', '197', '4/20/1986', '10', 'ศิริมงคล', 'คมศักดิ์', 'single', '087898788', '788/1 หอพักดวงดาว ถนนอุดมสุข 5', 'เขตดุสิต', 'ดุสิต', 'กรุงเทพมหาคร', '10520', '1', 'EA002');
INSERT INTO `employee` VALUES ('510', 'emp7', 'emp7', '../View/uploads/empthumb_2_672113391.jpg', '../View/uploads/emp2_672113391.jpg', '023452238', '28', '', 'rstu@hotmail.com', '', '110', '212', '197', '31/9/1986', '6', 'เวชยา', 'วรเวช', 'single', '087893232', '23/7 หมู่บ้านโอเคเฟอเฟ็ก 12', 'เขตบางกะปิ', 'คลองจั่น', 'กรุงเทพมหาคร', '10120', '1', 'EH001');
INSERT INTO `employee` VALUES ('511', 'emp8', 'emp8', '../View/uploads/empthumb_avatar3_225830788.jpg', '../View/uploads/empavatar3_225830788.jpg', '021112544', '29', '', 'vwx@hotmail.com', '', '110', '212', '197', '31/6/1986', '11', 'คงไว้', 'บูรณา', 'single', '084654625', '896/45 หมู่บ้าน สุขใจ 20', 'เขตปทุมวัน', 'รองเมือง', 'กรุงเทพมหาคร', '10110', '1', 'EH002');
INSERT INTO `employee` VALUES ('512', 'emp8', 'emp8', '../View/uploads/empthumb_1_356991657.jpg', '../View/uploads/emp1_356991657.jpg', '021112544', '29', '', 'vwx@hotmail.com', '', '110', '213', '197', '31/6/1986', '11', 'อยู่เจริญ', 'ปทุมรัตน์', 'single', '084654625', '896/45 หมู่บ้าน สุขใจ 20', 'เขตปทุมวัน', 'รองเมือง', 'กรุงเทพมหาคร', '10110', '1', 'EI001');
INSERT INTO `employee` VALUES ('513', 'emp9', 'emp9', '../View/uploads/empthumb_a2_1249255641.jpg', '../View/uploads/empa2_1249255641.jpg', '021554233', '30', '', 'xyz@hotmail.com', '', '110', '213', '197', '31/08/1985', '8', 'เกิดมี', 'เธียรธาร', 'single', '087866453', '11/786 หมู่บ้านธารารมณ์', 'เขตป้อมปราบศัตรูพ่าย', 'ป้อมปราบ', 'กรุงเทพมหาคร', '10410', '1', 'EI002');
INSERT INTO `employee` VALUES ('514', 'ceo', 'ceo', '../View/uploads/empthumb_manage1-w320_1348874215.jpg', '../View/uploads/empmanage1-w320_1348874215.jpg', '023452238', '28', '', 'rstu@hotmail.com', '', '111', '214', '197', '31/9/1986', '6', 'คันโธสา', 'จุฬารัตน์', 'single', '087893232', '23/7 หมู่บ้านโอเคเฟอเฟ็ก 12', 'เขตบางกะปิ', 'คลองจั่น', 'กรุงเทพมหาคร', '10120', '1', 'EM005');
INSERT INTO `employee` VALUES ('515', 'emp8', 'emp8', '../View/uploads/empthumb_1511137_433575890129932_2950144930921405395_n_571849341.jpg', '../View/uploads/emp1511137_433575890129932_2950144930921405395_n_571849341.jpg', '021112544', '29', '', 'vwx@hotmail.com', '', '110', '214', '197', '31/6/1986', '11', 'สิงห์ทองกล้า', 'ศรีสุดา', 'single', '084654625', '896/45 หมู่บ้าน สุขใจ 20', 'เขตปทุมวัน', 'รองเมือง', 'กรุงเทพมหาคร', '10110', '1', 'EM004');

-- ----------------------------
-- Table structure for `emp_status`
-- ----------------------------
DROP TABLE IF EXISTS `emp_status`;
CREATE TABLE `emp_status` (
  `id` int(11) DEFAULT NULL,
  `emp_status_work` varchar(255) DEFAULT NULL
) ENGINE=MyISAM DEFAULT CHARSET=utf8mb3;

-- ----------------------------
-- Records of emp_status
-- ----------------------------
INSERT INTO `emp_status` VALUES ('1', 'ปกติ');
INSERT INTO `emp_status` VALUES ('2', 'พักงานชั่วคราว');
INSERT INTO `emp_status` VALUES ('3', 'ลาออก');

-- ----------------------------
-- Table structure for `kpi`
-- ----------------------------
DROP TABLE IF EXISTS `kpi`;
CREATE TABLE `kpi` (
  `kpi_id` int(11) NOT NULL AUTO_INCREMENT,
  `kpi_name` varchar(255) DEFAULT NULL,
  `kpi_detail` varchar(255) DEFAULT NULL,
  `admin_id` int(11) DEFAULT NULL,
  `kpi_code` varchar(255) DEFAULT NULL,
  PRIMARY KEY (`kpi_id`)
) ENGINE=MyISAM AUTO_INCREMENT=694 DEFAULT CHARSET=utf8mb3;

-- ----------------------------
-- Records of kpi
-- ----------------------------
INSERT INTO `kpi` VALUES ('33', 'บัญชีการเงิน-จำนวนครั้งที่หน่วยตรวจสอบให้แก้ไข(หน่วย:ครั้ง)', 'จำนวนครั้งที่หน่วยตรวจสอบให้แก้ไข(สำหรับประเมินพนักงานบัญชี)', '198', 'KPI001');
INSERT INTO `kpi` VALUES ('34', 'บัญชีการเงิน-จำนวนครั้งที่ขาดสภาพคล่อง/กระทบงานอื่นๆ(หน่วย:ชั่วโมง)', 'จำนวนครั้งที่ขาดสภาพคล่อง/กระทบงานอื่นๆ(สำหรับประเมินพนักงานบัญชี)', '198', 'KPI002');
INSERT INTO `kpi` VALUES ('35', 'บัญชีการเงิน-% ความพึงพอใจ(ดี)(หน่วย:ร้อยละ)', '% ความพึงพอใจ(ดี)(สำหรับประเมินพนักงานบัญชี)', '198', 'KPI003');
INSERT INTO `kpi` VALUES ('36', 'บัญชีการเงิน-จำนวนครั้งที่ปิดบัญชีไม่ทันกำหนด(หน่วย:ครั้ง)', 'จำนวนครั้งที่ปิดบัญชีไม่ทันกำหนด(สำหรับประเมินพนักงานบัญชี)', '198', 'KPI004');
INSERT INTO `kpi` VALUES ('42', 'การตลาด-จำนวนข้อร้องเรียนจากลูกค้า(หน่วย:ครั้ง)', '  ( ≤1 ครั้ง)  นับจำนวนข้อร้องเรียนจากลูกค้า  (ความถี่ ทุกเดือน)', '198', 'KPI005');
INSERT INTO `kpi` VALUES ('43', 'การตลาด-อัตรายอดขายประจำงวดการประเมิน(หน่วย:ล้านบาท)', ' อัตรายอดขายประจำงวดการประเมินเทียบกับปีที่แล้ว', '198', 'KPI006');
INSERT INTO `kpi` VALUES ('44', 'การตลาด-ยอดสั่งซื้อของลูกค้าเฉลี่ยต่อเดือน(หน่วย:ร้อยละ)', 'ยอดสั่งซื้อของลูกค้าเฉลี่ยต่อเดือน (≥ 80%) ใบสั่งซื้อ (PO), ใบตอบรับการเสนอราคา (ความถี่ ทุกเดือน)', '198', 'KPI007');
INSERT INTO `kpi` VALUES ('45', 'การตลาด-จำนวนลูกค้าที่ติดต่อเข้ามาเอง(หน่วย:ร้อยละ)', ' จำนวนลูกค้าที่ติดต่อเข้ามาเอง (≥ 90% ของลูกค้าทั้งหมด) บันทึก (สมุด/แบบฟอร์มการรับเรื่อง) (ความถี่ ทุกเดือน)', '198', 'KPI008');
INSERT INTO `kpi` VALUES ('78', 'ไอที-ผู้ปฎิบัติงานทางด้าน ICT ที่มีความรู้ความชำนาญเฉพาะทาง หรือผ่านการทดสอบมาตรฐานวิชาชีพ (หน่วย:ร้อยละ)', 'ผู้ปฎิบัติงานทางด้าน ICT ที่มีความรู้ความชำนาญเฉพาะทาง หรือผ่านการทดสอบมาตรฐานวิชาชีพ (หน่วย:ร้อยละ)', '198', 'KPI009');
INSERT INTO `kpi` VALUES ('693', 'โลจิสติกส์-ความสามารถของอุตสาหกรรมโลจิสติกส์ในประเทศ(หน่วย:ร้อยละ) ', 'ความสามารถของอุตสาหกรรมโลจิสติกส์ในประเทศ ', '197', 'KPI024');
INSERT INTO `kpi` VALUES ('692', 'โลจิสติกส์-ความสะดวกในการนําเข้าหรือส่งออกสินค้าระหว่างประเทศ(หน่วย:ร้อยละ)', 'ความสะดวกในการนําเข้าหรือส่งออกสินค้าระหว่างประเทศ ', '197', 'KPI023');
INSERT INTO `kpi` VALUES ('681', 'ไอที-จำนวนโครงการ/กิจกรรมที่จัดขึ้น เพื่อพัฒนาความรอบรู้ ICT ของผู้เรียนและผู้ปฏิบัติงาน(หน่วย:โครงการ)', 'จำนวนโครงการ/กิจกรรมที่จัดขึ้น เพื่อพัฒนาความรอบรู้ ICT (หน่วย:โครงการ)ของผู้เรียนและผู้ปฏิบัติงาน', '197', 'KPI012');
INSERT INTO `kpi` VALUES ('682', ' บุคคล-อัตราการมาทำงานของพนักงาน  95% ต่อเดือน(หน่วย:คน)', 'จำนวนพนักงานที่มาทำงานต่อวัน อัตราการไม่มาทำงานต่อวัน เอกสารรายงานผลการดำเนินงานตามวัตถุประสงค์', '197', 'KPI013');
INSERT INTO `kpi` VALUES ('683', 'บุคคล-อัตราการมาสายลดลง  50 %(หน่วย:ร้อยละ)', 'รายงานการมาสายของพนักงานจำแนกตามระดับ ตำแหน่งแผนก ', '197', 'KPI014');
INSERT INTO `kpi` VALUES ('79', 'ไอที-จำนวนครั้งของการเกิด downtime ของระบบ ICT และระยะเวลาในการกู้คืน(หน่วย:ครั้ง)', 'จำนวนครั้งของการเกิด downtime ของระบบ ICT และระยะเวลาในการกู้คืน', '198', 'KPI010');
INSERT INTO `kpi` VALUES ('80', 'ไอที-จำนวนครั้งของการถูกบุกรุก และระดับความปลอดภัยที่ยอมรับได้ (หน่วย:ครั้ง)', 'จำนวนครั้งของการถูกบุกรุก และระดับความปลอดภัยที่ยอมรับได้ (หน่วย:ครั้ง)', '198', 'KPI011');
INSERT INTO `kpi` VALUES ('81', 'ไอที-จำนวนโครงการ/กิจกรรมที่จัดขึ้น เพื่อพัฒนาความรอบรู้ ICT ของผู้เรียนและผู้ปฏิบัติงาน(หน่วย:โครงการ)', 'จำนวนโครงการ/กิจกรรมที่จัดขึ้น เพื่อพัฒนาความรอบรู้ ICT (หน่วย:โครงการ)ของผู้เรียนและผู้ปฏิบัติงาน', '198', 'KPI012');
INSERT INTO `kpi` VALUES ('82', ' บุคคล-อัตราการมาทำงานของพนักงาน  95% ต่อเดือน(หน่วย:คน)', 'จำนวนพนักงานที่มาทำงานต่อวัน อัตราการไม่มาทำงานต่อวัน เอกสารรายงานผลการดำเนินงานตามวัตถุประสงค์', '198', 'KPI013');
INSERT INTO `kpi` VALUES ('83', 'บุคคล-อัตราการมาสายลดลง  50 %(หน่วย:ร้อยละ)', 'รายงานการมาสายของพนักงานจำแนกตามระดับ ตำแหน่งแผนก ', '198', 'KPI014');
INSERT INTO `kpi` VALUES ('84', 'บุคคล-อัตราการหยุดงาน ไม่เกิน 3 % ต่อเดือน(หน่วย:ร้อยละ)', 'รายงานอัตราการหยุดงานแต่ละประเภท ', '198', 'KPI015');
INSERT INTO `kpi` VALUES ('85', 'บุคคล-กิจกรรมเสริมสร้างแรงงานสัมพันธ์ที่ดี(หน่วย:ครั้ง)', 'กิจกรรมเสริมสร้างแรงงานสัมพันธ์ที่ดี เน้นการทำงานเป็นทีม และมุ่งความสนใจส่วนบุคคล', '198', 'KPI016');
INSERT INTO `kpi` VALUES ('86', 'จัดซื้อ-การควบคุมราคา/ต้นทุนของวัตถุดิบ(หน่วย:ร้อยละ)', 'จัดซื้อ-การควบคุมราคา/ต้นทุนของวัตถุดิบ(หน่วย:ร้อยละ)', '198', 'KPI017');
INSERT INTO `kpi` VALUES ('87', 'จัดซื้อ-การลดราคา/ต้นทุนของวัตถุดิบ(หน่วย:ล้านบาท)', 'การลดราคา/ต้นทุนของวัตถุดิบ', '198', 'KPI018');
INSERT INTO `kpi` VALUES ('88', 'จัดซื้อ-การติดตามการขอเสนอซื้อ(หน่วย:ครั้ง)', 'การติดตามการขอเสนอซื้อ(หน่วย:ครั้ง)', '198', 'KPI019');
INSERT INTO `kpi` VALUES ('89', 'จัดซื้อ-คุณภาพการบริหารงานจัดซื้อ(หน่วย:ร้อยละ)', 'คุณภาพการบริหารงานจัดซื้อ(หน่วย:ร้อยละ)', '198', 'KPI020');
INSERT INTO `kpi` VALUES ('90', 'โลจิสติกส์-ประสิทธิภาพในการดําเนินพิธีการศลุกากรที่ชายแดนของหน่วยงานที่เกี่ยวข้อง(หน่วย:ร้อยละ)', 'ประสิทธิภาพในการดําเนินพิธีการศลุกากรที่ชายแดนของหน่วยงานที่เกี่ยวข้อง(หน่วย:ร้อยละ)', '198', 'KPI021');
INSERT INTO `kpi` VALUES ('91', 'โลจิสติกส์-คุณภาพของสาธารณูปโภคพื้นฐานของการขนส่งและระบบสารสนเทศสําหรับโลจิสตกิส(หน่วย:ร้อยละ)', 'คุณภาพของสาธารณูปโภคพื้นฐานของการขนส่งและระบบสารสนเทศสําหรับโลจิสตกิส', '198', 'KPI022');
INSERT INTO `kpi` VALUES ('92', 'โลจิสติกส์-ความสะดวกในการนําเข้าหรือส่งออกสินค้าระหว่างประเทศ(หน่วย:ร้อยละ)', 'ความสะดวกในการนําเข้าหรือส่งออกสินค้าระหว่างประเทศ ', '198', 'KPI023');
INSERT INTO `kpi` VALUES ('93', 'โลจิสติกส์-ความสามารถของอุตสาหกรรมโลจิสติกส์ในประเทศ(หน่วย:ร้อยละ) ', 'ความสามารถของอุตสาหกรรมโลจิสติกส์ในประเทศ ', '198', 'KPI024');
INSERT INTO `kpi` VALUES ('691', 'โลจิสติกส์-คุณภาพของสาธารณูปโภคพื้นฐานของการขนส่งและระบบสารสนเทศสําหรับโลจิสตกิส(หน่วย:ร้อยละ)', 'คุณภาพของสาธารณูปโภคพื้นฐานของการขนส่งและระบบสารสนเทศสําหรับโลจิสตกิส', '197', 'KPI022');
INSERT INTO `kpi` VALUES ('687', 'จัดซื้อ-การลดราคา/ต้นทุนของวัตถุดิบ(หน่วย:ล้านบาท)', 'การลดราคา/ต้นทุนของวัตถุดิบ', '197', 'KPI018');
INSERT INTO `kpi` VALUES ('688', 'จัดซื้อ-การติดตามการขอเสนอซื้อ(หน่วย:ครั้ง)', 'การติดตามการขอเสนอซื้อ(หน่วย:ครั้ง)', '197', 'KPI019');
INSERT INTO `kpi` VALUES ('689', 'จัดซื้อ-คุณภาพการบริหารงานจัดซื้อ(หน่วย:ร้อยละ)', 'คุณภาพการบริหารงานจัดซื้อ(หน่วย:ร้อยละ)', '197', 'KPI020');
INSERT INTO `kpi` VALUES ('690', 'โลจิสติกส์-ประสิทธิภาพในการดําเนินพิธีการศลุกากรที่ชายแดนของหน่วยงานที่เกี่ยวข้อง(หน่วย:ร้อยละ)', 'ประสิทธิภาพในการดําเนินพิธีการศลุกากรที่ชายแดนของหน่วยงานที่เกี่ยวข้อง(หน่วย:ร้อยละ)', '197', 'KPI021');
INSERT INTO `kpi` VALUES ('686', 'จัดซื้อ-การควบคุมราคา/ต้นทุนของวัตถุดิบ(หน่วย:ร้อยละ)', 'จัดซื้อ-การควบคุมราคา/ต้นทุนของวัตถุดิบ(หน่วย:ร้อยละ)', '197', 'KPI017');
INSERT INTO `kpi` VALUES ('684', 'บุคคล-อัตราการหยุดงาน ไม่เกิน 3 % ต่อเดือน(หน่วย:ร้อยละ)', 'รายงานอัตราการหยุดงานแต่ละประเภท ', '197', 'KPI015');
INSERT INTO `kpi` VALUES ('685', 'บุคคล-กิจกรรมเสริมสร้างแรงงานสัมพันธ์ที่ดี(หน่วย:ครั้ง)', 'กิจกรรมเสริมสร้างแรงงานสัมพันธ์ที่ดี เน้นการทำงานเป็นทีม และมุ่งความสนใจส่วนบุคคล', '197', 'KPI016');
INSERT INTO `kpi` VALUES ('672', 'บัญชีการเงิน-% ความพึงพอใจ(ดี)(หน่วย:ร้อยละ)', '% ความพึงพอใจ(ดี)(สำหรับประเมินพนักงานบัญชี)', '197', 'KPI003');
INSERT INTO `kpi` VALUES ('673', 'บัญชีการเงิน-จำนวนครั้งที่ปิดบัญชีไม่ทันกำหนด(หน่วย:ครั้ง)', 'จำนวนครั้งที่ปิดบัญชีไม่ทันกำหนด(สำหรับประเมินพนักงานบัญชี)', '197', 'KPI004');
INSERT INTO `kpi` VALUES ('674', 'การตลาด-จำนวนข้อร้องเรียนจากลูกค้า(หน่วย:ครั้ง)', '  ( ≤1 ครั้ง)  นับจำนวนข้อร้องเรียนจากลูกค้า  (ความถี่ ทุกเดือน)', '197', 'KPI005');
INSERT INTO `kpi` VALUES ('675', 'การตลาด-อัตรายอดขายประจำงวดการประเมิน(หน่วย:ล้านบาท)', ' อัตรายอดขายประจำงวดการประเมินเทียบกับปีที่แล้ว', '197', 'KPI006');
INSERT INTO `kpi` VALUES ('676', 'การตลาด-ยอดสั่งซื้อของลูกค้าเฉลี่ยต่อเดือน(หน่วย:ร้อยละ)', 'ยอดสั่งซื้อของลูกค้าเฉลี่ยต่อเดือน (≥ 80%) ใบสั่งซื้อ (PO), ใบตอบรับการเสนอราคา (ความถี่ ทุกเดือน)', '197', 'KPI007');
INSERT INTO `kpi` VALUES ('677', 'การตลาด-จำนวนลูกค้าที่ติดต่อเข้ามาเอง(หน่วย:ร้อยละ)', ' จำนวนลูกค้าที่ติดต่อเข้ามาเอง (≥ 90% ของลูกค้าทั้งหมด) บันทึก (สมุด/แบบฟอร์มการรับเรื่อง) (ความถี่ ทุกเดือน)', '197', 'KPI008');
INSERT INTO `kpi` VALUES ('678', 'ไอที-ผู้ปฎิบัติงานทางด้าน ICT ที่มีความรู้ความชำนาญเฉพาะทาง หรือผ่านการทดสอบมาตรฐานวิชาชีพ (หน่วย:ร้อยละ)', 'ผู้ปฎิบัติงานทางด้าน ICT ที่มีความรู้ความชำนาญเฉพาะทาง หรือผ่านการทดสอบมาตรฐานวิชาชีพ (หน่วย:ร้อยละ)', '197', 'KPI009');
INSERT INTO `kpi` VALUES ('680', 'ไอที-จำนวนครั้งของการถูกบุกรุก และระดับความปลอดภัยที่ยอมรับได้ (หน่วย:ครั้ง)', 'จำนวนครั้งของการถูกบุกรุก และระดับความปลอดภัยที่ยอมรับได้ (หน่วย:ครั้ง)', '197', 'KPI011');
INSERT INTO `kpi` VALUES ('679', 'ไอที-จำนวนครั้งของการเกิด downtime ของระบบ ICT และระยะเวลาในการกู้คืน(หน่วย:ครั้ง)', 'จำนวนครั้งของการเกิด downtime ของระบบ ICT และระยะเวลาในการกู้คืน', '197', 'KPI010');
INSERT INTO `kpi` VALUES ('670', 'บัญชีการเงิน-จำนวนครั้งที่หน่วยตรวจสอบให้แก้ไข(หน่วย:ครั้ง)', 'จำนวนครั้งที่หน่วยตรวจสอบให้แก้ไข(สำหรับประเมินพนักงานบัญชี)', '197', 'KPI001');
INSERT INTO `kpi` VALUES ('671', 'บัญชีการเงิน-จำนวนครั้งที่ขาดสภาพคล่อง/กระทบงานอื่นๆ(หน่วย:ชั่วโมง)', 'จำนวนครั้งที่ขาดสภาพคล่อง/กระทบงานอื่นๆ(สำหรับประเมินพนักงานบัญชี)', '197', 'KPI002');

-- ----------------------------
-- Table structure for `kpi_result`
-- ----------------------------
DROP TABLE IF EXISTS `kpi_result`;
CREATE TABLE `kpi_result` (
  `kpi_year` varchar(255) NOT NULL,
  `appraisal_period_id` varchar(11) NOT NULL,
  `department_id` varchar(11) NOT NULL,
  `division_id` varchar(11) NOT NULL,
  `position_id` varchar(11) NOT NULL,
  `emp_id` varchar(11) NOT NULL,
  `adjust_percentage` double DEFAULT NULL,
  `adjust_reason` text,
  `confirm_flag` varchar(255) DEFAULT NULL,
  `approve_flag` varchar(255) DEFAULT NULL,
  `score_sum_percentage` double(11,2) DEFAULT NULL,
  `score_final_percentage` double(11,2) DEFAULT NULL,
  `admin_id` int(11) DEFAULT NULL,
  PRIMARY KEY (`kpi_year`,`appraisal_period_id`,`department_id`,`division_id`,`position_id`,`emp_id`)
) ENGINE=MyISAM DEFAULT CHARSET=utf8mb3;

-- ----------------------------
-- Records of kpi_result
-- ----------------------------
INSERT INTO `kpi_result` VALUES ('2015', '22', '11', '', '10', '17', '0', '', 'Y', 'N', '75.00', '75.00', '198');
INSERT INTO `kpi_result` VALUES ('2015', '22', '11', '', '10', '18', '0', '', 'Y', 'Y', '75.00', '75.00', '198');
INSERT INTO `kpi_result` VALUES ('2015', '24', '11', '', '10', '17', '0', '', 'Y', 'Y', '75.00', '75.00', '198');
INSERT INTO `kpi_result` VALUES ('2015', '24', '11', '', '10', '18', '0', '', 'Y', 'Y', '70.00', '70.00', '198');
INSERT INTO `kpi_result` VALUES ('2015', '25', '11', '', '10', '17', '0', '', 'Y', 'Y', '70.00', '70.00', '198');
INSERT INTO `kpi_result` VALUES ('2015', '25', '11', '', '10', '18', '0', '', 'Y', 'Y', '50.00', '50.00', '198');
INSERT INTO `kpi_result` VALUES ('2015', '26', '11', '', '10', '17', '0', '', 'Y', 'Y', '75.00', '75.00', '198');
INSERT INTO `kpi_result` VALUES ('2015', '26', '11', '', '10', '18', '0', '', 'Y', 'Y', '75.00', '75.00', '198');
INSERT INTO `kpi_result` VALUES ('2015', '22', '12', '', '10', '11', '0', '', 'Y', 'Y', '80.00', '80.00', '198');
INSERT INTO `kpi_result` VALUES ('2015', '22', '12', '', '10', '12', '0', '', 'Y', 'Y', '75.00', '75.00', '198');
INSERT INTO `kpi_result` VALUES ('2015', '24', '12', '', '10', '11', '0', '', 'Y', 'Y', '60.00', '60.00', '198');
INSERT INTO `kpi_result` VALUES ('2015', '24', '12', '', '10', '12', '0', '', 'Y', 'Y', '80.00', '80.00', '198');
INSERT INTO `kpi_result` VALUES ('2015', '25', '12', '', '10', '11', '0', '', 'Y', 'Y', '75.00', '75.00', '198');
INSERT INTO `kpi_result` VALUES ('2015', '25', '12', '', '10', '12', '0', '', 'Y', 'Y', '70.00', '70.00', '198');
INSERT INTO `kpi_result` VALUES ('2015', '26', '12', '', '10', '11', '0', '', 'Y', 'Y', '50.00', '50.00', '198');
INSERT INTO `kpi_result` VALUES ('2015', '26', '12', '', '10', '12', '0', '', 'Y', 'Y', '65.00', '65.00', '198');
INSERT INTO `kpi_result` VALUES ('2015', '22', '13', '', '10', '6', '0', '', 'Y', 'Y', '60.00', '60.00', '198');
INSERT INTO `kpi_result` VALUES ('2015', '22', '13', '', '10', '7', '0', '', 'Y', 'Y', '80.00', '80.00', '198');
INSERT INTO `kpi_result` VALUES ('2015', '24', '13', '', '10', '6', '0', '', 'Y', 'Y', '65.00', '65.00', '198');
INSERT INTO `kpi_result` VALUES ('2015', '24', '13', '', '10', '7', '0', '', 'Y', 'Y', '80.00', '80.00', '198');
INSERT INTO `kpi_result` VALUES ('2015', '25', '13', '', '10', '6', '0', '', 'Y', 'Y', '100.00', '100.00', '198');
INSERT INTO `kpi_result` VALUES ('2015', '25', '13', '', '10', '7', '0', '', 'Y', 'Y', '85.00', '85.00', '198');
INSERT INTO `kpi_result` VALUES ('2015', '26', '13', '', '10', '6', '0', '', 'Y', 'Y', '75.00', '75.00', '198');
INSERT INTO `kpi_result` VALUES ('2015', '26', '13', '', '10', '7', '0', '', 'Y', 'Y', '95.00', '95.00', '198');
INSERT INTO `kpi_result` VALUES ('2015', '22', '14', '', '10', '21', '0', '', 'Y', 'Y', '80.00', '80.00', '198');
INSERT INTO `kpi_result` VALUES ('2015', '22', '14', '', '10', '22', '0', '', 'Y', 'Y', '60.00', '60.00', '198');
INSERT INTO `kpi_result` VALUES ('2015', '24', '14', '', '10', '21', '0', '', 'Y', 'Y', '65.00', '65.00', '198');
INSERT INTO `kpi_result` VALUES ('2015', '24', '14', '', '10', '22', '0', '', 'Y', 'Y', '85.00', '85.00', '198');
INSERT INTO `kpi_result` VALUES ('2015', '25', '14', '', '10', '21', '0', '', 'Y', 'Y', '40.00', '40.00', '198');
INSERT INTO `kpi_result` VALUES ('2015', '25', '14', '', '10', '22', '0', '', 'Y', 'Y', '65.00', '65.00', '198');
INSERT INTO `kpi_result` VALUES ('2015', '26', '14', '', '10', '21', '0', '', 'Y', 'Y', '70.00', '70.00', '198');
INSERT INTO `kpi_result` VALUES ('2015', '26', '14', '', '10', '22', '0', '', 'Y', 'Y', '80.00', '80.00', '198');
INSERT INTO `kpi_result` VALUES ('2015', '22', '15', '', '10', '26', '0', '', 'Y', 'Y', '70.00', '70.00', '198');
INSERT INTO `kpi_result` VALUES ('2015', '22', '15', '', '10', '27', '0', '', 'Y', 'Y', '75.00', '75.00', '198');
INSERT INTO `kpi_result` VALUES ('2015', '24', '15', '', '10', '26', '0', '', 'Y', 'Y', '65.00', '65.00', '198');
INSERT INTO `kpi_result` VALUES ('2015', '24', '15', '', '10', '27', '0', '', 'Y', 'Y', '65.00', '65.00', '198');
INSERT INTO `kpi_result` VALUES ('2015', '25', '15', '', '10', '26', '0', '', 'Y', 'Y', '60.00', '60.00', '198');
INSERT INTO `kpi_result` VALUES ('2015', '25', '15', '', '10', '27', '0', '', 'Y', 'Y', '55.00', '55.00', '198');
INSERT INTO `kpi_result` VALUES ('2015', '26', '15', '', '10', '26', '0', '', 'Y', 'Y', '80.00', '80.00', '198');
INSERT INTO `kpi_result` VALUES ('2015', '26', '15', '', '10', '27', '0', '', 'Y', 'Y', '65.00', '65.00', '198');
INSERT INTO `kpi_result` VALUES ('2015', '22', '9', '', '10', '1', '0', '', 'Y', 'Y', '85.00', '85.00', '198');
INSERT INTO `kpi_result` VALUES ('2015', '22', '9', '', '10', '2', '0', '', 'Y', 'Y', '85.00', '85.00', '198');
INSERT INTO `kpi_result` VALUES ('2015', '24', '9', '', '10', '1', '0', '', 'Y', 'Y', '55.00', '55.00', '198');
INSERT INTO `kpi_result` VALUES ('2015', '24', '9', '', '10', '2', '0', '', 'Y', 'Y', '65.00', '65.00', '198');
INSERT INTO `kpi_result` VALUES ('2015', '25', '9', '', '10', '1', '0', '', 'Y', 'Y', '65.00', '65.00', '198');
INSERT INTO `kpi_result` VALUES ('2015', '25', '9', '', '10', '2', '0', '', 'Y', 'Y', '50.00', '50.00', '198');
INSERT INTO `kpi_result` VALUES ('2015', '26', '9', '', '10', '1', '0', '', 'Y', 'Y', '75.00', '75.00', '198');
INSERT INTO `kpi_result` VALUES ('2015', '26', '9', '', '10', '2', '0', '', 'Y', 'Y', '80.00', '80.00', '198');
INSERT INTO `kpi_result` VALUES ('2015', '744', '211', '', '110', '509', '0', '', 'Y', 'Y', '80.00', '80.00', '197');
INSERT INTO `kpi_result` VALUES ('2015', '744', '211', '', '110', '508', '0', '', 'Y', 'Y', '75.00', '75.00', '197');
INSERT INTO `kpi_result` VALUES ('2015', '743', '211', '', '110', '509', '0', '', 'Y', 'Y', '50.00', '50.00', '197');
INSERT INTO `kpi_result` VALUES ('2015', '743', '211', '', '110', '508', '0', '', 'Y', 'Y', '65.00', '65.00', '197');
INSERT INTO `kpi_result` VALUES ('2015', '742', '211', '', '110', '509', '0', '', 'Y', 'Y', '65.00', '65.00', '197');
INSERT INTO `kpi_result` VALUES ('2015', '742', '211', '', '110', '508', '0', '', 'Y', 'Y', '55.00', '55.00', '197');
INSERT INTO `kpi_result` VALUES ('2015', '740', '211', '', '110', '509', '0', '', 'Y', 'N', '85.00', '85.00', '197');
INSERT INTO `kpi_result` VALUES ('2015', '740', '211', '', '110', '508', '0', '', 'Y', 'N', '70.00', '85.00', '197');
INSERT INTO `kpi_result` VALUES ('2015', '744', '216', '', '110', '521', '0', '', 'Y', 'Y', '65.00', '65.00', '197');
INSERT INTO `kpi_result` VALUES ('2015', '744', '216', '', '110', '520', '0', '', 'Y', 'Y', '80.00', '80.00', '197');
INSERT INTO `kpi_result` VALUES ('2015', '743', '216', '', '110', '521', '0', '', 'Y', 'Y', '55.00', '55.00', '197');
INSERT INTO `kpi_result` VALUES ('2015', '743', '216', '', '110', '520', '0', '', 'Y', 'Y', '60.00', '60.00', '197');
INSERT INTO `kpi_result` VALUES ('2015', '742', '216', '', '110', '521', '0', '', 'Y', 'Y', '65.00', '65.00', '197');
INSERT INTO `kpi_result` VALUES ('2015', '742', '216', '', '110', '520', '0', '', 'Y', 'Y', '65.00', '65.00', '197');
INSERT INTO `kpi_result` VALUES ('2015', '740', '216', '', '110', '521', '0', '', 'Y', 'Y', '75.00', '75.00', '197');
INSERT INTO `kpi_result` VALUES ('2015', '740', '216', '', '110', '520', '0', '', 'Y', 'Y', '70.00', '70.00', '197');
INSERT INTO `kpi_result` VALUES ('2015', '744', '215', '', '110', '519', '0', '', 'Y', 'Y', '80.00', '80.00', '197');
INSERT INTO `kpi_result` VALUES ('2015', '744', '215', '', '110', '518', '0', '', 'Y', 'Y', '70.00', '70.00', '197');
INSERT INTO `kpi_result` VALUES ('2015', '743', '215', '', '110', '519', '0', '', 'Y', 'Y', '65.00', '65.00', '197');
INSERT INTO `kpi_result` VALUES ('2015', '743', '215', '', '110', '518', '0', '', 'Y', 'Y', '40.00', '40.00', '197');
INSERT INTO `kpi_result` VALUES ('2015', '742', '215', '', '110', '519', '0', '', 'Y', 'Y', '85.00', '85.00', '197');
INSERT INTO `kpi_result` VALUES ('2015', '742', '215', '', '110', '518', '0', '', 'Y', 'Y', '65.00', '65.00', '197');
INSERT INTO `kpi_result` VALUES ('2015', '740', '215', '', '110', '519', '0', '', 'Y', 'Y', '60.00', '60.00', '197');
INSERT INTO `kpi_result` VALUES ('2015', '740', '215', '', '110', '518', '0', '', 'Y', 'Y', '80.00', '80.00', '197');
INSERT INTO `kpi_result` VALUES ('2015', '744', '212', '', '110', '511', '0', '', 'Y', 'Y', '95.00', '95.00', '197');
INSERT INTO `kpi_result` VALUES ('2015', '744', '212', '', '110', '510', '0', '', 'Y', 'Y', '75.00', '75.00', '197');
INSERT INTO `kpi_result` VALUES ('2015', '743', '212', '', '110', '511', '0', '', 'Y', 'Y', '85.00', '85.00', '197');
INSERT INTO `kpi_result` VALUES ('2015', '743', '212', '', '110', '510', '0', '', 'Y', 'Y', '100.00', '100.00', '197');
INSERT INTO `kpi_result` VALUES ('2015', '742', '212', '', '110', '511', '0', '', 'Y', 'Y', '80.00', '80.00', '197');
INSERT INTO `kpi_result` VALUES ('2015', '742', '212', '', '110', '510', '0', '', 'Y', 'Y', '65.00', '65.00', '197');
INSERT INTO `kpi_result` VALUES ('2015', '740', '212', '', '110', '511', '0', '', 'Y', 'Y', '80.00', '80.00', '197');
INSERT INTO `kpi_result` VALUES ('2015', '740', '212', '', '110', '510', '0', '', 'Y', 'Y', '60.00', '60.00', '197');
INSERT INTO `kpi_result` VALUES ('2015', '744', '213', '', '110', '513', '0', '', 'Y', 'Y', '65.00', '65.00', '197');
INSERT INTO `kpi_result` VALUES ('2015', '744', '213', '', '110', '512', '0', '', 'Y', 'Y', '50.00', '50.00', '197');
INSERT INTO `kpi_result` VALUES ('2015', '743', '213', '', '110', '513', '0', '', 'Y', 'Y', '70.00', '70.00', '197');
INSERT INTO `kpi_result` VALUES ('2015', '743', '213', '', '110', '512', '0', '', 'Y', 'Y', '75.00', '75.00', '197');
INSERT INTO `kpi_result` VALUES ('2015', '742', '213', '', '110', '513', '0', '', 'Y', 'Y', '80.00', '80.00', '197');
INSERT INTO `kpi_result` VALUES ('2015', '742', '213', '', '110', '512', '0', '', 'Y', 'Y', '60.00', '60.00', '197');
INSERT INTO `kpi_result` VALUES ('2015', '740', '213', '', '110', '513', '0', '', 'Y', 'Y', '75.00', '75.00', '197');
INSERT INTO `kpi_result` VALUES ('2015', '740', '213', '', '110', '512', '0', '', 'Y', 'Y', '80.00', '80.00', '197');
INSERT INTO `kpi_result` VALUES ('2015', '744', '214', '', '110', '516', '0', '', 'Y', 'Y', '75.00', '75.00', '197');
INSERT INTO `kpi_result` VALUES ('2015', '744', '214', '', '110', '515', '0', '', 'Y', 'Y', '75.00', '75.00', '197');
INSERT INTO `kpi_result` VALUES ('2015', '743', '214', '', '110', '516', '0', '', 'Y', 'Y', '50.00', '50.00', '197');
INSERT INTO `kpi_result` VALUES ('2015', '743', '214', '', '110', '515', '0', '', 'Y', 'Y', '70.00', '70.00', '197');
INSERT INTO `kpi_result` VALUES ('2015', '742', '214', '', '110', '516', '0', '', 'Y', 'Y', '70.00', '70.00', '197');
INSERT INTO `kpi_result` VALUES ('2015', '742', '214', '', '110', '515', '0', '', 'Y', 'Y', '75.00', '75.00', '197');
INSERT INTO `kpi_result` VALUES ('2015', '740', '214', '', '110', '516', '0', '', 'Y', 'Y', '75.00', '75.00', '197');
INSERT INTO `kpi_result` VALUES ('2015', '740', '214', '', '110', '515', '0', '', 'Y', 'N', '75.00', '75.00', '197');

-- ----------------------------
-- Table structure for `position_emp`
-- ----------------------------
DROP TABLE IF EXISTS `position_emp`;
CREATE TABLE `position_emp` (
  `position_id` int(11) NOT NULL AUTO_INCREMENT,
  `position_name` varchar(255) DEFAULT NULL,
  `role_id` int(11) DEFAULT NULL,
  `admin_id` int(11) DEFAULT NULL,
  PRIMARY KEY (`position_id`)
) ENGINE=MyISAM AUTO_INCREMENT=112 DEFAULT CHARSET=utf8mb3;

-- ----------------------------
-- Records of position_emp
-- ----------------------------
INSERT INTO `position_emp` VALUES ('111', 'ผู้บริหาร', '1', '197');
INSERT INTO `position_emp` VALUES ('8', 'หัวหน้างาน', '2', '198');
INSERT INTO `position_emp` VALUES ('10', 'พนักงานทั่วไป', '3', '198');
INSERT INTO `position_emp` VALUES ('11', 'ผู้บริหาร', '1', '198');
INSERT INTO `position_emp` VALUES ('110', 'พนักงานทั่วไป', '3', '197');
INSERT INTO `position_emp` VALUES ('109', 'หัวหน้างาน', '2', '197');

-- ----------------------------
-- Table structure for `role`
-- ----------------------------
DROP TABLE IF EXISTS `role`;
CREATE TABLE `role` (
  `role_id` int(11) NOT NULL,
  `role_name` varchar(255) DEFAULT NULL,
  PRIMARY KEY (`role_id`)
) ENGINE=MyISAM DEFAULT CHARSET=utf8mb3;

-- ----------------------------
-- Records of role
-- ----------------------------
INSERT INTO `role` VALUES ('1', 'Level1');
INSERT INTO `role` VALUES ('2', 'Level2');
INSERT INTO `role` VALUES ('3', 'Level3');

-- ----------------------------
-- Table structure for `threshold`
-- ----------------------------
DROP TABLE IF EXISTS `threshold`;
CREATE TABLE `threshold` (
  `threshold_id` int(11) NOT NULL AUTO_INCREMENT,
  `threshold_name` varchar(255) DEFAULT NULL,
  `threshold_begin` varchar(255) DEFAULT NULL,
  `threshold_end` varchar(255) DEFAULT NULL,
  `threshold_color` varchar(255) DEFAULT NULL,
  `admin_id` int(11) DEFAULT NULL,
  PRIMARY KEY (`threshold_id`)
) ENGINE=MyISAM AUTO_INCREMENT=119 DEFAULT CHARSET=utf8mb3;

-- ----------------------------
-- Records of threshold
-- ----------------------------
INSERT INTO `threshold` VALUES ('118', 'ดี', '76', '100', '27b02e', '197');
INSERT INTO `threshold` VALUES ('117', 'พอใจ', '41', '75', 'ffad14', '197');
INSERT INTO `threshold` VALUES ('103', 'ไม่น่าพอใจ', '0', '40', 'fc0a36', '198');
INSERT INTO `threshold` VALUES ('104', 'พอใจ', '41', '75', 'ffad14', '198');
INSERT INTO `threshold` VALUES ('116', 'ไม่น่าพอใจ', '0', '40', 'fc0a36', '197');
INSERT INTO `threshold` VALUES ('105', 'ดี', '76', '100', '27b02e', '198');
