-- phpMyAdmin SQL Dump
-- version 5.0.3
-- https://www.phpmyadmin.net/
--
-- Host: 127.0.0.1
-- Generation Time: Apr 27, 2023 at 06:13 PM
-- Server version: 10.4.14-MariaDB
-- PHP Version: 7.2.34

SET SQL_MODE = "NO_AUTO_VALUE_ON_ZERO";
START TRANSACTION;
SET time_zone = "+00:00";


/*!40101 SET @OLD_CHARACTER_SET_CLIENT=@@CHARACTER_SET_CLIENT */;
/*!40101 SET @OLD_CHARACTER_SET_RESULTS=@@CHARACTER_SET_RESULTS */;
/*!40101 SET @OLD_COLLATION_CONNECTION=@@COLLATION_CONNECTION */;
/*!40101 SET NAMES utf8mb4 */;

--
-- Database: `person_kpi`
--

-- --------------------------------------------------------

--
-- Table structure for table `admin`
--

CREATE TABLE `admin` (
  `admin_id` int(11) NOT NULL,
  `admin_name` varchar(255) NOT NULL,
  `admin_surname` varchar(255) NOT NULL,
  `admin_username` varchar(255) NOT NULL,
  `admin_password` varchar(255) NOT NULL,
  `admin_status` varchar(255) NOT NULL,
  `admin_email` varchar(100) DEFAULT NULL,
  `admin_website` varchar(100) DEFAULT NULL,
  `admin_send_email` varchar(100) DEFAULT NULL,
  `admin_address` text NOT NULL,
  `admin_tel` varchar(255) NOT NULL,
  `admin_age` varchar(11) NOT NULL,
  `register_date` datetime NOT NULL,
  `activated` int(11) NOT NULL,
  `expired_date` datetime DEFAULT NULL,
  `package` int(11) DEFAULT NULL,
  `admin_company` varchar(255) DEFAULT 'โปรแกรมประเมินผลปฏิบัติงานโดยตัวชี้วัด'
) ENGINE=InnoDB DEFAULT CHARSET=utf8;

--
-- Dumping data for table `admin`
--

INSERT INTO `admin` (`admin_id`, `admin_name`, `admin_surname`, `admin_username`, `admin_password`, `admin_status`, `admin_email`, `admin_website`, `admin_send_email`, `admin_address`, `admin_tel`, `admin_age`, `register_date`, `activated`, `expired_date`, `package`, `admin_company`) VALUES
(1, 'Kosit', 'Aromsava', 'admin_kpi', '5f4dcc3b5aa765d61d8327deb882cf99', '3', 'nn.it@hotmail.com', '', '', '', '', '', '0000-00-00 00:00:00', 1, '2022-04-06 00:00:00', 1, 'เอ็นเอ็นไอที'),
(197, 'Demo.Test', 'Demo', 'demo_test', '5f4dcc3b5aa765d61d8327deb882cf99', '1', 'nn.it@hotmail.com', '', '', '', '0809926565', '29', '2017-09-09 00:00:00', 0, '2018-01-31 00:00:00', 3, 'โปรแกรมประเมินผลปฏิบัติงานโดยตัวชี้วัด'),
(198, 'Demo.V1', 'Demo', 'demo_admin', '5f4dcc3b5aa765d61d8327deb882cf99', '1', 'nn.it@hotmail.com', '', '', '', '0809926565', '29', '0000-00-00 00:00:00', 0, '0000-00-00 00:00:00', 0, 'โปรแกรมประเมินผลปฏิบัติงาน1'),
(199, 'kongsin', 'fongda', 'noonuy', '5f4dcc3b5aa765d61d8327deb882cf99', '1', 'noonuyit29@gmail.com', '', '', '', '0863420195', '31', '2018-08-29 00:00:00', 0, '2020-10-28 00:00:00', 4, 'โปรแกรมประเมินผลปฏิบัติงานโดยตัวชี้วัด'),
(200, 'Kosit1', 'Aromsava1', 'admin1', 'MD5(admin1)', '1', 'nn.it@hotmail.com', '', '', '', '0809926565', '32', '0000-00-00 00:00:00', 0, NULL, NULL, 'โปรแกรมประเมินผลปฏิบัติงานโดยตัวชี้วัด'),
(201, 'Kosit2', 'Aromsava2', 'admin2', 'c84258e9c39059a89ab77d846ddab909', '1', 'nn.it@hotmail.com', '', '', '', '0809926565', '32', '2018-09-02 08:31:21', 0, NULL, NULL, 'โปรแกรมประเมินผลปฏิบัติงานโดยตัวชี้วัด'),
(202, 'Kosit3', 'Aromsava3', 'admin3', '32cacb2f994f6b42183a1300d9a3e8d6', '1', 'nn.it@hotmail.com', '', '', '', '0809926565', '32', '2018-09-02 08:38:05', 0, NULL, NULL, 'โปรแกรมประเมินผลปฏิบัติงานโดยตัวชี้วัด'),
(203, 'nattanicha', 'nattanicha', 'nattanicha', '81dc9bdb52d04dc20036dbd8313ed055', '1', 'nattanicha@', '', '', '', '0800000000', '33', '2020-05-20 04:26:53', 0, '0000-00-00 00:00:00', 1, 'โปรแกรมประเมินผลปฏิบัติงานโดยตัวชี้วัด'),
(205, 'user_test', 'user_test', 'user_test', '6512bd43d9caa6e02c990b0a82652dca', '1', '11', '', '', '', '11', '11', '2021-02-24 07:25:40', 1, '2021-03-11 00:00:00', 2, 'โปรแกรมประเมินผลปฏิบัติงานโดยตัวชี้วัด1'),
(206, '33333', '33333', 'demo_admin3333', '', '1', '3333@gmail.com', '', '', '', '0809925656', '', '2021-03-06 06:30:04', 1, '2021-03-11 00:00:00', 2, '3333333'),
(207, 'tex-label', 'tex-label', 'demo_admin1', '96e79218965eb72c92a549dd5a330112', '1', 'tex-label@gmail.com', '', '', '', '0800000000', '', '2021-03-15 07:35:26', 0, NULL, 1, 'tex-label'),
(208, 'demo_admin2', 'demo_admin2', 'demo_admin2', '8f46af69b6023f8a6197b0b20bf71084', '1', 'demo_admin2@gmail.com', '', '', '', '0800000000', '', '2021-03-15 07:36:04', 0, NULL, 1, 'demo_admin2'),
(209, 'demo_admin3', 'demo_admin3', 'demo_admin3', '68b97959772b97441527ac22f7a5cbac', '1', 'demo_admin3@gmail.com', '', '', '', '0800000000', '', '2021-03-15 07:37:35', 0, NULL, 1, 'demo_admin3'),
(210, 'demo_admin4', 'demo_admin4', 'demo_admin4', '5ed6fce49c9e90de879e39dac2d7d64a', '1', 'demo_admin4@gmail.com', '', '', '', '0800000000', '', '2021-03-15 07:44:06', 0, NULL, 1, 'demo_admin4'),
(211, 'asdfadfasdfasd', 'asdfadfasdfasd', 'asdfadfasdfasd', '293e00496cc735b616e4e358ac7a483d', '1', 'asdfadfasdfasd@gmail.com', '', '', '', '0809926565', '', '2021-03-15 08:41:17', 0, NULL, 1, 'asdfadfasdfasd'),
(212, 'kosit_test1', 'kosit_test1', 'kosit_test1', '', '0', 'kosit_test1@gmail.com', '', '', '', '0809926565', '', '2021-03-18 05:39:18', 0, '2023-04-20 00:00:00', 1, 'kosit_test1'),
(213, 'nong01', 'nong01', 'nong01', '9fe0c02ecea087430258c8dd9413bdfa', '1', 'nong01@gmail.com', '', '', '', '0809926565', '', '2023-04-22 07:54:09', 0, NULL, 1, 'nong01'),
(214, 'nong02', 'nong02', 'nong02', '8dcc74a151c25b8019739c203a56e4c9', '1', 'nong02@gmail.com', '', '', '', '0809926565', '', '2023-04-22 10:02:43', 0, NULL, 1, 'nong02'),
(215, 'nong03', 'nong03', 'nong03', '22b1246e90a99dd799613797a08299a5', '1', 'nong03@gmail.com', '', '', '', '0809926565', '', '2023-04-22 10:07:30', 0, NULL, 1, 'nong03'),
(216, 'nong05', 'nong05', 'nong05', 'ea0c4b7d99ac287329389e4b812b3bdb', '1', 'nong05@gmail.com', '', '', '', '0809926565', '', '2023-04-22 10:12:57', 0, NULL, 1, 'nong05');

-- --------------------------------------------------------

--
-- Table structure for table `appraisal_period`
--

CREATE TABLE `appraisal_period` (
  `appraisal_period_id` int(11) NOT NULL,
  `appraisal_period_year` varchar(255) DEFAULT NULL,
  `appraisal_period_desc` varchar(255) DEFAULT NULL,
  `appraisal_period_start` date DEFAULT NULL,
  `appraisal_period_end` date DEFAULT NULL,
  `appraisal_period_target_percentage` double(11,0) DEFAULT NULL,
  `admin_id` int(11) DEFAULT NULL
) ENGINE=MyISAM DEFAULT CHARSET=utf8;

--
-- Dumping data for table `appraisal_period`
--

INSERT INTO `appraisal_period` (`appraisal_period_id`, `appraisal_period_year`, `appraisal_period_desc`, `appraisal_period_start`, `appraisal_period_end`, `appraisal_period_target_percentage`, `admin_id`) VALUES
(822, '2017', 'ครั้งที่ 1', '0000-00-00', '0000-00-00', 61, 199),
(11, '2012', 'ประเมินครั้งที่1', '0000-00-00', '0000-00-00', 91, 198),
(13, '2012', 'ประเมินครั้งที่2', '0000-00-00', '0000-00-00', 78, 198),
(14, '2013', 'ประเมินครั้งที่1', '0000-00-00', '0000-00-00', 80, 198),
(15, '2013', 'ประเมินครั้งที่2', '0000-00-00', '0000-00-00', 81, 198),
(16, '2012', 'ประเมินครั้งที่3', '0000-00-00', '0000-00-00', 75, 198),
(17, '2012', 'ประเมินครั้งที่4', '0000-00-00', '0000-00-00', 81, 198),
(18, '2013', 'ประเมินครั้งที่3', '0000-00-00', '0000-00-00', 76, 198),
(20, '2013', 'ประเมินครั้งที่4', '0000-00-00', '0000-00-00', 80, 198),
(22, '2015', 'ครั้งที่1', '0000-00-00', '0000-00-00', 75, 198),
(23, '2012', 'ครั้งที่2', '0000-00-00', '0000-00-00', 80, 198),
(24, '2015', 'ครั้งที่2', '0000-00-00', '0000-00-00', 80, 198),
(25, '2015', 'ครั้งที่3', '0000-00-00', '0000-00-00', 80, 198),
(26, '2015', 'ครั้งที่4', '0000-00-00', '0000-00-00', 80, 198),
(31, '2014', 'ครั้งที่1', '0000-00-00', '0000-00-00', 80, 198),
(32, '2014', 'ครั้งที่2', '0000-00-00', '0000-00-00', 80, 198),
(33, '2014', 'ครั้งที่3', '0000-00-00', '0000-00-00', 81, 198),
(34, '2014', 'ครั้งที่4', '0000-00-00', '0000-00-00', 85, 198),
(35, '2016', 'ครั้งที่1', '0000-00-00', '0000-00-00', 80, 198),
(36, '2016', 'ครั้งที่2', '0000-00-00', '0000-00-00', 88, 198),
(37, '2016', 'ครั้งที่3', '0000-00-00', '0000-00-00', 80, 198),
(38, '2016', 'ครั้งที่4', '0000-00-00', '0000-00-00', 81, 198),
(823, '2017', 'ครั้งที่ 2', '0000-00-00', '0000-00-00', 71, 199),
(824, '2017', 'ครั้งที่ 3', '0000-00-00', '0000-00-00', 75, 199),
(827, '2017', 'ครั้งที่ 4', '0000-00-00', '0000-00-00', 80, 199),
(828, '2020', 'ครั้งที่1', '0000-00-00', '0000-00-00', 60, 199),
(829, '2020', 'ครั้งที่2', '0000-00-00', '0000-00-00', 80, 199),
(830, '2020', 'คร้งที่1', '0000-00-00', '0000-00-00', 10, 203),
(832, '2018', 'ครั้งที่1', '0000-00-00', '0000-00-00', 10, 199),
(833, '2018', 'ครั้งที่2', '0000-00-00', '0000-00-00', 40, 199),
(834, '2018', 'ครั้งที่3', '0000-00-00', '0000-00-00', 60, 199),
(835, '2018', 'ครั้งที่4', '0000-00-00', '0000-00-00', 80, 199),
(837, '2020', 'ครั้งที่3', '0000-00-00', '0000-00-00', 0, 199),
(838, '2021', 'ครั้งที่1', '0000-00-00', '0000-00-00', 0, 1),
(839, '2021', 'ครั้งที่2', '0000-00-00', '0000-00-00', 0, 1),
(840, '2021', 'ครั้งที่3', '0000-00-00', '0000-00-00', 0, 1),
(841, '2021', 'ครั้งที่4', '0000-00-00', '0000-00-00', 0, 1),
(842, '2021', 'ครั้งที่1', '2021-02-12', '2021-02-18', 0, 198),
(843, '2021', 'ครั้งที่2', '2021-02-12', '2021-02-12', 0, 198),
(844, '2021', 'ครั้งที่3', '2021-02-12', '2021-02-12', 0, 198),
(845, '2021', 'ครั้งที่4', '2021-02-12', '2021-02-13', 0, 198),
(850, '2021', 'ครั้งที่1', '2021-03-03', '2021-03-03', 0, 199),
(860, '2021', 'ครั้งที่1', '2021-03-13', '2021-03-13', 0, 205),
(861, '2021', 'ครั้งที่2', '2021-03-14', '2021-03-14', 0, 205),
(862, '2021', 'ครั้งที่1', '2021-03-18', '2021-03-18', 0, 212),
(863, '2021', 'ครั้งที่2', '2021-03-18', '2021-03-18', 0, 212),
(864, '2021', 'ครั้งที่3', '2021-03-19', '2021-03-19', 0, 212),
(865, '2022', 'ช่วงที่1', '2022-05-14', '2022-05-14', 0, 1),
(866, '2023', 'ครั้งที่1', '2023-04-22', '2023-04-22', 80, 213),
(867, '2023', 'ครั้งที่2', '2023-04-22', '2023-04-22', 80, 213),
(868, '2023', 'ครั้งที่3', '2023-04-22', '2023-04-22', 80, 213),
(869, '2023', 'ครั้งที่4', '2023-04-22', '2023-04-22', 80, 213),
(870, '2023', 'ครั้งที่1', '2023-04-22', '2023-04-22', 80, 214),
(871, '2023', 'ครั้งที่2', '2023-04-22', '2023-04-22', 80, 214),
(872, '2023', 'ครั้งที่3', '2023-04-22', '2023-04-22', 80, 214),
(873, '2023', 'ครั้งที่4', '2023-04-22', '2023-04-22', 80, 214),
(874, '2023', 'ครั้งที่1', '2023-04-22', '2023-04-22', 80, 215),
(875, '2023', 'ครั้งที่2', '2023-04-22', '2023-04-22', 80, 215),
(876, '2023', 'ครั้งที่3', '2023-04-22', '2023-04-22', 80, 215),
(877, '2023', 'ครั้งที่4', '2023-04-22', '2023-04-22', 80, 215),
(878, '2023', 'ครั้งที่11', '2023-04-22', '2023-04-22', 80, 216),
(882, '2023', 'ครั้งที่2', '2023-04-22', '2023-04-22', 0, 216);

-- --------------------------------------------------------

--
-- Table structure for table `assign_evaluate_kpi`
--

CREATE TABLE `assign_evaluate_kpi` (
  `assign_kpi_year` varchar(255) NOT NULL COMMENT 'ปีการมอบมาย KPI',
  `appraisal_period_id` varchar(11) NOT NULL COMMENT 'ช่วงการมอบหมาย KPI',
  `department_id` varchar(11) NOT NULL COMMENT 'รหัสแผนก',
  `position_id` varchar(11) NOT NULL COMMENT 'รหัสตำแหน่ง',
  `emp_id` varchar(11) NOT NULL COMMENT 'รหัสพนักงาน',
  `kpi_id` varchar(11) NOT NULL COMMENT 'รหัส kpi',
  `kpi_weight` double DEFAULT NULL COMMENT 'น้ำหนัก kpi',
  `kpi_type_actual` varchar(255) DEFAULT NULL COMMENT 'ประเภทของที่มาผลการประเมิน 1 กรอกเอง 2 จาก webservice',
  `kpi_actual_query` varchar(255) DEFAULT NULL COMMENT 'แหล่งข้อมูล web-service หรือ query (ตอนนี้ยังใช้ไม่ได้)',
  `kpi_actual_manual` varchar(255) DEFAULT NULL COMMENT '*** กรอกเอง “เป็นการกรอกข้อมูลดิบ”',
  `target_data` varchar(255) DEFAULT NULL COMMENT 'ระบบคำนวณ เป้าหมายคะแนนดิบ',
  `target_score` varchar(255) DEFAULT NULL COMMENT 'ระบบคำนวณให้ เป้าคะแนนไม่เกิน 5',
  `total_kpi_actual_score` int(11) DEFAULT NULL COMMENT 'ระบบคำนวณให้ ผลรวมคะแนนจากการคำนวณ w*kpi_actual_manual',
  `kpi_actual_score` double DEFAULT NULL COMMENT 'ระบบคำนวณให้จริงจาก kpi_actual_manual ส่งผลให้ kpi_actual_score  ไม่เกิน 5 (หัวหน้าประเมิน)',
  `performance` double DEFAULT NULL COMMENT 'ระบบคำนวณให้ ผลการประเมิน(หัวหน้าประเมิน) ไม่เกิน100%',
  `complete_kpi_score_flag` varchar(45) DEFAULT NULL COMMENT 'ประเมินพนักงานสมบรูณ์(หัวหน้าประเมิน)',
  `emp_total_kpi_actual_score` int(11) DEFAULT NULL COMMENT 'ระบบคำนวณให้ ผลรวมคะแนนจากการคำนวณ w*kpi_actual_manual (ประเมินตัวเอง)',
  `emp_kpi_actual_manual` varchar(45) DEFAULT NULL COMMENT '*** กรอกเอง “เป็นการกรอกข้อมูลดิบ”',
  `emp_kpi_actual_score` double DEFAULT NULL COMMENT 'ระบบคำนวณให้จริงจาก kpi_actual_manual ส่งผลให้ kpi_actual_score  ไม่เกิน 5 (ประเมินตัวเอง)',
  `emp_performance` double DEFAULT NULL COMMENT 'ระบบคำนวณให้ ผลการประเมิน(ประเมินตัวเอง) ไม่เกิน100%',
  `emp_complete_kpi_score_flag` varchar(45) DEFAULT NULL COMMENT 'ประเมินพนักงานสมบรูณ์(ประเมินตัวเอง)',
  `confirm_flag` varchar(1) DEFAULT 'N' COMMENT 'ยืนยันการมอบหมายตัวชีวัด',
  `admin_id` int(11) DEFAULT NULL COMMENT 'รหัสผู้ดูและระบบ',
  `updated_dt` datetime DEFAULT NULL,
  `created_dt` datetime DEFAULT NULL
) ENGINE=MyISAM DEFAULT CHARSET=utf8;

--
-- Dumping data for table `assign_evaluate_kpi`
--

INSERT INTO `assign_evaluate_kpi` (`assign_kpi_year`, `appraisal_period_id`, `department_id`, `position_id`, `emp_id`, `kpi_id`, `kpi_weight`, `kpi_type_actual`, `kpi_actual_query`, `kpi_actual_manual`, `target_data`, `target_score`, `total_kpi_actual_score`, `kpi_actual_score`, `performance`, `complete_kpi_score_flag`, `emp_total_kpi_actual_score`, `emp_kpi_actual_manual`, `emp_kpi_actual_score`, `emp_performance`, `emp_complete_kpi_score_flag`, `confirm_flag`, `admin_id`, `updated_dt`, `created_dt`) VALUES
('2023', '866', '260', '142', '693', '938', 25, '0', NULL, '', '', '', 0, 0, 0, 'N', 0, '', 0, 0, 'N', 'Y', 213, '2023-04-27 16:57:59', '2023-04-24 17:49:21'),
('2023', '866', '260', '142', '693', '937', 50, '0', NULL, '', '', '', 0, 0, 0, 'N', 0, '', 0, 0, 'N', 'Y', 213, '2023-04-27 16:57:59', '2023-04-24 17:52:13'),
('2023', '866', '260', '142', '694', '935', 100, '0', NULL, NULL, '5.00', '5.00', NULL, NULL, NULL, NULL, NULL, NULL, NULL, NULL, NULL, 'Y', 213, '2023-04-27 16:55:41', '2023-04-27 16:55:32'),
('2023', '866', '260', '142', '693', '935', 25, '0', NULL, NULL, '5.00', '5.00', NULL, NULL, NULL, NULL, NULL, NULL, NULL, NULL, NULL, 'Y', 213, '2023-04-27 16:57:59', '2023-04-27 16:57:49');

-- --------------------------------------------------------

--
-- Table structure for table `assign_kpi_master`
--

CREATE TABLE `assign_kpi_master` (
  `assign_kpi_id` int(11) NOT NULL,
  `assign_kpi_year` varchar(255) DEFAULT NULL,
  `appraisal_period_id` varchar(11) DEFAULT NULL,
  `kpi_id` varchar(11) DEFAULT NULL,
  `department_id` varchar(11) DEFAULT NULL,
  `position_id` varchar(11) DEFAULT NULL,
  `kpi_weight` double(10,2) DEFAULT NULL,
  `kpi_type_actual` varchar(255) DEFAULT NULL,
  `kpi_actual_query` varchar(255) DEFAULT NULL,
  `kpi_actual_manual` varchar(255) DEFAULT NULL,
  `target_data` varchar(255) DEFAULT NULL,
  `target_score` varchar(255) DEFAULT NULL,
  `total_kpi_actual_score` int(11) DEFAULT NULL,
  `kpi_actual_score` double(2,0) DEFAULT NULL,
  `performance` double(2,0) DEFAULT NULL,
  `admin_id` int(11) DEFAULT NULL,
  `confirm_flag` varchar(1) DEFAULT NULL,
  `created_dt` datetime DEFAULT NULL,
  `updated_dt` datetime DEFAULT NULL
) ENGINE=MyISAM DEFAULT CHARSET=utf8;

--
-- Dumping data for table `assign_kpi_master`
--

INSERT INTO `assign_kpi_master` (`assign_kpi_id`, `assign_kpi_year`, `appraisal_period_id`, `kpi_id`, `department_id`, `position_id`, `kpi_weight`, `kpi_type_actual`, `kpi_actual_query`, `kpi_actual_manual`, `target_data`, `target_score`, `total_kpi_actual_score`, `kpi_actual_score`, `performance`, `admin_id`, `confirm_flag`, `created_dt`, `updated_dt`) VALUES
(1, '2017', '822', '800', '237', '124', 25.00, '0', '', '0.00', '98.00', '5.00', 0, 0, 0, 199, 'Y', NULL, '2020-06-29 10:10:29'),
(2, '2017', '822', '801', '237', '124', 25.00, '0', '', '0.00', '3.00', '5.00', 0, 0, 0, 199, 'Y', NULL, '2020-06-29 10:10:29'),
(3, '2017', '822', '803', '237', '124', 25.00, '0', '', '0.00', '5.00', '5.00', 0, 0, 0, 199, 'Y', NULL, '2020-06-29 10:10:29'),
(4, '2017', '822', '802', '237', '124', 25.00, '0', '', '0.00', '40.00', '5.00', 0, 0, 0, 199, 'Y', NULL, '2020-06-29 10:10:29'),
(5, '2017', '822', '800', '237', '123', 25.00, '0', '', '0.00', '98.00', '5.00', 0, 0, 0, 199, 'Y', NULL, '2018-01-13 13:06:47'),
(6, '2017', '822', '801', '237', '123', 25.00, '0', '', '0.00', '3.00', '5.00', 0, 0, 0, 199, 'Y', NULL, '2018-01-13 13:06:47'),
(7, '2017', '822', '802', '237', '123', 25.00, '0', '', '0.00', '40.00', '5.00', 0, 0, 0, 199, 'Y', NULL, '2018-01-13 13:06:47'),
(8, '2017', '822', '803', '237', '123', 25.00, '0', '', '0.00', '5.00', '5.00', 0, 0, 0, 199, 'Y', NULL, '2018-01-13 13:06:47'),
(9, '2017', '822', '800', '237', '122', 25.00, '0', '', '0.00', '98.00', '5.00', 0, 0, 0, 199, 'N', NULL, '2020-06-09 10:37:10'),
(10, '2017', '822', '801', '237', '122', 25.00, '0', '', '0.00', '3.00', '5.00', 0, 0, 0, 199, 'N', NULL, '2020-06-09 10:37:10'),
(11, '2017', '822', '802', '237', '122', 25.00, '0', '', '0.00', '40.00', '5.00', 0, 0, 0, 199, 'N', NULL, '2020-06-09 10:37:10'),
(248, '2020', '828', '766', '237', '124', 25.00, '0', '', '0.00', '5.00', '5.00', 0, 0, 0, 199, 'Y', NULL, '2020-06-29 10:24:30'),
(13, '2017', '822', '810', '238', '124', 25.00, '0', '', '0.00', '5.00', '5.00', 0, 0, 0, 199, 'Y', NULL, '2019-07-01 09:51:03'),
(14, '2017', '822', '811', '238', '124', 25.00, '0', '', '0.00', '60.00', '5.00', 0, 0, 0, 199, 'Y', NULL, '2019-07-01 09:51:03'),
(15, '2017', '822', '812', '238', '124', 25.00, '0', '', '0.00', '10.00', '5.00', 0, 0, 0, 199, 'Y', NULL, '2019-07-01 09:51:03'),
(16, '2017', '822', '813', '238', '124', 25.00, '0', '', '0.00', '5.00', '5.00', 0, 0, 0, 199, 'Y', NULL, '2019-07-01 09:51:03'),
(17, '2017', '822', '788', '239', '124', 25.00, '0', '', '0.00', '79.00', '5.00', 0, 0, 0, 199, 'Y', NULL, '2018-02-05 09:33:05'),
(18, '2017', '822', '789', '239', '124', 25.00, '0', '', '0.00', '89.00', '5.00', 0, 0, 0, 199, 'Y', NULL, '2018-02-05 09:33:05'),
(19, '2017', '822', '795', '239', '124', 25.00, '0', '', '0.00', '4.00', '5.00', 0, 0, 0, 199, 'Y', NULL, '2018-02-05 09:33:05'),
(20, '2017', '822', '796', '239', '124', 25.00, '0', '', '0.00', '9.00', '5.00', 0, 0, 0, 199, 'Y', NULL, '2018-02-05 09:33:05'),
(21, '2017', '822', '784', '240', '124', 25.00, '0', '', '0.00', '5.00', '5.00', 0, 0, 0, 199, 'Y', NULL, '2018-02-05 09:41:45'),
(22, '2017', '822', '785', '240', '124', 25.00, '0', '', '0.00', '30.00', '5.00', 0, 0, 0, 199, 'Y', NULL, '2018-02-05 09:41:45'),
(23, '2017', '822', '786', '240', '124', 25.00, '0', '', '0.00', '19.00', '5.00', 0, 0, 0, 199, 'Y', NULL, '2018-02-05 09:41:45'),
(24, '2017', '822', '787', '240', '124', 25.00, '0', '', '0.00', '5.00', '5.00', 0, 0, 0, 199, 'Y', NULL, '2018-02-05 09:41:45'),
(25, '2017', '822', '775', '241', '124', 25.00, '0', '', '0.00', '10.00', '5.00', 0, 0, 0, 199, 'Y', NULL, '2018-02-05 09:42:49'),
(26, '2017', '822', '776', '241', '124', 25.00, '0', '', '0.00', '74.00', '5.00', 0, 0, 0, 199, 'Y', NULL, '2018-02-05 09:42:49'),
(27, '2017', '822', '777', '241', '124', 25.00, '0', '', '0.00', '49.00', '5.00', 0, 0, 0, 199, 'Y', NULL, '2018-02-05 09:42:49'),
(28, '2017', '822', '778', '241', '124', 25.00, '0', '', '0.00', '79.00', '5.00', 0, 0, 0, 199, 'Y', NULL, '2018-02-05 09:42:49'),
(29, '2017', '822', '805', '246', '124', 25.00, '0', '', '0.00', '49.00', '5.00', 0, 0, 0, 199, 'Y', NULL, '2018-02-05 09:43:28'),
(30, '2017', '822', '806', '246', '124', 25.00, '0', '', '0.00', '69.00', '5.00', 0, 0, 0, 199, 'Y', NULL, '2018-02-05 09:43:28'),
(31, '2017', '822', '807', '246', '124', 25.00, '0', '', '0.00', '5.00', '5.00', 0, 0, 0, 199, 'Y', NULL, '2018-02-05 09:43:28'),
(32, '2017', '822', '808', '246', '124', 25.00, '0', '', '0.00', '1.00', '5.00', 0, 0, 0, 199, 'Y', NULL, '2018-02-05 09:43:28'),
(33, '2017', '823', '800', '237', '124', 25.00, '0', '', '0.00', '98.00', '5.00', 0, 0, 0, 199, 'Y', NULL, '2018-02-05 09:44:56'),
(34, '2017', '823', '801', '237', '124', 25.00, '0', '', '0.00', '3.00', '5.00', 0, 0, 0, 199, 'Y', NULL, '2018-02-05 09:44:56'),
(35, '2017', '823', '802', '237', '124', 25.00, '0', '', '0.00', '40.00', '5.00', 0, 0, 0, 199, 'Y', NULL, '2018-02-05 09:44:56'),
(36, '2017', '823', '803', '237', '124', 25.00, '0', '', '0.00', '5.00', '5.00', 0, 0, 0, 199, 'Y', NULL, '2018-02-05 09:44:56'),
(37, '2017', '823', '810', '238', '124', 25.00, '0', '', '0.00', '5.00', '5.00', 0, 0, 0, 199, 'Y', NULL, '2018-02-05 09:45:18'),
(38, '2017', '823', '811', '238', '124', 25.00, '0', '', '0.00', '60.00', '5.00', 0, 0, 0, 199, 'Y', NULL, '2018-02-05 09:45:18'),
(39, '2017', '823', '812', '238', '124', 25.00, '0', '', '0.00', '10.00', '5.00', 0, 0, 0, 199, 'Y', NULL, '2018-02-05 09:45:18'),
(40, '2017', '823', '813', '238', '124', 25.00, '0', '', '0.00', '5.00', '5.00', 0, 0, 0, 199, 'Y', NULL, '2018-02-05 09:45:18'),
(41, '2017', '823', '788', '239', '124', 25.00, '0', '', '0.00', '79.00', '5.00', 0, 0, 0, 199, 'Y', NULL, '2018-02-05 09:45:56'),
(42, '2017', '823', '789', '239', '124', 25.00, '0', '', '0.00', '89.00', '5.00', 0, 0, 0, 199, 'Y', NULL, '2018-02-05 09:45:56'),
(43, '2017', '823', '795', '239', '124', 25.00, '0', '', '0.00', '4.00', '5.00', 0, 0, 0, 199, 'Y', NULL, '2018-02-05 09:45:56'),
(44, '2017', '823', '796', '239', '124', 25.00, '0', '', '0.00', '9.00', '5.00', 0, 0, 0, 199, 'Y', NULL, '2018-02-05 09:45:56'),
(45, '2017', '823', '784', '240', '124', 25.00, '0', '', '0.00', '5.00', '5.00', 0, 0, 0, 199, 'Y', NULL, '2018-02-05 09:46:32'),
(46, '2017', '823', '785', '240', '124', 25.00, '0', '', '0.00', '30.00', '5.00', 0, 0, 0, 199, 'Y', NULL, '2018-02-05 09:46:32'),
(47, '2017', '823', '786', '240', '124', 25.00, '0', '', '0.00', '19.00', '5.00', 0, 0, 0, 199, 'Y', NULL, '2018-02-05 09:46:32'),
(48, '2017', '823', '787', '240', '124', 25.00, '0', '', '0.00', '5.00', '5.00', 0, 0, 0, 199, 'Y', NULL, '2018-02-05 09:46:32'),
(49, '2017', '823', '775', '241', '124', 25.00, '0', '', '0.00', '10.00', '5.00', 0, 0, 0, 199, 'Y', NULL, '2018-02-05 09:46:52'),
(50, '2017', '823', '776', '241', '124', 25.00, '0', '', '0.00', '74.00', '5.00', 0, 0, 0, 199, 'Y', NULL, '2018-02-05 09:46:52'),
(51, '2017', '823', '777', '241', '124', 25.00, '0', '', '0.00', '49.00', '5.00', 0, 0, 0, 199, 'Y', NULL, '2018-02-05 09:46:52'),
(52, '2017', '823', '778', '241', '124', 25.00, '0', '', '0.00', '79.00', '5.00', 0, 0, 0, 199, 'Y', NULL, '2018-02-05 09:46:52'),
(53, '2017', '823', '805', '246', '124', 25.00, '0', '', '0.00', '49.00', '5.00', 0, 0, 0, 199, 'Y', NULL, '2018-02-05 09:47:18'),
(54, '2017', '823', '806', '246', '124', 25.00, '0', '', '0.00', '69.00', '5.00', 0, 0, 0, 199, 'Y', NULL, '2018-02-05 09:47:18'),
(55, '2017', '823', '807', '246', '124', 25.00, '0', '', '0.00', '5.00', '5.00', 0, 0, 0, 199, 'Y', NULL, '2018-02-05 09:47:18'),
(56, '2017', '823', '808', '246', '124', 25.00, '0', '', '0.00', '1.00', '5.00', 0, 0, 0, 199, 'Y', NULL, '2018-02-05 09:47:18'),
(57, '2017', '824', '805', '246', '124', 25.00, '0', '', '0.00', '49.00', '5.00', 0, 0, 0, 199, 'Y', NULL, '2018-02-05 09:48:06'),
(58, '2017', '824', '806', '246', '124', 25.00, '0', '', '0.00', '69.00', '5.00', 0, 0, 0, 199, 'Y', NULL, '2018-02-05 09:48:06'),
(59, '2017', '824', '807', '246', '124', 25.00, '0', '', '0.00', '5.00', '5.00', 0, 0, 0, 199, 'Y', NULL, '2018-02-05 09:48:06'),
(60, '2017', '824', '809', '246', '124', 25.00, '0', '', '0.00', '57.00', '5.00', 0, 0, 0, 199, 'Y', NULL, '2018-02-05 09:48:06'),
(61, '2017', '824', '800', '237', '124', 25.00, '0', '', '0.00', '98.00', '5.00', 0, 0, 0, 199, 'Y', NULL, '2018-02-05 09:48:42'),
(62, '2017', '824', '801', '237', '124', 25.00, '0', '', '0.00', '3.00', '5.00', 0, 0, 0, 199, 'Y', NULL, '2018-02-05 09:48:42'),
(63, '2017', '824', '802', '237', '124', 25.00, '0', '', '0.00', '40.00', '5.00', 0, 0, 0, 199, 'Y', NULL, '2018-02-05 09:48:42'),
(64, '2017', '824', '803', '237', '124', 25.00, '0', '', '0.00', '5.00', '5.00', 0, 0, 0, 199, 'Y', NULL, '2018-02-05 09:48:42'),
(65, '2017', '824', '810', '238', '124', 25.00, '0', '', '0.00', '5.00', '5.00', 0, 0, 0, 199, 'Y', NULL, '2018-02-05 09:49:07'),
(66, '2017', '824', '811', '238', '124', 25.00, '0', '', '0.00', '60.00', '5.00', 0, 0, 0, 199, 'Y', NULL, '2018-02-05 09:49:07'),
(67, '2017', '824', '812', '238', '124', 25.00, '0', '', '0.00', '10.00', '5.00', 0, 0, 0, 199, 'Y', NULL, '2018-02-05 09:49:07'),
(68, '2017', '824', '813', '238', '124', 25.00, '0', '', '0.00', '5.00', '5.00', 0, 0, 0, 199, 'Y', NULL, '2018-02-05 09:49:07'),
(69, '2017', '824', '788', '239', '124', 25.00, '0', '', '0.00', '79.00', '5.00', 0, 0, 0, 199, 'Y', NULL, '2018-02-05 09:50:04'),
(70, '2017', '824', '789', '239', '124', 25.00, '0', '', '0.00', '89.00', '5.00', 0, 0, 0, 199, 'Y', NULL, '2018-02-05 09:50:04'),
(71, '2017', '824', '795', '239', '124', 25.00, '0', '', '0.00', '4.00', '5.00', 0, 0, 0, 199, 'Y', NULL, '2018-02-05 09:50:04'),
(72, '2017', '824', '796', '239', '124', 25.00, '0', '', '0.00', '9.00', '5.00', 0, 0, 0, 199, 'Y', NULL, '2018-02-05 09:50:04'),
(73, '2017', '824', '784', '240', '124', 25.00, '0', '', '0.00', '5.00', '5.00', 0, 0, 0, 199, 'Y', NULL, '2018-02-05 09:50:26'),
(74, '2017', '824', '785', '240', '124', 25.00, '0', '', '0.00', '30.00', '5.00', 0, 0, 0, 199, 'Y', NULL, '2018-02-05 09:50:26'),
(75, '2017', '824', '786', '240', '124', 25.00, '0', '', '0.00', '19.00', '5.00', 0, 0, 0, 199, 'Y', NULL, '2018-02-05 09:50:26'),
(76, '2017', '824', '787', '240', '124', 25.00, '0', '', '0.00', '5.00', '5.00', 0, 0, 0, 199, 'Y', NULL, '2018-02-05 09:50:26'),
(77, '2017', '824', '775', '241', '124', 25.00, '0', '', '0.00', '10.00', '5.00', 0, 0, 0, 199, 'Y', NULL, '2018-02-05 09:50:49'),
(78, '2017', '824', '776', '241', '124', 25.00, '0', '', '0.00', '74.00', '5.00', 0, 0, 0, 199, 'Y', NULL, '2018-02-05 09:50:49'),
(79, '2017', '824', '777', '241', '124', 25.00, '0', '', '0.00', '49.00', '5.00', 0, 0, 0, 199, 'Y', NULL, '2018-02-05 09:50:49'),
(80, '2017', '824', '778', '241', '124', 25.00, '0', '', '0.00', '79.00', '5.00', 0, 0, 0, 199, 'Y', NULL, '2018-02-05 09:50:49'),
(81, '2017', '827', '800', '237', '124', 25.00, '0', '', '0.00', '98.00', '5.00', 0, 0, 0, 199, 'Y', NULL, '2018-02-09 10:36:23'),
(82, '2017', '827', '801', '237', '124', 25.00, '0', '', '0.00', '3.00', '5.00', 0, 0, 0, 199, 'Y', NULL, '2018-02-09 10:36:23'),
(83, '2017', '827', '802', '237', '124', 25.00, '0', '', '0.00', '40.00', '5.00', 0, 0, 0, 199, 'Y', NULL, '2018-02-09 10:36:23'),
(84, '2017', '827', '803', '237', '124', 25.00, '0', '', '0.00', '5.00', '5.00', 0, 0, 0, 199, 'Y', NULL, '2018-02-09 10:36:23'),
(85, '2017', '827', '810', '238', '124', 25.00, '0', '', '0.00', '5.00', '5.00', 0, 0, 0, 199, 'Y', NULL, '2018-02-09 10:36:54'),
(86, '2017', '827', '811', '238', '124', 25.00, '0', '', '0.00', '60.00', '5.00', 0, 0, 0, 199, 'Y', NULL, '2018-02-09 10:36:54'),
(87, '2017', '827', '812', '238', '124', 25.00, '0', '', '0.00', '10.00', '5.00', 0, 0, 0, 199, 'Y', NULL, '2018-02-09 10:36:54'),
(88, '2017', '827', '813', '238', '124', 25.00, '0', '', '0.00', '5.00', '5.00', 0, 0, 0, 199, 'Y', NULL, '2018-02-09 10:36:54'),
(89, '2017', '827', '788', '239', '124', 25.00, '0', '', '0.00', '79.00', '5.00', 0, 0, 0, 199, 'Y', NULL, '2018-02-09 10:37:16'),
(90, '2017', '827', '789', '239', '124', 25.00, '0', '', '0.00', '89.00', '5.00', 0, 0, 0, 199, 'Y', NULL, '2018-02-09 10:37:16'),
(91, '2017', '827', '795', '239', '124', 25.00, '0', '', '0.00', '4.00', '5.00', 0, 0, 0, 199, 'Y', NULL, '2018-02-09 10:37:16'),
(92, '2017', '827', '797', '239', '124', 25.00, '0', '', '0.00', '69.00', '5.00', 0, 0, 0, 199, 'Y', NULL, '2018-02-09 10:37:16'),
(93, '2017', '827', '784', '240', '124', 25.00, '0', '', '0.00', '5.00', '5.00', 0, 0, 0, 199, 'Y', NULL, '2018-02-09 10:37:54'),
(94, '2017', '827', '785', '240', '124', 25.00, '0', '', '0.00', '30.00', '5.00', 0, 0, 0, 199, 'Y', NULL, '2018-02-09 10:37:54'),
(95, '2017', '827', '786', '240', '124', 25.00, '0', '', '0.00', '19.00', '5.00', 0, 0, 0, 199, 'Y', NULL, '2018-02-09 10:37:54'),
(96, '2017', '827', '787', '240', '124', 25.00, '0', '', '0.00', '5.00', '5.00', 0, 0, 0, 199, 'Y', NULL, '2018-02-09 10:37:54'),
(97, '2017', '827', '775', '241', '124', 25.00, '0', '', '0.00', '10.00', '5.00', 0, 0, 0, 199, 'Y', NULL, '2018-02-09 10:38:12'),
(98, '2017', '827', '776', '241', '124', 25.00, '0', '', '0.00', '74.00', '5.00', 0, 0, 0, 199, 'Y', NULL, '2018-02-09 10:38:12'),
(99, '2017', '827', '777', '241', '124', 25.00, '0', '', '0.00', '49.00', '5.00', 0, 0, 0, 199, 'Y', NULL, '2018-02-09 10:38:12'),
(100, '2017', '827', '778', '241', '124', 25.00, '0', '', '0.00', '79.00', '5.00', 0, 0, 0, 199, 'Y', NULL, '2018-02-09 10:38:12'),
(101, '2017', '827', '805', '246', '124', 25.00, '0', '', '0.00', '49.00', '5.00', 0, 0, 0, 199, 'Y', NULL, '2018-02-09 10:38:36'),
(102, '2017', '827', '806', '246', '124', 25.00, '0', '', '0.00', '69.00', '5.00', 0, 0, 0, 199, 'Y', NULL, '2018-02-09 10:38:36'),
(103, '2017', '827', '807', '246', '124', 25.00, '0', '', '0.00', '5.00', '5.00', 0, 0, 0, 199, 'Y', NULL, '2018-02-09 10:38:36'),
(104, '2017', '827', '808', '246', '124', 25.00, '0', '', '0.00', '1.00', '5.00', 0, 0, 0, 199, 'Y', NULL, '2018-02-09 10:38:36'),
(105, '2017', '822', '810', '238', '123', 25.00, '0', '', '0.00', '5.00', '5.00', 0, 0, 0, 199, 'Y', NULL, '2018-07-29 10:21:32'),
(106, '2017', '822', '812', '238', '123', 75.00, '0', '', '0.00', '10.00', '5.00', 0, 0, 0, 199, 'Y', NULL, '2018-07-29 10:21:32'),
(107, '2017', '823', '800', '237', '122', 25.00, '0', '', '0.00', '98.00', '5.00', 0, 0, 0, 199, 'Y', NULL, '2019-07-11 04:37:36'),
(108, '2017', '823', '801', '237', '122', 25.00, '0', '', '0.00', '3.00', '5.00', 0, 0, 0, 199, 'Y', NULL, '2019-07-11 04:37:36'),
(109, '2017', '823', '802', '237', '122', 25.00, '0', '', '0.00', '40.00', '5.00', 0, 0, 0, 199, 'Y', NULL, '2019-07-11 04:37:36'),
(110, '2017', '823', '803', '237', '122', 25.00, '0', '', '0.00', '5.00', '5.00', 0, 0, 0, 199, 'Y', NULL, '2019-07-11 04:37:36'),
(249, '2020', '828', '767', '237', '124', 25.00, '0', '', '0.00', '1.00', '5.00', 0, 0, 0, 199, 'Y', NULL, '2020-06-29 10:24:30'),
(250, '2020', '828', '768', '237', '124', 25.00, '0', '', '0.00', '5.00', '5.00', 0, 0, 0, 199, 'Y', NULL, '2020-06-29 10:24:30'),
(130, '2020', '830', '816', '248', '125', 100.00, '0', '', '0.00', '1.00', '5.00', 0, 0, 0, 203, 'Y', NULL, '2020-05-20 05:53:31'),
(137, '2020', '828', '766', '237', '122', 25.01, '0', '', '0.00', '5.00', '5.00', 0, 0, 0, 199, NULL, NULL, NULL),
(251, '2020', '828', '769', '237', '124', 25.00, '0', '', '0.00', '3.00', '5.00', 0, 0, 0, 199, 'Y', NULL, '2020-06-29 10:24:30'),
(131, '2017', '822', '814', '237', '122', 25.00, '0', '', '0.00', '1.00', '5.00', 0, 0, 0, 199, 'N', NULL, '2020-06-09 10:37:10'),
(138, '2020', '828', '766', '237', '123', 25.01, '0', '', '0.00', '5.00', '5.00', 0, 0, 0, 199, NULL, NULL, NULL),
(134, '2017', '822', '825', '237', '122', 25.00, '0', '', '0.00', '', '', 0, 0, 0, 199, NULL, NULL, NULL),
(140, '2020', '828', '766', '238', '122', 25.01, '0', '', '0.00', '5.00', '5.00', 0, 0, 0, 199, NULL, NULL, NULL),
(141, '2020', '828', '766', '238', '123', 25.01, '0', '', '0.00', '5.00', '5.00', 0, 0, 0, 199, NULL, NULL, NULL),
(142, '2020', '828', '766', '238', '124', 25.01, '0', '', '0.00', '5.00', '5.00', 0, 0, 0, 199, NULL, NULL, NULL),
(143, '2020', '828', '766', '239', '122', 25.01, '0', '', '0.00', '5.00', '5.00', 0, 0, 0, 199, NULL, NULL, NULL),
(144, '2020', '828', '766', '239', '123', 25.01, '0', '', '0.00', '5.00', '5.00', 0, 0, 0, 199, NULL, NULL, NULL),
(145, '2020', '828', '766', '239', '124', 25.01, '0', '', '0.00', '5.00', '5.00', 0, 0, 0, 199, NULL, NULL, NULL),
(146, '2020', '828', '766', '240', '122', 25.01, '0', '', '0.00', '5.00', '5.00', 0, 0, 0, 199, NULL, NULL, NULL),
(147, '2020', '828', '766', '240', '123', 25.01, '0', '', '0.00', '5.00', '5.00', 0, 0, 0, 199, NULL, NULL, NULL),
(148, '2020', '828', '766', '240', '124', 25.01, '0', '', '0.00', '5.00', '5.00', 0, 0, 0, 199, NULL, NULL, NULL),
(149, '2020', '828', '766', '241', '122', 25.01, '0', '', '0.00', '5.00', '5.00', 0, 0, 0, 199, NULL, NULL, NULL),
(150, '2020', '828', '766', '241', '123', 25.01, '0', '', '0.00', '5.00', '5.00', 0, 0, 0, 199, NULL, NULL, NULL),
(151, '2020', '828', '766', '241', '124', 25.01, '0', '', '0.00', '5.00', '5.00', 0, 0, 0, 199, 'N', NULL, '2020-06-16 09:56:45'),
(152, '2020', '828', '766', '246', '122', 25.01, '0', '', '0.00', '5.00', '5.00', 0, 0, 0, 199, NULL, NULL, NULL),
(153, '2020', '828', '766', '246', '123', 25.01, '0', '', '0.00', '5.00', '5.00', 0, 0, 0, 199, NULL, NULL, NULL),
(154, '2020', '828', '766', '246', '124', 25.01, '0', '', '0.00', '5.00', '5.00', 0, 0, 0, 199, NULL, NULL, NULL),
(155, '2020', '829', '766', '237', '122', 25.01, '0', '', '0.00', '5.00', '5.00', 0, 0, 0, 199, NULL, NULL, NULL),
(156, '2020', '829', '766', '237', '123', 25.01, '0', '', '0.00', '5.00', '5.00', 0, 0, 0, 199, NULL, NULL, NULL),
(157, '2020', '829', '766', '237', '124', 25.00, '0', '', '0.00', '5.00', '5.00', 0, 0, 0, 199, 'Y', NULL, '2020-06-29 10:46:51'),
(158, '2020', '829', '766', '238', '122', 25.01, '0', '', '0.00', '5.00', '5.00', 0, 0, 0, 199, NULL, NULL, NULL),
(159, '2020', '829', '766', '238', '123', 25.01, '0', '', '0.00', '5.00', '5.00', 0, 0, 0, 199, NULL, NULL, NULL),
(160, '2020', '829', '766', '238', '124', 25.01, '0', '', '0.00', '5.00', '5.00', 0, 0, 0, 199, NULL, NULL, NULL),
(161, '2020', '829', '766', '239', '122', 25.01, '0', '', '0.00', '5.00', '5.00', 0, 0, 0, 199, NULL, NULL, NULL),
(162, '2020', '829', '766', '239', '123', 25.01, '0', '', '0.00', '5.00', '5.00', 0, 0, 0, 199, NULL, NULL, NULL),
(163, '2020', '829', '766', '239', '124', 25.01, '0', '', '0.00', '5.00', '5.00', 0, 0, 0, 199, NULL, NULL, NULL),
(164, '2020', '829', '766', '240', '122', 25.01, '0', '', '0.00', '5.00', '5.00', 0, 0, 0, 199, NULL, NULL, NULL),
(165, '2020', '829', '766', '240', '123', 25.01, '0', '', '0.00', '5.00', '5.00', 0, 0, 0, 199, NULL, NULL, NULL),
(166, '2020', '829', '766', '240', '124', 25.01, '0', '', '0.00', '5.00', '5.00', 0, 0, 0, 199, NULL, NULL, NULL),
(167, '2020', '829', '766', '241', '122', 25.01, '0', '', '0.00', '5.00', '5.00', 0, 0, 0, 199, NULL, NULL, NULL),
(168, '2020', '829', '766', '241', '123', 25.01, '0', '', '0.00', '5.00', '5.00', 0, 0, 0, 199, NULL, NULL, NULL),
(169, '2020', '829', '766', '241', '124', 25.01, '0', '', '0.00', '5.00', '5.00', 0, 0, 0, 199, NULL, NULL, NULL),
(170, '2020', '829', '766', '246', '122', 25.01, '0', '', '0.00', '5.00', '5.00', 0, 0, 0, 199, NULL, NULL, NULL),
(171, '2020', '829', '766', '246', '123', 25.01, '0', '', '0.00', '5.00', '5.00', 0, 0, 0, 199, NULL, NULL, NULL),
(172, '2020', '829', '766', '246', '124', 25.01, '0', '', '0.00', '5.00', '5.00', 0, 0, 0, 199, NULL, NULL, NULL),
(173, '2020', '828', '767', '237', '122', 25.02, '0', '', '0.00', '1.00', '5.00', 0, 0, 0, 199, NULL, NULL, NULL),
(174, '2020', '828', '767', '237', '123', 25.02, '0', '', '0.00', '1.00', '5.00', 0, 0, 0, 199, NULL, NULL, NULL),
(252, '2020', '829', '770', '237', '124', 25.00, '0', '', '0.00', '3.00', '5.00', 0, 0, 0, 199, 'Y', NULL, '2020-06-29 10:46:51'),
(176, '2020', '828', '767', '238', '122', 25.02, '0', '', '0.00', '1.00', '5.00', 0, 0, 0, 199, NULL, NULL, NULL),
(177, '2020', '828', '767', '238', '123', 25.02, '0', '', '0.00', '1.00', '5.00', 0, 0, 0, 199, NULL, NULL, NULL),
(178, '2020', '828', '767', '238', '124', 25.02, '0', '', '0.00', '1.00', '5.00', 0, 0, 0, 199, NULL, NULL, NULL),
(179, '2020', '828', '767', '239', '122', 25.02, '0', '', '0.00', '1.00', '5.00', 0, 0, 0, 199, NULL, NULL, NULL),
(180, '2020', '828', '767', '239', '123', 25.02, '0', '', '0.00', '1.00', '5.00', 0, 0, 0, 199, NULL, NULL, NULL),
(181, '2020', '828', '767', '239', '124', 25.02, '0', '', '0.00', '1.00', '5.00', 0, 0, 0, 199, NULL, NULL, NULL),
(182, '2020', '828', '767', '240', '122', 25.02, '0', '', '0.00', '1.00', '5.00', 0, 0, 0, 199, NULL, NULL, NULL),
(183, '2020', '828', '767', '240', '123', 25.02, '0', '', '0.00', '1.00', '5.00', 0, 0, 0, 199, NULL, NULL, NULL),
(184, '2020', '828', '767', '240', '124', 25.02, '0', '', '0.00', '1.00', '5.00', 0, 0, 0, 199, NULL, NULL, NULL),
(185, '2020', '828', '767', '241', '122', 25.02, '0', '', '0.00', '1.00', '5.00', 0, 0, 0, 199, NULL, NULL, NULL),
(186, '2020', '828', '767', '241', '123', 25.02, '0', '', '0.00', '1.00', '5.00', 0, 0, 0, 199, NULL, NULL, NULL),
(187, '2020', '828', '767', '241', '124', 25.02, '0', '', '0.00', '1.00', '5.00', 0, 0, 0, 199, 'N', NULL, '2020-06-16 09:56:45'),
(188, '2020', '828', '767', '246', '122', 25.02, '0', '', '0.00', '1.00', '5.00', 0, 0, 0, 199, NULL, NULL, NULL),
(189, '2020', '828', '767', '246', '123', 25.02, '0', '', '0.00', '1.00', '5.00', 0, 0, 0, 199, NULL, NULL, NULL),
(190, '2020', '828', '767', '246', '124', 25.02, '0', '', '0.00', '1.00', '5.00', 0, 0, 0, 199, NULL, NULL, NULL),
(191, '2020', '829', '767', '237', '122', 25.02, '0', '', '0.00', '1.00', '5.00', 0, 0, 0, 199, NULL, NULL, NULL),
(192, '2020', '829', '767', '237', '123', 25.02, '0', '', '0.00', '1.00', '5.00', 0, 0, 0, 199, NULL, NULL, NULL),
(193, '2020', '829', '767', '237', '124', 25.00, '0', '', '0.00', '1.00', '5.00', 0, 0, 0, 199, 'Y', NULL, '2020-06-29 10:46:51'),
(194, '2020', '829', '767', '238', '122', 25.02, '0', '', '0.00', '1.00', '5.00', 0, 0, 0, 199, NULL, NULL, NULL),
(195, '2020', '829', '767', '238', '123', 25.02, '0', '', '0.00', '1.00', '5.00', 0, 0, 0, 199, NULL, NULL, NULL),
(196, '2020', '829', '767', '238', '124', 25.02, '0', '', '0.00', '1.00', '5.00', 0, 0, 0, 199, NULL, NULL, NULL),
(197, '2020', '829', '767', '239', '122', 25.02, '0', '', '0.00', '1.00', '5.00', 0, 0, 0, 199, NULL, NULL, NULL),
(198, '2020', '829', '767', '239', '123', 25.02, '0', '', '0.00', '1.00', '5.00', 0, 0, 0, 199, NULL, NULL, NULL),
(199, '2020', '829', '767', '239', '124', 25.02, '0', '', '0.00', '1.00', '5.00', 0, 0, 0, 199, NULL, NULL, NULL),
(200, '2020', '829', '767', '240', '122', 25.02, '0', '', '0.00', '1.00', '5.00', 0, 0, 0, 199, NULL, NULL, NULL),
(201, '2020', '829', '767', '240', '123', 25.02, '0', '', '0.00', '1.00', '5.00', 0, 0, 0, 199, NULL, NULL, NULL),
(202, '2020', '829', '767', '240', '124', 25.02, '0', '', '0.00', '1.00', '5.00', 0, 0, 0, 199, NULL, NULL, NULL),
(203, '2020', '829', '767', '241', '122', 25.02, '0', '', '0.00', '1.00', '5.00', 0, 0, 0, 199, NULL, NULL, NULL),
(204, '2020', '829', '767', '241', '123', 25.02, '0', '', '0.00', '1.00', '5.00', 0, 0, 0, 199, NULL, NULL, NULL),
(205, '2020', '829', '767', '241', '124', 25.02, '0', '', '0.00', '1.00', '5.00', 0, 0, 0, 199, NULL, NULL, NULL),
(206, '2020', '829', '767', '246', '122', 25.02, '0', '', '0.00', '1.00', '5.00', 0, 0, 0, 199, NULL, NULL, NULL),
(207, '2020', '829', '767', '246', '123', 25.02, '0', '', '0.00', '1.00', '5.00', 0, 0, 0, 199, NULL, NULL, NULL),
(208, '2020', '829', '767', '246', '124', 25.02, '0', '', '0.00', '1.00', '5.00', 0, 0, 0, 199, NULL, NULL, NULL),
(209, '2020', '828', '768', '237', '122', 25.00, '0', '', '0.00', '5.00', '5.00', 0, 0, 0, 199, NULL, NULL, NULL),
(210, '2020', '828', '768', '237', '123', 25.00, '0', '', '0.00', '5.00', '5.00', 0, 0, 0, 199, NULL, NULL, NULL),
(253, '2020', '837', '766', '237', '124', 25.00, '0', '', '0.00', '5.00', '5.00', 0, 0, 0, 199, 'Y', NULL, '2020-07-07 05:37:49'),
(212, '2020', '828', '768', '238', '122', 25.00, '0', '', '0.00', '5.00', '5.00', 0, 0, 0, 199, NULL, NULL, NULL),
(213, '2020', '828', '768', '238', '123', 25.00, '0', '', '0.00', '5.00', '5.00', 0, 0, 0, 199, NULL, NULL, NULL),
(214, '2020', '828', '768', '238', '124', 25.00, '0', '', '0.00', '5.00', '5.00', 0, 0, 0, 199, NULL, NULL, NULL),
(215, '2020', '828', '768', '239', '122', 25.00, '0', '', '0.00', '5.00', '5.00', 0, 0, 0, 199, NULL, NULL, NULL),
(216, '2020', '828', '768', '239', '123', 25.00, '0', '', '0.00', '5.00', '5.00', 0, 0, 0, 199, NULL, NULL, NULL),
(217, '2020', '828', '768', '239', '124', 25.00, '0', '', '0.00', '5.00', '5.00', 0, 0, 0, 199, NULL, NULL, NULL),
(218, '2020', '828', '768', '240', '122', 25.00, '0', '', '0.00', '5.00', '5.00', 0, 0, 0, 199, NULL, NULL, NULL),
(219, '2020', '828', '768', '240', '123', 25.00, '0', '', '0.00', '5.00', '5.00', 0, 0, 0, 199, NULL, NULL, NULL),
(220, '2020', '828', '768', '240', '124', 25.00, '0', '', '0.00', '5.00', '5.00', 0, 0, 0, 199, NULL, NULL, NULL),
(221, '2020', '828', '768', '241', '122', 25.00, '0', '', '0.00', '5.00', '5.00', 0, 0, 0, 199, NULL, NULL, NULL),
(222, '2020', '828', '768', '241', '123', 25.00, '0', '', '0.00', '5.00', '5.00', 0, 0, 0, 199, NULL, NULL, NULL),
(245, '2020', '828', '770', '241', '124', 25.00, '0', '', '0.00', '3.00', '5.00', 0, 0, 0, 199, NULL, NULL, NULL),
(224, '2020', '828', '768', '246', '122', 25.00, '0', '', '0.00', '5.00', '5.00', 0, 0, 0, 199, NULL, NULL, NULL),
(225, '2020', '828', '768', '246', '123', 25.00, '0', '', '0.00', '5.00', '5.00', 0, 0, 0, 199, NULL, NULL, NULL),
(226, '2020', '828', '768', '246', '124', 25.00, '0', '', '0.00', '5.00', '5.00', 0, 0, 0, 199, NULL, NULL, NULL),
(227, '2020', '829', '768', '237', '122', 25.00, '0', '', '0.00', '5.00', '5.00', 0, 0, 0, 199, NULL, NULL, NULL),
(228, '2020', '829', '768', '237', '123', 25.00, '0', '', '0.00', '5.00', '5.00', 0, 0, 0, 199, NULL, NULL, NULL),
(229, '2020', '829', '768', '237', '124', 25.00, '0', '', '0.00', '5.00', '5.00', 0, 0, 0, 199, 'Y', NULL, '2020-06-29 10:46:51'),
(230, '2020', '829', '768', '238', '122', 25.00, '0', '', '0.00', '5.00', '5.00', 0, 0, 0, 199, NULL, NULL, NULL),
(231, '2020', '829', '768', '238', '123', 25.00, '0', '', '0.00', '5.00', '5.00', 0, 0, 0, 199, NULL, NULL, NULL),
(232, '2020', '829', '768', '238', '124', 25.00, '0', '', '0.00', '5.00', '5.00', 0, 0, 0, 199, NULL, NULL, NULL),
(233, '2020', '829', '768', '239', '122', 25.00, '0', '', '0.00', '5.00', '5.00', 0, 0, 0, 199, NULL, NULL, NULL),
(234, '2020', '829', '768', '239', '123', 25.00, '0', '', '0.00', '5.00', '5.00', 0, 0, 0, 199, NULL, NULL, NULL),
(235, '2020', '829', '768', '239', '124', 25.00, '0', '', '0.00', '5.00', '5.00', 0, 0, 0, 199, NULL, NULL, NULL),
(236, '2020', '829', '768', '240', '122', 25.00, '0', '', '0.00', '5.00', '5.00', 0, 0, 0, 199, NULL, NULL, NULL),
(237, '2020', '829', '768', '240', '123', 25.00, '0', '', '0.00', '5.00', '5.00', 0, 0, 0, 199, NULL, NULL, NULL),
(238, '2020', '829', '768', '240', '124', 25.00, '0', '', '0.00', '5.00', '5.00', 0, 0, 0, 199, NULL, NULL, NULL),
(239, '2020', '829', '768', '241', '122', 25.00, '0', '', '0.00', '5.00', '5.00', 0, 0, 0, 199, NULL, NULL, NULL),
(240, '2020', '829', '768', '241', '123', 25.00, '0', '', '0.00', '5.00', '5.00', 0, 0, 0, 199, NULL, NULL, NULL),
(241, '2020', '829', '768', '241', '124', 25.00, '0', '', '0.00', '5.00', '5.00', 0, 0, 0, 199, NULL, NULL, NULL),
(242, '2020', '829', '768', '246', '122', 25.00, '0', '', '0.00', '5.00', '5.00', 0, 0, 0, 199, NULL, NULL, NULL),
(243, '2020', '829', '768', '246', '123', 25.00, '0', '', '0.00', '5.00', '5.00', 0, 0, 0, 199, NULL, NULL, NULL),
(244, '2020', '829', '768', '246', '124', 25.00, '0', '', '0.00', '5.00', '5.00', 0, 0, 0, 199, NULL, NULL, NULL),
(246, '2020', '828', '769', '241', '124', 25.00, '0', '', '0.00', '3.00', '5.00', 0, 0, 0, 199, NULL, NULL, NULL),
(254, '2020', '837', '766', '238', '124', 25.00, '0', '', '0.00', '5.00', '5.00', 0, 0, 0, 199, NULL, NULL, NULL),
(255, '2020', '837', '766', '239', '124', 25.00, '0', '', '0.00', '5.00', '5.00', 0, 0, 0, 199, NULL, NULL, NULL),
(256, '2020', '837', '766', '240', '124', 25.00, '0', '', '0.00', '5.00', '5.00', 0, 0, 0, 199, NULL, NULL, NULL),
(257, '2020', '837', '766', '241', '124', 25.00, '0', '', '0.00', '5.00', '5.00', 0, 0, 0, 199, NULL, NULL, NULL),
(258, '2020', '837', '766', '246', '124', 25.00, '0', '', '0.00', '5.00', '5.00', 0, 0, 0, 199, NULL, NULL, NULL),
(259, '2020', '837', '767', '237', '124', 25.00, '0', '', '0.00', '1.00', '5.00', 0, 0, 0, 199, 'Y', NULL, '2020-07-07 05:37:49'),
(260, '2020', '837', '768', '237', '124', 25.00, '0', '', '0.00', '5.00', '5.00', 0, 0, 0, 199, 'Y', NULL, '2020-07-07 05:37:49'),
(261, '2020', '837', '768', '238', '124', 25.00, '0', '', '0.00', '5.00', '5.00', 0, 0, 0, 199, NULL, NULL, NULL),
(262, '2020', '837', '768', '239', '124', 25.00, '0', '', '0.00', '5.00', '5.00', 0, 0, 0, 199, NULL, NULL, NULL),
(263, '2020', '837', '768', '240', '124', 25.00, '0', '', '0.00', '5.00', '5.00', 0, 0, 0, 199, NULL, NULL, NULL),
(264, '2020', '837', '768', '241', '124', 25.00, '0', '', '0.00', '5.00', '5.00', 0, 0, 0, 199, NULL, NULL, NULL),
(265, '2020', '837', '768', '246', '124', 25.00, '0', '', '0.00', '5.00', '5.00', 0, 0, 0, 199, NULL, NULL, NULL),
(266, '2020', '837', '769', '237', '124', 25.00, '0', '', '0.00', '3.00', '5.00', 0, 0, 0, 199, 'Y', NULL, '2020-07-07 05:37:49'),
(267, '2020', '837', '769', '238', '124', 25.00, '0', '', '0.00', '3.00', '5.00', 0, 0, 0, 199, NULL, NULL, NULL),
(268, '2020', '837', '769', '239', '124', 25.00, '0', '', '0.00', '3.00', '5.00', 0, 0, 0, 199, NULL, NULL, NULL),
(269, '2020', '837', '769', '240', '124', 25.00, '0', '', '0.00', '3.00', '5.00', 0, 0, 0, 199, NULL, NULL, NULL),
(270, '2020', '837', '769', '241', '124', 25.00, '0', '', '0.00', '3.00', '5.00', 0, 0, 0, 199, NULL, NULL, NULL),
(271, '2020', '837', '769', '246', '124', 25.00, '0', '', '0.00', '3.00', '5.00', 0, 0, 0, 199, NULL, NULL, NULL),
(272, '2021', '843', '33', 'All', '10', 100.00, '0', '', '0.00', '4.00', '5.00', 0, 0, 0, 198, 'N', NULL, '2021-01-18 06:42:06'),
(273, '2021', '843', '33', '9', '10', 25.00, '0', '', '0.00', '4.00', '5.00', 0, 0, 0, 198, 'N', NULL, '2021-01-18 06:42:06'),
(274, '2021', '844', '33', '9', '10', 25.00, '0', '', '0.00', '4.00', '5.00', 0, 0, 0, 198, NULL, NULL, NULL),
(275, '2021', '845', '33', '9', '10', 25.00, '0', '', '0.00', '4.00', '5.00', 0, 0, 0, 198, NULL, NULL, NULL),
(277, '2021', '842', '33', '9', '10', 75.00, '0', '', '0.00', '4.00', '5.00', 0, 0, 0, 198, 'Y', NULL, '2021-01-18 10:21:37'),
(279, '2021', '842', '34', '9', '10', 25.00, '0', '', '0.00', '5.00', '5.00', 0, 0, 0, 198, 'Y', NULL, '2021-01-18 10:21:37'),
(280, '2021', '842', '33', '15', '10', 100.00, '0', '', '0.00', '4.00', '5.00', 0, 0, 0, 198, 'Y', NULL, '2021-01-18 11:13:09'),
(281, '2021', '842', '33', '9', '8', 100.00, '0', '', '0.00', '4.00', '5.00', 0, 0, 0, 198, 'Y', NULL, '2021-01-21 06:03:34'),
(282, '2021', '842', '34', '9', '8', 25.00, '0', '', '0.00', '5.00', '5.00', 0, 0, 0, 198, NULL, NULL, NULL),
(283, '2021', '842', '43', '9', '8', 25.00, '0', '', '0.00', '', '', 0, 0, 0, 198, NULL, NULL, NULL);

-- --------------------------------------------------------

--
-- Table structure for table `baseline`
--

CREATE TABLE `baseline` (
  `baseline_id` int(11) NOT NULL,
  `kpi_id` int(11) DEFAULT NULL,
  `baseline_begin` double(255,2) DEFAULT NULL,
  `baseline_end` double(255,2) DEFAULT NULL,
  `baseline_score` double(11,2) DEFAULT NULL,
  `suggestion` text DEFAULT NULL
) ENGINE=MyISAM DEFAULT CHARSET=utf8;

--
-- Dumping data for table `baseline`
--

INSERT INTO `baseline` (`baseline_id`, `kpi_id`, `baseline_begin`, `baseline_end`, `baseline_score`, `suggestion`) VALUES
(1, NULL, 11.00, 22.00, 33.00, NULL),
(2, NULL, 22.00, 33.00, 44.00, NULL),
(4, 21, 0.00, 45.00, 55.00, NULL),
(7, 21, 46.00, 60.00, 45.00, NULL),
(8, 1, 1000000.00, 2000000.00, 20.00, NULL),
(9, 1, 2000001.00, 4000000.00, 40.00, NULL),
(10, 23, 1200.00, 5000.00, 20.00, NULL),
(11, 23, 522.00, 555.00, 2.00, NULL),
(12, 7, 0.00, 40.00, 1.00, NULL),
(13, 7, 41.00, 60.00, 2.00, NULL),
(14, 7, 61.00, 70.00, 3.00, NULL),
(15, 7, 71.00, 80.00, 4.00, NULL),
(16, 7, 81.00, 120.00, 5.00, NULL),
(17, 8, 0.00, 20.00, 1.00, NULL),
(18, 8, 21.00, 40.00, 2.00, NULL),
(19, 8, 41.00, 60.00, 3.00, NULL),
(20, 8, 61.00, 70.00, 4.00, NULL),
(21, 8, 71.00, 100.00, 5.00, NULL),
(22, 9, 0.00, 20.00, 1.00, NULL),
(23, 9, 21.00, 40.00, 2.00, NULL),
(24, 9, 41.00, 60.00, 3.00, NULL),
(25, 9, 61.00, 70.00, 4.00, NULL),
(26, 9, 71.00, 100.00, 5.00, NULL),
(27, 10, 0.00, 20.00, 1.00, NULL),
(28, 10, 21.00, 40.00, 2.00, NULL),
(29, 10, 41.00, 60.00, 3.00, NULL),
(30, 10, 61.00, 70.00, 4.00, NULL),
(31, 10, 71.00, 100.00, 5.00, NULL),
(32, 25, 0.00, 50.00, 4.00, NULL),
(33, 25, 51.00, 80.00, 5.00, NULL),
(34, 26, 0.00, 40.00, 4.00, NULL),
(35, 26, 41.00, 70.00, 5.00, NULL),
(922, 920, 0.00, 0.00, 0.00, 'ไม่ผ่าน'),
(923, 920, 1.00, 1.00, 1.00, 'ต่ำกว่าเกณฑ์'),
(921, 919, 55.00, 5500.00, 5.00, 'ดีมาก'),
(920, 919, 44.00, 54.00, 4.00, 'ดี'),
(859, 909, 3.00, 3.00, 3.00, 'น่าพอใจ'),
(860, 909, 4.00, 4.00, 4.00, 'ดี'),
(861, 909, 5.00, 5.00, 5.00, 'ดีมาก'),
(856, 909, 0.00, 0.00, 0.00, 'ไม่ผ่าน'),
(857, 909, 1.00, 1.00, 1.00, 'ต่ำกว่าเกณฑ์'),
(858, 909, 2.00, 2.00, 2.00, 'ผ่านเกณฑ์ขั้นต่ำ'),
(851, 908, 1.00, 1.00, 1.00, 'ต่ำกว่าเกณฑ์'),
(855, 908, 5.00, 5.00, 5.00, 'ดีมาก'),
(854, 908, 4.00, 4.00, 4.00, 'ดี'),
(853, 908, 3.00, 3.00, 3.00, 'น่าพอใจ'),
(852, 908, 2.00, 2.00, 2.00, 'ผ่านเกณฑ์ขั้นต่ำ'),
(850, 908, 0.00, 0.00, 0.00, 'ไม่ผ่าน'),
(849, 907, 5.00, 5.00, 5.00, 'ดีมาก'),
(848, 907, 4.00, 4.00, 4.00, 'ดี'),
(847, 907, 3.00, 3.00, 3.00, 'น่าพอใจ'),
(845, 907, 1.00, 1.00, 1.00, 'ต่ำกว่าเกณฑ์'),
(846, 907, 2.00, 2.00, 2.00, 'ผ่านเกณฑ์ขั้นต่ำ'),
(844, 907, 0.00, 0.00, 0.00, 'ไม่ผ่าน'),
(831, 904, 5.00, 5.00, 5.00, 'ดีมาก'),
(60, 37, 0.00, 4.00, 5.00, NULL),
(61, 37, 5.00, 6.00, 4.00, NULL),
(62, 37, 7.00, 8.00, 3.00, NULL),
(63, 37, 9.00, 10.00, 2.00, NULL),
(64, 37, 11.00, 12.00, 1.00, NULL),
(65, 37, 13.00, 14.00, 0.00, NULL),
(66, 38, 0.00, 2.00, 5.00, NULL),
(67, 38, 3.00, 3.00, 4.00, NULL),
(68, 38, 4.00, 4.00, 3.00, NULL),
(69, 38, 5.00, 5.00, 2.00, NULL),
(70, 38, 6.00, 6.00, 1.00, NULL),
(71, 38, 7.00, 999.00, 0.00, NULL),
(830, 904, 4.00, 4.00, 4.00, 'ดี'),
(829, 904, 3.00, 3.00, 3.00, 'น่าพอใจ'),
(828, 904, 2.00, 2.00, 2.00, 'ผ่านเกณฑ์ขั้นต่ำ'),
(827, 904, 1.00, 1.00, 1.00, 'ต่ำกว่าเกณฑ์'),
(826, 904, 0.00, 0.00, 0.00, 'ไม่ผ่าน'),
(825, 903, 9.00, 900.00, 5.00, 'ดีมาก'),
(824, 903, 7.20, 8.00, 4.00, 'ดี'),
(823, 903, 5.40, 6.20, 3.00, 'น่าพอใจ'),
(822, 903, 3.60, 4.40, 2.00, 'ผ่านเกณฑ์ขั้นต่ำ'),
(821, 903, 1.80, 2.60, 1.00, 'ต่ำกว่าเกณฑ์'),
(820, 903, 0.00, 0.80, 0.00, 'ไม่ผ่าน'),
(774, 893, 2.00, 2.00, 2.00, 'ผ่านเกณฑ์ขั้นต่ำ'),
(773, 893, 1.00, 1.00, 1.00, 'ต่ำกว่าเกณฑ์'),
(772, 893, 0.00, 0.00, 0.00, 'ไม่ผ่าน'),
(776, 893, 4.00, 4.00, 4.00, 'ดี'),
(775, 893, 3.00, 3.00, 3.00, 'น่าพอใจ'),
(779, 894, 8.00, 15.00, 1.00, 'ต่ำกว่าเกณฑ์'),
(778, 894, 0.00, 7.00, 0.00, 'ไม่ผ่าน'),
(777, 893, 5.00, 5.00, 5.00, 'ดีมาก'),
(781, 894, 24.00, 31.00, 3.00, 'น่าพอใจ'),
(780, 894, 16.00, 23.00, 2.00, 'ผ่านเกณฑ์ขั้นต่ำ'),
(783, 894, 40.00, 4000.00, 5.00, 'ดีมาก'),
(782, 894, 32.00, 39.00, 4.00, 'ดี'),
(787, 896, 1.00, 1.00, 1.00, 'ต่ำกว่าเกณฑ์'),
(786, 896, 0.00, 0.00, 0.00, 'ไม่ผ่าน'),
(785, 895, 5.00, 5.00, 5.00, 'ผ่าน'),
(784, 895, 0.00, 0.00, 0.00, 'ไม่ผ่าน'),
(789, 896, 3.00, 3.00, 3.00, 'น่าพอใจ'),
(788, 896, 2.00, 2.00, 2.00, 'ผ่านเกณฑ์ขั้นต่ำ'),
(792, 897, 0.00, 0.00, 0.00, 'ไม่ผ่าน'),
(791, 896, 5.00, 5.00, 5.00, 'ดีมาก'),
(790, 896, 4.00, 4.00, 4.00, 'ดี'),
(796, 898, 201.00, 300.00, 3.00, 'น่าพอใจ'),
(795, 898, 101.00, 200.00, 4.00, 'ดี'),
(794, 898, 0.00, 100.00, 5.00, 'ดีมาก'),
(793, 897, 5.00, 5.00, 5.00, 'ผ่าน'),
(798, 898, 401.00, 500.00, 1.00, 'ต่ำกว่าเกณฑ์'),
(797, 898, 301.00, 400.00, 2.00, 'ผ่านเกณฑ์ขั้นต่ำ'),
(814, 901, 2.00, 2.00, 2.00, 'ผ่านเกณฑ์ขั้นต่ำ'),
(799, 898, 501.00, 600.00, 0.00, 'ไม่ผ่าน'),
(813, 901, 1.00, 1.00, 1.00, 'ต่ำกว่าเกณฑ์'),
(812, 901, 0.00, 0.00, 0.00, 'ไม่ผ่าน'),
(811, 900, 100.00, 10000.00, 5.00, 'ดีมาก'),
(808, 900, 40.00, 59.00, 2.00, 'ผ่านเกณฑ์ขั้นต่ำ'),
(806, 900, 0.00, 19.00, 0.00, 'ไม่ผ่าน'),
(807, 900, 20.00, 39.00, 1.00, 'ต่ำกว่าเกณฑ์'),
(809, 900, 60.00, 79.00, 3.00, 'น่าพอใจ'),
(810, 900, 80.00, 99.00, 4.00, 'ดี'),
(816, 901, 4.00, 4.00, 4.00, 'ดี'),
(815, 901, 3.00, 3.00, 3.00, 'น่าพอใจ'),
(819, 902, 5.00, 5.00, 5.00, 'ผ่าน'),
(818, 902, 0.00, 0.00, 0.00, 'ไม่ผ่าน'),
(817, 901, 5.00, 5.00, 5.00, 'ดีมาก'),
(195, 622, 0.00, 2.00, 5.00, ''),
(196, 646, 0.00, 1.00, 5.00, ''),
(197, 646, 2.00, 2.00, 4.00, ''),
(198, 646, 3.00, 3.00, 3.00, ''),
(199, 646, 4.00, 4.00, 2.00, ''),
(200, 646, 5.00, 100.00, 0.00, ''),
(201, 647, 0.00, 1.00, 5.00, ''),
(202, 647, 2.00, 2.00, 2.00, ''),
(203, 647, 3.00, 100.00, 0.00, ''),
(204, 648, 0.00, 20.00, 0.00, ''),
(205, 648, 21.00, 40.00, 1.00, ''),
(206, 648, 41.00, 100.00, 5.00, ''),
(207, 649, 0.00, 1.00, 5.00, ''),
(208, 649, 2.00, 4.00, 2.00, ''),
(209, 649, 5.00, 100.00, 0.00, ''),
(210, 670, 0.00, 1.00, 5.00, ''),
(211, 670, 2.00, 4.00, 4.00, ''),
(212, 670, 5.00, 8.00, 3.00, ''),
(213, 670, 9.00, 10.00, 2.00, ''),
(214, 670, 11.00, 15.00, 1.00, ''),
(215, 670, 16.00, 100.00, 0.00, ''),
(216, 671, 0.00, 2.00, 5.00, ''),
(217, 671, 3.00, 4.00, 4.00, ''),
(218, 671, 5.00, 6.00, 3.00, ''),
(219, 671, 7.00, 8.00, 2.00, ''),
(220, 671, 9.00, 10.00, 1.00, ''),
(221, 671, 11.00, 100.00, 0.00, ''),
(227, 672, 70.00, 89.00, 4.00, ''),
(226, 672, 90.00, 100.00, 5.00, ''),
(228, 672, 60.00, 69.00, 3.00, ''),
(229, 672, 50.00, 59.00, 2.00, ''),
(230, 672, 40.00, 49.00, 1.00, ''),
(231, 672, 0.00, 39.00, 0.00, ''),
(232, 673, 0.00, 1.00, 5.00, ''),
(233, 673, 2.00, 3.00, 4.00, ''),
(234, 673, 4.00, 5.00, 3.00, ''),
(235, 673, 6.00, 7.00, 2.00, ''),
(236, 673, 8.00, 9.00, 1.00, ''),
(237, 673, 10.00, 100.00, 0.00, ''),
(238, 674, 0.00, 0.00, 5.00, ''),
(239, 674, 1.00, 1.00, 4.00, ''),
(240, 694, 0.00, 1.00, 5.00, ''),
(241, 694, 2.00, 3.00, 4.00, ''),
(242, 766, 0.00, 5.00, 5.00, ''),
(243, 766, 6.00, 7.00, 4.00, ''),
(244, 766, 8.00, 9.00, 3.00, ''),
(245, 766, 10.00, 12.00, 2.00, ''),
(246, 766, 13.00, 20.00, 1.00, ''),
(247, 766, 21.00, 100.00, 0.00, ''),
(248, 767, 0.00, 1.00, 1.00, ''),
(249, 767, 2.00, 2.00, 2.00, ''),
(250, 767, 4.00, 4.00, 4.00, ''),
(251, 767, 3.00, 3.00, 3.00, ''),
(252, 767, 5.00, 100.00, 5.00, ''),
(253, 768, 0.00, 5.00, 5.00, ''),
(254, 768, 6.00, 7.00, 4.00, ''),
(255, 768, 8.00, 10.00, 3.00, ''),
(256, 768, 11.00, 15.00, 2.00, ''),
(257, 768, 16.00, 20.00, 1.00, ''),
(258, 768, 21.00, 100.00, 0.00, ''),
(259, 769, 0.00, 3.00, 5.00, ''),
(260, 769, 4.00, 5.00, 4.00, ''),
(261, 769, 6.00, 7.00, 3.00, ''),
(262, 769, 8.00, 9.00, 2.00, ''),
(263, 769, 10.00, 15.00, 1.00, ''),
(264, 769, 16.00, 100.00, 0.00, ''),
(265, 770, 0.00, 3.00, 5.00, ''),
(266, 770, 4.00, 5.00, 4.00, ''),
(267, 770, 6.00, 7.00, 3.00, ''),
(268, 770, 8.00, 9.00, 2.00, ''),
(269, 770, 10.00, 12.00, 1.00, ''),
(270, 770, 13.00, 100.00, 0.00, ''),
(271, 771, 0.00, 3.00, 5.00, ''),
(272, 771, 4.00, 4.00, 4.00, ''),
(273, 771, 5.00, 5.00, 3.00, ''),
(274, 771, 6.00, 6.00, 2.00, ''),
(275, 771, 7.00, 9.00, 1.00, ''),
(276, 771, 10.00, 100.00, 0.00, ''),
(277, 772, 0.00, 1.00, 1.00, ''),
(278, 772, 2.00, 2.00, 2.00, ''),
(279, 772, 3.00, 3.00, 3.00, ''),
(280, 772, 4.00, 4.00, 4.00, ''),
(281, 772, 5.00, 100.00, 5.00, ''),
(282, 773, 0.00, 0.00, 5.00, ''),
(283, 773, 1.00, 100.00, 0.00, ''),
(284, 774, 0.00, 50.00, 5.00, ''),
(285, 774, 51.00, 60.00, 4.00, ''),
(286, 774, 61.00, 70.00, 3.00, ''),
(287, 774, 71.00, 80.00, 2.00, ''),
(288, 774, 81.00, 90.00, 1.00, ''),
(289, 774, 91.00, 100.00, 0.00, ''),
(290, 775, 0.00, 10.00, 5.00, ''),
(291, 775, 11.00, 12.00, 4.00, ''),
(292, 775, 13.00, 14.00, 3.00, ''),
(293, 775, 15.00, 17.00, 2.00, ''),
(294, 775, 18.00, 20.00, 1.00, ''),
(295, 775, 21.00, 100.00, 0.00, ''),
(296, 776, 95.00, 100.00, 5.00, ''),
(297, 776, 90.00, 94.00, 4.00, ''),
(298, 776, 85.00, 89.00, 3.00, ''),
(299, 776, 80.00, 84.00, 2.00, ''),
(300, 776, 75.00, 79.00, 1.00, ''),
(301, 776, 0.00, 74.00, 0.00, ''),
(302, 777, 70.00, 100.00, 5.00, ''),
(303, 777, 65.00, 69.00, 4.00, ''),
(304, 777, 60.00, 64.00, 3.00, ''),
(305, 777, 55.00, 59.00, 2.00, ''),
(306, 777, 50.00, 54.00, 1.00, ''),
(307, 777, 0.00, 49.00, 0.00, ''),
(308, 778, 90.00, 100.00, 5.00, ''),
(309, 778, 88.00, 89.00, 4.00, ''),
(310, 778, 86.00, 87.00, 3.00, ''),
(311, 778, 84.00, 85.00, 2.00, ''),
(312, 778, 80.00, 83.00, 1.00, ''),
(313, 778, 0.00, 79.00, 0.00, ''),
(314, 779, 100.00, 100.00, 5.00, ''),
(315, 779, 98.00, 99.00, 4.00, ''),
(316, 779, 96.00, 97.00, 3.00, ''),
(317, 779, 94.00, 95.00, 2.00, ''),
(318, 779, 91.00, 93.00, 1.00, ''),
(319, 779, 0.00, 90.00, 0.00, ''),
(320, 780, 98.00, 100.00, 5.00, ''),
(321, 780, 95.00, 97.00, 4.00, ''),
(322, 780, 93.00, 94.00, 3.00, ''),
(323, 780, 90.00, 92.00, 2.00, ''),
(324, 780, 87.00, 89.00, 1.00, ''),
(325, 780, 0.00, 86.00, 0.00, ''),
(326, 781, 0.00, 0.00, 5.00, ''),
(327, 781, 1.00, 1.00, 4.00, ''),
(328, 781, 2.00, 2.00, 3.00, ''),
(329, 781, 3.00, 3.00, 2.00, ''),
(330, 781, 4.00, 5.00, 1.00, ''),
(331, 781, 6.00, 100.00, 0.00, ''),
(332, 782, 95.00, 100.00, 5.00, ''),
(333, 782, 93.00, 94.00, 4.00, ''),
(334, 782, 90.00, 92.00, 3.00, ''),
(335, 782, 87.00, 89.00, 2.00, ''),
(336, 782, 85.00, 86.00, 1.00, ''),
(337, 782, 0.00, 84.00, 0.00, ''),
(338, 783, 0.00, 3.00, 5.00, ''),
(339, 783, 4.00, 5.00, 4.00, ''),
(340, 783, 6.00, 7.00, 3.00, ''),
(341, 783, 8.00, 9.00, 2.00, ''),
(342, 783, 10.00, 10.00, 1.00, ''),
(343, 783, 11.00, 100.00, 0.00, ''),
(344, 784, 1.00, 5.00, 5.00, ''),
(345, 784, 6.00, 6.00, 4.00, ''),
(346, 784, 7.00, 7.00, 3.00, ''),
(347, 784, 8.00, 8.00, 2.00, ''),
(348, 784, 9.00, 9.00, 1.00, ''),
(349, 784, 10.00, 100.00, 0.00, ''),
(350, 785, 0.00, 30.00, 5.00, ''),
(351, 785, 31.00, 32.00, 4.00, ''),
(352, 785, 33.00, 35.00, 3.00, ''),
(353, 785, 36.00, 37.00, 2.00, ''),
(354, 785, 38.00, 40.00, 1.00, ''),
(355, 785, 41.00, 100.00, 0.00, ''),
(356, 786, 30.00, 100.00, 5.00, ''),
(357, 786, 27.00, 29.00, 4.00, ''),
(358, 786, 25.00, 26.00, 3.00, ''),
(359, 786, 23.00, 24.00, 2.00, ''),
(360, 786, 20.00, 22.00, 1.00, ''),
(361, 786, 0.00, 19.00, 0.00, ''),
(362, 787, 10.00, 100.00, 5.00, ''),
(363, 787, 9.00, 9.00, 4.00, ''),
(364, 787, 8.00, 8.00, 3.00, ''),
(365, 787, 7.00, 7.00, 2.00, ''),
(366, 787, 6.00, 6.00, 1.00, ''),
(367, 787, 0.00, 5.00, 0.00, ''),
(368, 788, 90.00, 100.00, 5.00, ''),
(369, 788, 80.00, 89.00, 4.00, ''),
(370, 788, 0.00, 79.00, 0.00, ''),
(371, 789, 90.00, 100.00, 5.00, ''),
(372, 789, 0.00, 89.00, 0.00, ''),
(373, 795, 20.00, 100.00, 5.00, ''),
(374, 795, 15.00, 19.00, 4.00, ''),
(375, 795, 10.00, 14.00, 3.00, ''),
(376, 795, 7.00, 9.00, 2.00, ''),
(377, 795, 5.00, 6.00, 1.00, ''),
(378, 795, 0.00, 4.00, 0.00, ''),
(379, 796, 20.00, 100.00, 5.00, ''),
(380, 796, 17.00, 19.00, 4.00, ''),
(381, 796, 15.00, 16.00, 3.00, ''),
(382, 796, 13.00, 14.00, 2.00, ''),
(383, 796, 10.00, 12.00, 1.00, ''),
(384, 796, 0.00, 9.00, 0.00, ''),
(385, 797, 90.00, 100.00, 5.00, ''),
(386, 797, 85.00, 89.00, 4.00, ''),
(387, 797, 80.00, 84.00, 3.00, ''),
(388, 797, 75.00, 79.00, 2.00, ''),
(389, 797, 70.00, 74.00, 1.00, ''),
(390, 797, 0.00, 69.00, 0.00, ''),
(391, 798, 0.00, 10.00, 5.00, ''),
(392, 798, 11.00, 100.00, 0.00, ''),
(393, 799, 95.00, 100.00, 5.00, ''),
(394, 799, 90.00, 94.00, 4.00, ''),
(395, 799, 87.00, 89.00, 3.00, ''),
(396, 799, 85.00, 86.00, 2.00, ''),
(397, 799, 83.00, 34.00, 1.00, ''),
(398, 799, 0.00, 82.00, 0.00, ''),
(399, 800, 98.00, 100.00, 5.00, ''),
(400, 800, 95.00, 97.00, 4.00, ''),
(401, 800, 90.00, 94.00, 3.00, ''),
(402, 800, 86.00, 89.00, 2.00, ''),
(403, 800, 80.00, 85.00, 1.00, ''),
(404, 800, 0.00, 79.00, 0.00, ''),
(405, 801, 0.00, 3.00, 5.00, ''),
(406, 801, 4.00, 5.00, 4.00, ''),
(407, 801, 6.00, 7.00, 3.00, ''),
(408, 801, 8.00, 9.00, 2.00, ''),
(409, 801, 10.00, 11.00, 1.00, ''),
(410, 801, 12.00, 100.00, 0.00, ''),
(411, 802, 81.00, 100.00, 0.00, ''),
(412, 802, 71.00, 80.00, 1.00, ''),
(413, 802, 61.00, 70.00, 2.00, ''),
(414, 802, 51.00, 60.00, 3.00, ''),
(415, 802, 0.00, 40.00, 5.00, ''),
(416, 802, 41.00, 50.00, 4.00, ''),
(417, 803, 0.00, 5.00, 5.00, ''),
(418, 803, 7.00, 7.00, 3.00, ''),
(419, 803, 6.00, 6.00, 4.00, ''),
(420, 803, 8.00, 8.00, 2.00, ''),
(421, 803, 9.00, 9.00, 1.00, ''),
(422, 803, 10.00, 100.00, 0.00, ''),
(423, 804, 0.00, 3.00, 5.00, ''),
(424, 804, 4.00, 4.00, 4.00, ''),
(425, 804, 5.00, 5.00, 3.00, ''),
(426, 804, 6.00, 7.00, 2.00, ''),
(427, 804, 8.00, 9.00, 1.00, ''),
(428, 804, 10.00, 100.00, 0.00, ''),
(429, 805, 80.00, 100.00, 5.00, ''),
(430, 805, 70.00, 79.00, 4.00, ''),
(431, 805, 60.00, 69.00, 3.00, ''),
(432, 805, 50.00, 54.00, 1.00, ''),
(433, 805, 0.00, 49.00, 0.00, ''),
(434, 805, 55.00, 59.00, 2.00, ''),
(435, 806, 95.00, 100.00, 5.00, ''),
(436, 806, 90.00, 94.00, 4.00, ''),
(437, 806, 85.00, 89.00, 3.00, ''),
(438, 806, 80.00, 84.00, 2.00, ''),
(439, 806, 70.00, 79.00, 1.00, ''),
(440, 806, 0.00, 69.00, 0.00, ''),
(441, 807, 0.00, 5.00, 5.00, ''),
(442, 807, 6.00, 6.00, 4.00, ''),
(443, 807, 7.00, 7.00, 3.00, ''),
(444, 807, 8.00, 8.00, 2.00, ''),
(445, 807, 9.00, 10.00, 1.00, ''),
(446, 807, 11.00, 100.00, 0.00, ''),
(447, 808, 5.00, 100.00, 5.00, ''),
(448, 808, 4.00, 4.00, 4.00, ''),
(449, 808, 3.00, 3.00, 3.00, ''),
(450, 808, 2.00, 2.00, 2.00, ''),
(451, 808, 0.00, 1.00, 1.00, ''),
(452, 809, 98.00, 100.00, 5.00, ''),
(453, 809, 95.00, 57.00, 4.00, ''),
(454, 809, 93.00, 94.00, 3.00, ''),
(455, 809, 90.00, 92.00, 2.00, ''),
(456, 809, 86.00, 89.00, 1.00, ''),
(457, 809, 0.00, 85.00, 0.00, ''),
(458, 810, 0.00, 4.00, 0.00, ''),
(459, 810, 5.00, 100.00, 5.00, ''),
(460, 811, 60.00, 100.00, 5.00, ''),
(461, 811, 55.00, 59.00, 4.00, ''),
(462, 811, 50.00, 54.00, 3.00, ''),
(463, 811, 45.00, 49.00, 2.00, ''),
(464, 811, 40.00, 44.00, 1.00, ''),
(465, 811, 0.00, 39.00, 0.00, ''),
(466, 812, 10.00, 100.00, 5.00, ''),
(467, 812, 8.00, 9.00, 4.00, ''),
(468, 812, 6.00, 6.00, 2.00, ''),
(469, 812, 5.00, 5.00, 1.00, ''),
(470, 812, 0.00, 4.00, 0.00, ''),
(471, 812, 7.00, 8.00, 3.00, ''),
(472, 813, 1.00, 5.00, 5.00, ''),
(473, 813, 6.00, 6.00, 4.00, ''),
(474, 813, 7.00, 7.00, 3.00, ''),
(475, 813, 8.00, 8.00, 2.00, ''),
(476, 813, 9.00, 10.00, 1.00, ''),
(477, 813, 11.00, 100.00, 0.00, ''),
(482, 814, 1.00, 1.00, 5.00, ''),
(481, 814, 0.00, 0.00, 0.00, ''),
(484, 815, 0.00, 0.00, 0.00, 'adfadfa'),
(485, 815, 1.00, 1.00, 5.00, 'dfdfd'),
(486, 816, 1.00, 1.00, 5.00, ''),
(487, 816, 0.00, 0.00, 0.00, ''),
(499, 842, 1.00, 1.00, 1.00, 'ต่ำกว่าเกณฑ์'),
(498, 842, 0.00, 0.00, 0.00, 'ไม่ผ่าน'),
(497, 837, 2.00, 2.00, 2.00, 'ผ่านเกณฑ์ขั้นต่ำ'),
(496, 837, 0.00, 0.00, 0.00, 'ไม่ผ่าน'),
(495, 835, 0.00, 0.00, 0.00, 'ไม่ผ่าน'),
(494, 1000, 0.00, 0.00, 0.00, 'ไม่ผ่าน'),
(500, 842, 2.00, 2.00, 2.00, 'ผ่านเกณฑ์ขั้นต่ำ'),
(501, 842, 3.00, 3.00, 3.00, 'น่าพอใจ'),
(502, 842, 4.00, 4.00, 4.00, 'ดี'),
(503, 842, 5.00, 5.00, 5.00, 'ดีมาก'),
(504, 843, 0.00, 0.00, 0.00, 'ไม่ผ่าน'),
(505, 843, 1.00, 1.00, 1.00, 'ต่ำกว่าเกณฑ์'),
(506, 843, 2.00, 2.00, 2.00, 'ผ่านเกณฑ์ขั้นต่ำ'),
(507, 843, 3.00, 3.00, 3.00, 'น่าพอใจ'),
(508, 843, 4.00, 4.00, 4.00, 'ดี'),
(509, 843, 5.00, 5.00, 5.00, 'ดีมาก'),
(510, 844, 0.00, 0.00, 0.00, 'ไม่ผ่าน'),
(511, 844, 1.00, 1.00, 1.00, 'ต่ำกว่าเกณฑ์'),
(512, 844, 2.00, 2.00, 2.00, 'ผ่านเกณฑ์ขั้นต่ำ'),
(513, 844, 3.00, 3.00, 3.00, 'น่าพอใจ'),
(514, 844, 4.00, 4.00, 4.00, 'ดี'),
(515, 844, 5.00, 5.00, 5.00, 'ดีมาก'),
(516, 845, 0.00, 0.00, 0.00, 'ไม่ผ่าน'),
(517, 846, 0.00, 0.00, 0.00, 'ไม่ผ่าน'),
(518, 848, 0.00, 0.00, 0.00, 'ไม่ผ่าน'),
(519, 848, 1.00, 1.00, 1.00, 'ต่ำกว่าเกณฑ์'),
(520, 848, 2.00, 2.00, 2.00, 'ผ่านเกณฑ์ขั้นต่ำ'),
(521, 848, 3.00, 3.00, 3.00, 'น่าพอใจ'),
(522, 848, 4.00, 4.00, 4.00, 'ดี'),
(523, 848, 5.00, 5.00, 5.00, 'ดีมาก'),
(524, 849, 0.00, 0.00, 0.00, 'ไม่ผ่าน'),
(525, 849, 5.00, 5.00, 5.00, 'ผ่าน'),
(526, 850, 0.00, 0.00, 0.00, 'ไม่ผ่าน'),
(527, 850, 5.00, 5.00, 5.00, 'ผ่าน'),
(528, 851, 0.00, 0.00, 0.00, 'ไม่ผ่าน'),
(529, 851, 1.00, 1.00, 1.00, 'ต่ำกว่าเกณฑ์'),
(530, 851, 2.00, 2.00, 2.00, 'ผ่านเกณฑ์ขั้นต่ำ'),
(531, 851, 3.00, 3.00, 3.00, 'น่าพอใจ'),
(532, 851, 4.00, 4.00, 4.00, 'ดี'),
(533, 851, 5.00, 5.00, 5.00, 'ดีมาก'),
(534, 852, 0.00, 0.00, 0.00, 'ไม่ผ่าน'),
(535, 852, 1.00, 1.00, 1.00, 'ต่ำกว่าเกณฑ์'),
(536, 852, 2.00, 2.00, 2.00, 'ผ่านเกณฑ์ขั้นต่ำ'),
(537, 852, 3.00, 3.00, 3.00, 'น่าพอใจ'),
(538, 852, 4.00, 4.00, 4.00, 'ดี'),
(539, 852, 5.00, 5.00, 5.00, 'ดีมาก'),
(540, 853, 0.00, 0.00, 0.00, 'ไม่ผ่าน'),
(541, 853, 0.00, 0.00, 1.00, 'ต่ำกว่าเกณฑ์'),
(542, 853, 0.00, 0.00, 2.00, 'ผ่านเกณฑ์ขั้นต่ำ'),
(543, 853, 0.00, 0.00, 3.00, 'น่าพอใจ'),
(544, 853, 0.00, 0.00, 4.00, 'ดี'),
(545, 853, 0.00, 0.00, 5.00, 'ดีมาก'),
(546, 854, 0.00, 0.00, 0.00, 'ไม่ผ่าน'),
(547, 854, 0.00, 0.00, 1.00, 'ต่ำกว่าเกณฑ์'),
(548, 854, 0.00, 0.00, 2.00, 'ผ่านเกณฑ์ขั้นต่ำ'),
(549, 854, 0.00, 0.00, 3.00, 'น่าพอใจ'),
(550, 854, 0.00, 0.00, 4.00, 'ดี'),
(551, 854, 0.00, 0.00, 5.00, 'ดีมาก'),
(552, 855, 0.00, 179999.00, 0.00, 'ไม่ผ่าน'),
(553, 855, 180000.00, 359999.00, 1.00, 'ต่ำกว่าเกณฑ์'),
(554, 855, 360000.00, 539999.00, 2.00, 'ผ่านเกณฑ์ขั้นต่ำ'),
(555, 855, 540000.00, 719999.00, 3.00, 'น่าพอใจ'),
(556, 855, 540001.00, 899999.00, 4.00, 'ดี'),
(557, 855, 900000.00, 90000000.00, 5.00, 'ดีมาก'),
(558, 856, 0.00, 179999.00, 5.00, 'ดีมาก'),
(559, 856, 180000.00, 359999.00, 4.00, 'ดี'),
(560, 856, 360000.00, 539999.00, 3.00, 'น่าพอใจ'),
(561, 856, 540000.00, 719999.00, 2.00, 'ผ่านเกณฑ์ขั้นต่ำ'),
(562, 856, 540001.00, 899999.00, 1.00, 'ต่ำกว่าเกณฑ์'),
(563, 856, 900000.00, 90000000.00, 0.00, 'ไม่ผ่าน'),
(564, 857, 0.00, 179999.00, 0.00, 'ไม่ผ่าน'),
(565, 857, 180000.00, 359999.00, 1.00, 'ต่ำกว่าเกณฑ์'),
(566, 857, 360000.00, 539999.00, 2.00, 'ผ่านเกณฑ์ขั้นต่ำ'),
(567, 857, 540000.00, 719999.00, 3.00, 'น่าพอใจ'),
(568, 857, 540001.00, 899999.00, 4.00, 'ดี'),
(569, 857, 900000.00, 90000000.00, 5.00, 'ดีมาก'),
(570, 858, 0.00, 179999.00, 5.00, 'ดีมาก'),
(571, 858, 180000.00, 359999.00, 4.00, 'ดี'),
(572, 858, 360000.00, 539999.00, 3.00, 'น่าพอใจ'),
(573, 858, 540000.00, 719999.00, 2.00, 'ผ่านเกณฑ์ขั้นต่ำ'),
(574, 858, 540001.00, 899999.00, 1.00, 'ต่ำกว่าเกณฑ์'),
(575, 858, 900000.00, 90000000.00, 0.00, 'ไม่ผ่าน'),
(576, 859, 0.00, -1.00, 5.00, 'ดีมาก'),
(577, 859, 0.00, -2.00, 4.00, 'ดี'),
(578, 859, -1.00, -3.00, 3.00, 'น่าพอใจ'),
(579, 859, -2.00, -4.00, 2.00, 'ผ่านเกณฑ์ขั้นต่ำ'),
(580, 859, -1.00, -5.00, 1.00, 'ต่ำกว่าเกณฑ์'),
(581, 859, -4.00, 0.00, 0.00, 'ไม่ผ่าน'),
(582, 860, 0.00, -0.40, 0.00, 'ไม่ผ่าน'),
(583, 860, 0.60, 0.20, 1.00, 'ต่ำกว่าเกณฑ์'),
(584, 860, 1.20, 0.80, 2.00, 'ผ่านเกณฑ์ขั้นต่ำ'),
(585, 860, 1.80, 1.40, 3.00, 'น่าพอใจ'),
(586, 860, 2.80, 2.00, 4.00, 'ดี'),
(587, 860, 3.00, 300.00, 5.00, 'ดีมาก'),
(588, 861, 0.00, -1.00, 5.00, 'ดีมาก'),
(589, 861, 0.00, -1.00, 4.00, 'ดี'),
(590, 861, 0.00, -1.00, 3.00, 'น่าพอใจ'),
(591, 861, 0.00, -1.00, 2.00, 'ผ่านเกณฑ์ขั้นต่ำ'),
(592, 861, 1.00, -1.00, 1.00, 'ต่ำกว่าเกณฑ์'),
(593, 861, 0.00, 0.00, 0.00, 'ไม่ผ่าน'),
(594, 862, 0.00, -1.00, 0.00, 'ไม่ผ่าน'),
(595, 862, 0.00, -1.00, 1.00, 'ต่ำกว่าเกณฑ์'),
(596, 862, 0.00, -1.00, 2.00, 'ผ่านเกณฑ์ขั้นต่ำ'),
(597, 862, 0.00, -1.00, 3.00, 'น่าพอใจ'),
(598, 862, 1.00, -1.00, 4.00, 'ดี'),
(599, 862, 0.00, 0.00, 5.00, 'ดีมาก'),
(600, 863, 0.00, -1.00, 5.00, 'ดีมาก'),
(601, 863, 0.00, -1.00, 4.00, 'ดี'),
(602, 863, 0.00, -1.00, 3.00, 'น่าพอใจ'),
(603, 863, 0.00, -1.00, 2.00, 'ผ่านเกณฑ์ขั้นต่ำ'),
(604, 863, 1.00, -1.00, 1.00, 'ต่ำกว่าเกณฑ์'),
(605, 863, 0.00, 0.00, 0.00, 'ไม่ผ่าน'),
(606, 864, 0.00, -1.00, 5.00, 'ดีมาก'),
(607, 864, 0.00, -1.00, 4.00, 'ดี'),
(608, 864, 0.00, -1.00, 3.00, 'น่าพอใจ'),
(609, 864, 0.00, -1.00, 2.00, 'ผ่านเกณฑ์ขั้นต่ำ'),
(610, 864, 1.00, 0.00, 1.00, 'ต่ำกว่าเกณฑ์'),
(611, 864, 1.00, 1.00, 0.00, 'ไม่ผ่าน'),
(612, 865, 0.00, 17776.60, 0.00, 'ไม่ผ่าน'),
(613, 865, 17777.60, 35554.20, 1.00, 'ต่ำกว่าเกณฑ์'),
(614, 865, 35555.20, 53331.80, 2.00, 'ผ่านเกณฑ์ขั้นต่ำ'),
(615, 865, 53332.80, 71109.40, 3.00, 'น่าพอใจ'),
(616, 865, 53333.80, 88887.00, 4.00, 'ดี'),
(617, 865, 88888.00, 8888800.00, 5.00, 'ดีมาก'),
(926, 920, 4.00, 4.00, 4.00, 'ดี'),
(927, 920, 5.00, 5.00, 5.00, 'ดีมาก'),
(925, 920, 3.00, 3.00, 3.00, 'น่าพอใจ'),
(709, 881, 7.25, 307.25, 0.00, 'ไม่ผ่าน'),
(708, 881, 4.84, 7.24, 1.00, 'ต่ำกว่าเกณฑ์'),
(704, 881, 0.00, 3.00, 5.00, 'ดีมาก'),
(705, 881, 3.01, 3.61, 4.00, 'ดี'),
(706, 881, 3.62, 4.82, 3.00, 'น่าพอใจ'),
(707, 881, 4.83, 6.63, 2.00, 'ผ่านเกณฑ์ขั้นต่ำ'),
(630, 868, 0.00, -1.00, 5.00, 'ดีมาก'),
(631, 868, 0.00, -1.00, 4.00, 'ดี'),
(632, 868, 0.00, -1.00, 3.00, 'น่าพอใจ'),
(633, 868, 0.00, -1.00, 2.00, 'ผ่านเกณฑ์ขั้นต่ำ'),
(634, 868, 1.00, 0.00, 1.00, 'ต่ำกว่าเกณฑ์'),
(635, 868, 1.00, 1.00, 0.00, 'ไม่ผ่าน'),
(636, 869, 0.00, 0.00, 5.00, 'ดีมาก'),
(637, 869, 1.00, 1.00, 4.00, 'ดี'),
(638, 869, 2.00, 2.00, 3.00, 'น่าพอใจ'),
(639, 869, 3.00, 3.00, 2.00, 'ผ่านเกณฑ์ขั้นต่ำ'),
(640, 869, 4.00, 4.00, 1.00, 'ต่ำกว่าเกณฑ์'),
(641, 869, 5.00, 5.00, 0.00, 'ไม่ผ่าน'),
(642, 870, 0.00, 6.00, 5.00, 'ดีมาก'),
(643, 870, 7.00, 9.00, 4.00, 'ดี'),
(644, 870, 10.00, 13.00, 3.00, 'น่าพอใจ'),
(645, 870, 14.00, 18.00, 2.00, 'ผ่านเกณฑ์ขั้นต่ำ'),
(646, 870, 15.00, 20.00, 1.00, 'ต่ำกว่าเกณฑ์'),
(647, 870, 21.00, 521.00, 0.00, 'ไม่ผ่าน'),
(932, 921, 4.00, 4.00, 4.00, 'ดี'),
(929, 921, 1.00, 1.00, 1.00, 'ต่ำกว่าเกณฑ์'),
(930, 921, 2.00, 2.00, 2.00, 'ผ่านเกณฑ์ขั้นต่ำ'),
(931, 921, 3.00, 3.00, 3.00, 'น่าพอใจ'),
(654, 872, 0.00, 3.00, 0.00, 'ไม่ผ่าน'),
(655, 872, 4.00, 7.00, 1.00, 'ต่ำกว่าเกณฑ์'),
(656, 872, 8.00, 11.00, 2.00, 'ผ่านเกณฑ์ขั้นต่ำ'),
(657, 872, 12.00, 15.00, 3.00, 'น่าพอใจ'),
(658, 872, 13.00, 19.00, 4.00, 'ดี'),
(659, 872, 20.00, 2000.00, 5.00, 'ดีมาก'),
(660, 873, 0.00, 9.00, 0.00, 'ไม่ผ่าน'),
(661, 873, 10.00, 19.00, 1.00, 'ต่ำกว่าเกณฑ์'),
(662, 873, 20.00, 29.00, 2.00, 'ผ่านเกณฑ์ขั้นต่ำ'),
(663, 873, 30.00, 39.00, 3.00, 'น่าพอใจ'),
(664, 873, 31.00, 49.00, 4.00, 'ดี'),
(665, 873, 50.00, 5000.00, 5.00, 'ดีมาก'),
(935, 922, 1.00, 1.00, 1.00, 'ต่ำกว่าเกณฑ์'),
(934, 922, 0.00, 0.00, 0.00, 'ไม่ผ่าน'),
(933, 921, 5.00, 5.00, 5.00, 'ดีมาก'),
(924, 920, 2.00, 2.00, 2.00, 'ผ่านเกณฑ์ขั้นต่ำ'),
(764, 891, 0.00, 0.00, 0.00, 'ไม่ผ่าน'),
(765, 891, 1.00, 1.00, 1.00, 'ต่ำกว่าเกณฑ์'),
(766, 891, 2.00, 2.00, 2.00, 'ผ่านเกณฑ์ขั้นต่ำ'),
(767, 891, 3.00, 3.00, 3.00, 'น่าพอใจ'),
(768, 891, 4.00, 4.00, 4.00, 'ดี'),
(769, 891, 5.00, 5.00, 5.00, 'ดีมาก'),
(928, 921, 0.00, 0.00, 0.00, 'ไม่ผ่าน'),
(919, 919, 33.00, 43.00, 3.00, 'น่าพอใจ'),
(918, 919, 22.00, 32.00, 2.00, 'ผ่านเกณฑ์ขั้นต่ำ'),
(917, 919, 11.00, 21.00, 1.00, 'ต่ำกว่าเกณฑ์'),
(916, 919, 0.00, 10.00, 0.00, 'ไม่ผ่าน'),
(915, 918, 5.00, 5.00, 5.00, 'ดีมาก'),
(913, 918, 3.00, 3.00, 3.00, 'น่าพอใจ'),
(914, 918, 4.00, 4.00, 4.00, 'ดี'),
(910, 918, 0.00, 0.00, 0.00, 'ไม่ผ่าน'),
(911, 918, 1.00, 1.00, 1.00, 'ต่ำกว่าเกณฑ์'),
(912, 918, 2.00, 2.00, 2.00, 'ผ่านเกณฑ์ขั้นต่ำ'),
(936, 922, 2.00, 2.00, 2.00, 'ผ่านเกณฑ์ขั้นต่ำ'),
(937, 922, 3.00, 3.00, 3.00, 'น่าพอใจ'),
(938, 922, 4.00, 4.00, 4.00, 'ดี'),
(939, 922, 5.00, 5.00, 5.00, 'ดีมาก'),
(1012, 935, 4.00, 4.00, 4.00, 'ดี'),
(1011, 935, 3.00, 3.00, 3.00, 'น่าพอใจ'),
(1010, 935, 2.00, 2.00, 2.00, 'ผ่านเกณฑ์ขั้นต่ำ'),
(1009, 935, 1.00, 1.00, 1.00, 'ต่ำกว่าเกณฑ์'),
(1008, 935, 0.00, 0.00, 0.00, 'ไม่ผ่าน'),
(946, 924, 0.00, 0.00, 0.00, 'ไม่ผ่าน'),
(947, 924, 1.00, 1.00, 1.00, 'ต่ำกว่าเกณฑ์'),
(948, 924, 2.00, 2.00, 2.00, 'ผ่านเกณฑ์ขั้นต่ำ'),
(949, 924, 3.00, 3.00, 3.00, 'น่าพอใจ'),
(950, 924, 4.00, 4.00, 4.00, 'ดี'),
(951, 924, 5.00, 5.00, 5.00, 'ดีมาก'),
(952, 925, 0.00, 0.00, 0.00, 'ไม่ผ่าน'),
(953, 925, 1.00, 1.00, 1.00, 'ต่ำกว่าเกณฑ์'),
(954, 925, 2.00, 2.00, 2.00, 'ผ่านเกณฑ์ขั้นต่ำ'),
(955, 925, 3.00, 3.00, 3.00, 'น่าพอใจ'),
(956, 925, 4.00, 4.00, 4.00, 'ดี'),
(957, 925, 5.00, 5.00, 5.00, 'ดีมาก'),
(958, 926, 0.00, 0.00, 0.00, 'ไม่ผ่าน'),
(959, 926, 1.00, 1.00, 1.00, 'ต่ำกว่าเกณฑ์'),
(960, 926, 2.00, 2.00, 2.00, 'ผ่านเกณฑ์ขั้นต่ำ'),
(961, 926, 3.00, 3.00, 3.00, 'น่าพอใจ'),
(962, 926, 4.00, 4.00, 4.00, 'ดี'),
(963, 926, 5.00, 5.00, 5.00, 'ดีมาก'),
(964, 927, 0.00, 0.00, 0.00, 'ไม่ผ่าน'),
(965, 927, 1.00, 1.00, 1.00, 'ต่ำกว่าเกณฑ์'),
(966, 927, 2.00, 2.00, 2.00, 'ผ่านเกณฑ์ขั้นต่ำ'),
(967, 927, 3.00, 3.00, 3.00, 'น่าพอใจ'),
(968, 927, 4.00, 4.00, 4.00, 'ดี'),
(969, 927, 5.00, 5.00, 5.00, 'ดีมาก'),
(970, 928, 0.00, 0.00, 0.00, 'ไม่ผ่าน'),
(971, 928, 1.00, 1.00, 1.00, 'ต่ำกว่าเกณฑ์'),
(972, 928, 2.00, 2.00, 2.00, 'ผ่านเกณฑ์ขั้นต่ำ'),
(973, 928, 3.00, 3.00, 3.00, 'น่าพอใจ'),
(974, 928, 4.00, 4.00, 4.00, 'ดี'),
(975, 928, 5.00, 5.00, 5.00, 'ดีมาก'),
(976, 929, 0.00, 0.00, 0.00, 'ไม่ผ่าน'),
(977, 929, 1.00, 1.00, 1.00, 'ต่ำกว่าเกณฑ์'),
(978, 929, 2.00, 2.00, 2.00, 'ผ่านเกณฑ์ขั้นต่ำ'),
(979, 929, 3.00, 3.00, 3.00, 'น่าพอใจ'),
(980, 929, 4.00, 4.00, 4.00, 'ดี'),
(981, 929, 5.00, 5.00, 5.00, 'ดีมาก'),
(982, 930, 0.00, 0.00, 0.00, 'ไม่ผ่าน'),
(983, 930, 1.00, 1.00, 1.00, 'ต่ำกว่าเกณฑ์'),
(984, 930, 2.00, 2.00, 2.00, 'ผ่านเกณฑ์ขั้นต่ำ'),
(985, 930, 3.00, 3.00, 3.00, 'น่าพอใจ'),
(986, 930, 4.00, 4.00, 4.00, 'ดี'),
(987, 930, 5.00, 5.00, 5.00, 'ดีมาก'),
(988, 931, 0.00, 0.00, 0.00, 'ไม่ผ่าน'),
(989, 931, 1.00, 1.00, 1.00, 'ต่ำกว่าเกณฑ์'),
(990, 931, 2.00, 2.00, 2.00, 'ผ่านเกณฑ์ขั้นต่ำ'),
(991, 931, 3.00, 3.00, 3.00, 'น่าพอใจ'),
(992, 931, 4.00, 4.00, 4.00, 'ดี'),
(993, 931, 5.00, 5.00, 5.00, 'ดีมาก'),
(994, 932, 0.00, 0.00, 0.00, 'ไม่ผ่าน'),
(995, 932, 5.00, 5.00, 5.00, 'ผ่าน'),
(1020, 937, 0.00, 0.00, 0.00, 'ไม่ผ่าน'),
(1019, 936, 5.00, 5.00, 5.00, 'ดีมาก'),
(1018, 936, 4.00, 4.00, 4.00, 'ดี'),
(1017, 936, 3.00, 3.00, 3.00, 'น่าพอใจ'),
(1013, 935, 5.00, 5.00, 5.00, 'ดีมาก'),
(1014, 936, 0.00, 0.00, 0.00, 'ไม่ผ่าน'),
(1015, 936, 1.00, 1.00, 1.00, 'ต่ำกว่าเกณฑ์'),
(1016, 936, 2.00, 2.00, 2.00, 'ผ่านเกณฑ์ขั้นต่ำ'),
(1021, 937, 1.00, 1.00, 1.00, 'ต่ำกว่าเกณฑ์'),
(1022, 937, 2.00, 2.00, 2.00, 'ผ่านเกณฑ์ขั้นต่ำ'),
(1023, 937, 3.00, 3.00, 3.00, 'น่าพอใจ'),
(1024, 937, 4.00, 4.00, 4.00, 'ดี'),
(1025, 937, 5.00, 5.00, 5.00, 'ดีมาก'),
(1026, 938, 0.00, 7999.00, 0.00, 'ไม่ผ่าน'),
(1027, 938, 8000.00, 15999.00, 1.00, 'ต่ำกว่าเกณฑ์'),
(1028, 938, 16000.00, 23999.00, 2.00, 'ผ่านเกณฑ์ขั้นต่ำ'),
(1029, 938, 24000.00, 31999.00, 3.00, 'น่าพอใจ'),
(1030, 938, 32000.00, 39999.00, 4.00, 'ดี'),
(1031, 938, 40000.00, 4000000.00, 5.00, 'ดีมาก'),
(1032, 939, 0.00, 0.00, 0.00, 'ไม่ผ่าน'),
(1033, 939, 5.00, 5.00, 5.00, 'ผ่าน'),
(1034, 940, 0.00, 7999.00, 0.00, 'ไม่ผ่าน'),
(1035, 940, 8000.00, 15999.00, 1.00, 'ต่ำกว่าเกณฑ์'),
(1036, 940, 16000.00, 23999.00, 2.00, 'ผ่านเกณฑ์ขั้นต่ำ'),
(1037, 940, 24000.00, 31999.00, 3.00, 'น่าพอใจ'),
(1038, 940, 32000.00, 39999.00, 4.00, 'ดี'),
(1039, 940, 40000.00, 4000000.00, 5.00, 'ดีมาก');

-- --------------------------------------------------------

--
-- Table structure for table `department`
--

CREATE TABLE `department` (
  `department_id` int(11) NOT NULL,
  `department_code` varchar(255) DEFAULT NULL,
  `department_name` varchar(255) DEFAULT NULL,
  `department_detail` varchar(255) DEFAULT NULL,
  `admin_id` int(11) DEFAULT NULL
) ENGINE=MyISAM DEFAULT CHARSET=utf8;

--
-- Dumping data for table `department`
--

INSERT INTO `department` (`department_id`, `department_code`, `department_name`, `department_detail`, `admin_id`) VALUES
(9, 'AC001', 'ฝ่ายบัญชีการเงิน', 'ฝ่ายบัญชีการเงิน', 198),
(13, NULL, 'ฝ่ายบุคคล', 'ฝ่ายบุคคล', 198),
(12, NULL, 'ฝ่ายไอที', 'ฝ่ายไอที', 198),
(11, NULL, 'ฝ่ายการตลาด', 'ฝ่ายการตลาด', 198),
(14, NULL, 'แผนกโลจิสติกส์', 'แผนกโลจิสติกส์', 198),
(15, NULL, 'แผนกจัดซื้อ', 'แผนกจัดซื้อ', 198),
(236, NULL, 'แผนกจัดซื้อ', 'แผนกจัดซื้อ', 197),
(235, NULL, 'แผนกโลจิสติกส์', 'แผนกโลจิสติกส์', 197),
(234, NULL, 'ฝ่ายการตลาด', 'ฝ่ายการตลาด', 197),
(233, NULL, 'ฝ่ายไอที', 'ฝ่ายไอที', 197),
(232, NULL, 'ฝ่ายบุคคล', 'ฝ่ายบุคคล', 197),
(231, NULL, 'ฝ่ายบัญชีการเงิน', 'ฝ่ายบัญชีการเงิน', 197),
(237, 'ACC', 'ฝ่ายบัญชี', '-', 199),
(238, 'FD', 'ฝ่ายการเงิน', 'แผนกการเงินรับ-จ่าย', 199),
(239, 'SA', 'ฝ่ายขาย', '-', 199),
(240, 'MK', 'ฝ่ายการตลาด', '', 199),
(241, 'PO', 'ฝ่ายจัดซื้อ', 'ภายในประทเศ', 199),
(246, 'HR', 'ฝ่ายบุคคล', '', 199),
(248, '001', 'การขาย', '', 203),
(249, '', 'การขาย', '', 1),
(250, '002', 'การตลาด', '', 1),
(257, '', 'การขาย', '', 205),
(258, '', 'การตลาด', '', 212),
(259, '', 'การขาย', '', 0),
(260, 'D001', 'ฝ่ายเงิน', 'ฝ่ายการเงิน', 213),
(261, 'D002', 'ฝ่ายตลาด', 'ฝ่ายการตลาด', 213),
(262, 'D003', 'ฝ่ายบัญชี', 'ฝ่ายบัญชี', 213),
(263, 'D004', 'ฝ่ายไอที', 'ฝ่ายไอที', 213),
(264, 'D001', 'ฝ่ายเงิน', 'ฝ่ายการเงิน', 214),
(265, 'D002', 'ฝ่ายตลาด', 'ฝ่ายการตลาด', 214),
(266, 'D003', 'ฝ่ายบัญชี', 'ฝ่ายบัญชี', 214),
(267, 'D004', 'ฝ่ายไอที', 'ฝ่ายไอที', 214),
(268, 'D001', 'ฝ่ายเงิน', 'ฝ่ายการเงิน', 215),
(269, 'D002', 'ฝ่ายตลาด', 'ฝ่ายการตลาด', 215),
(270, 'D003', 'ฝ่ายบัญชี', 'ฝ่ายบัญชี', 215),
(271, 'D004', 'ฝ่ายไอที', 'ฝ่ายไอที', 215),
(272, 'D001', 'ฝ่ายเงิน', 'ฝ่ายการเงิน', 216),
(273, 'D002', 'ฝ่ายตลาด', 'ฝ่ายการตลาด', 216),
(274, 'D003', 'ฝ่ายบัญชี', 'ฝ่ายบัญชี', 216),
(275, 'D004', 'ฝ่ายไอที', 'ฝ่ายไอที', 216);

-- --------------------------------------------------------

--
-- Table structure for table `employee`
--

CREATE TABLE `employee` (
  `emp_id` int(11) NOT NULL,
  `emp_user` varchar(255) DEFAULT NULL,
  `emp_pass` varchar(255) DEFAULT NULL,
  `emp_picture_thum` varchar(255) DEFAULT NULL,
  `emp_picture` varchar(255) DEFAULT NULL,
  `emp_tel` varchar(255) DEFAULT NULL,
  `emp_age` int(11) DEFAULT NULL,
  `emp_name` varchar(255) DEFAULT NULL,
  `emp_email` varchar(255) DEFAULT NULL,
  `emp_other` varchar(255) DEFAULT NULL,
  `position_id` varchar(255) DEFAULT NULL,
  `department_id` varchar(11) DEFAULT NULL,
  `admin_id` int(11) DEFAULT NULL,
  `emp_date_of_birth` date DEFAULT NULL,
  `emp_age_working` date DEFAULT NULL,
  `emp_last_name` varchar(255) DEFAULT NULL,
  `emp_first_name` varchar(255) DEFAULT NULL,
  `emp_status` varchar(255) DEFAULT NULL,
  `emp_mobile` varchar(255) DEFAULT NULL,
  `emp_adress` varchar(255) DEFAULT NULL,
  `emp_district` varchar(255) DEFAULT NULL,
  `emp_sub_district` varchar(255) DEFAULT NULL,
  `emp_province` varchar(255) DEFAULT NULL,
  `emp_postcode` varchar(255) DEFAULT NULL,
  `emp_status_work_id` int(255) DEFAULT NULL,
  `emp_code` varchar(255) DEFAULT NULL,
  `role_id` int(11) DEFAULT NULL,
  `position2` varchar(255) DEFAULT NULL
) ENGINE=MyISAM DEFAULT CHARSET=utf8;

--
-- Dumping data for table `employee`
--

INSERT INTO `employee` (`emp_id`, `emp_user`, `emp_pass`, `emp_picture_thum`, `emp_picture`, `emp_tel`, `emp_age`, `emp_name`, `emp_email`, `emp_other`, `position_id`, `department_id`, `admin_id`, `emp_date_of_birth`, `emp_age_working`, `emp_last_name`, `emp_first_name`, `emp_status`, `emp_mobile`, `emp_adress`, `emp_district`, `emp_sub_district`, `emp_province`, `emp_postcode`, `emp_status_work_id`, `emp_code`, `role_id`, `position2`) VALUES
(1, 'emp3', '5f4dcc3b5aa765d61d8327deb882cf99', '../View/uploads/empthumb_maketing-w320_960125103.gif', '../View/uploads/empmaketing-w320_960125103.gif', '026665547', 0, '', 'adb@abc.com', '', '8', '9', 198, '2021-03-01', '1986-03-26', 'สุคนธะ', 'ไกรสร', 'single', '0801112245', '116', '', '', '', '', 1, 'EA001', 3, NULL),
(2, 'emp33', '5f4dcc3b5aa765d61d8327deb882cf99', '../View/uploads/empthumb_41594602_1829152037154094_566747696648421376_n_3978744610.jpg', '../View/uploads/emp41594602_1829152037154094_566747696648421376_n_3978744610.jpg', '023446234', 0, '', 'def@hotmail.com', 'xxx', '8', '9', 198, '2021-03-06', '2000-03-01', 'ศิริมงคล', 'คมศักดิ์', 'single', '087898788', '788/1 หอพักดวงดาว ถนนอุดมสุข 5', 'เขตดุสิต', 'ดุสิต', 'กรุงเทพมหาคร', '10520', 1, 'EA002', 3, NULL),
(6, 'emp7', '5f4dcc3b5aa765d61d8327deb882cf99', '../View/uploads/empthumb_2_672113391.jpg', '../View/uploads/emp2_672113391.jpg', '023452238', 0, '', 'rstu@hotmail.com', '', '10', '13', 198, '0000-00-00', '0000-00-00', 'เวชยา', 'วรเวช', 'single', '087893232', '23/7 หมู่บ้านโอเคเฟอเฟ็ก 12', 'เขตบางกะปิ', 'คลองจั่น', 'กรุงเทพมหาคร', '10120', 1, 'EH001', 3, NULL),
(7, 'emp8', '5f4dcc3b5aa765d61d8327deb882cf99', '../View/uploads/empthumb_avatar3_225830788.jpg', '../View/uploads/empavatar3_225830788.jpg', '021112544', 0, '', 'vwx@hotmail.com', '', '10', '13', 198, '0000-00-00', '0000-00-00', 'คงไว้', 'บูรณา', 'single', '084654625', '896/45 หมู่บ้าน สุขใจ 20', 'เขตปทุมวัน', 'รองเมือง', 'กรุงเทพมหาคร', '10110', 1, 'EH002', 3, NULL),
(11, 'emp8', '5f4dcc3b5aa765d61d8327deb882cf99', '../View/uploads/empthumb_1_356991657.jpg', '../View/uploads/emp1_356991657.jpg', '021112544', 0, '', 'vwx@hotmail.com', '', '10', '12', 198, '0000-00-00', '0000-00-00', 'อยู่เจริญ', 'ปทุมรัตน์', 'single', '084654625', '896/45 หมู่บ้าน สุขใจ 20', 'เขตปทุมวัน', 'รองเมือง', 'กรุงเทพมหาคร', '10110', 1, 'EI001', 2, NULL),
(12, 'emp9', '5f4dcc3b5aa765d61d8327deb882cf99', '../View/uploads/empthumb_a2_1249255641.jpg', '../View/uploads/empa2_1249255641.jpg', '021554233', 0, '', 'xyz@hotmail.com', '', '8', '12', 198, '0000-00-00', '0000-00-00', 'เกิดมี', 'เธียรธาร', 'single', '087866453', '11/786 หมู่บ้านธารารมณ์', 'เขตป้อมปราบศัตรูพ่าย', 'ป้อมปราบ', 'กรุงเทพมหาคร', '10410', 1, 'EI002', 3, NULL),
(16, 'ceo', '5f4dcc3b5aa765d61d8327deb882cf99', '../View/uploads/empthumb_manage1-w320_1348874215.jpg', '../View/uploads/empmanage1-w320_1348874215.jpg', '023452238', 0, '', 'rstu@hotmail.com', '', '10', '11', 198, '0000-00-00', '0000-00-00', 'คันโธสา', 'จุฬารัตน์', 'single', '087893232', '23/7 หมู่บ้านโอเคเฟอเฟ็ก 12', 'เขตบางกะปิ', 'คลองจั่น', 'กรุงเทพมหาคร', '10120', 1, 'EM005', 2, NULL),
(17, 'emp8', '5f4dcc3b5aa765d61d8327deb882cf99', '../View/uploads/empthumb_1511137_433575890129932_2950144930921405395_n_571849341.jpg', '../View/uploads/emp1511137_433575890129932_2950144930921405395_n_571849341.jpg', '021112544', 0, '', 'vwx@hotmail.com', '', '8', '11', 198, '0000-00-00', '0000-00-00', 'สิงห์ทองกล้า', 'ศรีสุดา', 'single', '084654625', '896/45 หมู่บ้าน สุขใจ 20', 'เขตปทุมวัน', 'รองเมือง', 'กรุงเทพมหาคร', '10110', 1, 'EM004', 3, NULL),
(18, 'emp99', '5f4dcc3b5aa765d61d8327deb882cf99', '../View/uploads/empthumb_10930522_786265701459324_1310912553955830447_n_1140643425.jpg', '../View/uploads/emp10930522_786265701459324_1310912553955830447_n_1140643425.jpg', '021554233', 0, '', 'xyz@hotmail.com', '', '8', '11', 198, '0000-00-00', '0000-00-00', 'ชนะภัย', 'ศิริพร', 'single', '087866453', '11/786 หมู่บ้านธารารมณ์', 'เขตป้อมปราบศัตรูพ่าย', 'ป้อมปราบ', 'กรุงเทพมหาคร', '10410', 1, 'EM006', 3, NULL),
(685, 'qweqwre', '23911bcc469d42bedfc80b78f9201909', '', '', '', 0, '', '', '', '139', '257', 205, '2021-03-13', '2021-03-13', 'qweqwre', 'qweqwre', 'single', '', '', '', '', '', '', 1, 'qweqwre', 3, ''),
(686, '345345', '0c0b3da4ac402bd86191d959be081114', '', '', '', 0, '', '', '', '139', '257', 205, '2021-03-13', '2021-03-13', '345345', '345345', 'single', '', '', '', '', '', '', 1, '345345', 3, ''),
(687, 'afasdfasdf', '7cfa7faeb83602f86b882bf511faf225', '', '', '', 0, '', '', '', '139', '257', 205, '2021-03-13', '2021-03-13', 'afasdfasdf', 'afasdfasdf', 'single', '', '', '', '', '', '', 1, 'afasdfasdf', 3, ''),
(688, 'kosit_test_emp001', 'da95f8110663c8c366aab4a069d8b6a0', '', '', '', 0, '', '', '', '140', '258', 212, '2021-03-18', '2021-03-18', 'kosit_test_emp001', 'kosit_test_emp001', 'single', '', '', '', '', '', '', 1, 'kosit_test_emp001', 3, ''),
(689, 'kosit_test_emp002', '140e8e41a34cc7db4a29ea068553bcea', '', '', '', 0, '', '', '', '140', '258', 212, '2021-03-18', '2021-03-18', 'kosit_test_emp002', 'kosit_test_emp002', 'single', '', '', '', '', '', '', 1, 'kosit_test_emp002', 2, ''),
(690, 'kosit_test_emp003', '002bdc0d739046912df7ff8eac04750a', '', '', '', 0, '', '', '', '140', '258', 212, '2021-03-18', '2021-03-18', 'kosit_test_emp003', 'kosit_test_emp003', 'single', '', '', '', '', '', '', 1, 'kosit_test_emp003', 1, ''),
(691, 'nongtest', 'b1f24a532c4763cbd0480ab78ed92c90', '../View/uploads/empthumb_16525073737503495521952790046343_7998683778.jpg', '../View/uploads/emp16525073737503495521952790046343_7998683778.jpg', '', 0, '', '', '', '141', '249', 1, '2022-05-14', '2022-05-14', 'Aromsava', 'Kosit', 'single', '', '', '', '', '', '', 1, '1199', 3, ''),
(692, 'nongtest2', 'b3ef989945e46753aec0f4e458bed7a8', '../View/uploads/empthumb_59150_6687924554.jpg', '../View/uploads/emp59150_6687924554.jpg', '', 0, '', '', '', '141', '249', 1, '2022-05-14', '2022-05-14', 'aromsava2', 'kosit2', 'single', '', '', '', '', '', '', 1, 'nongtest2', 3, ''),
(619, 'emp701', '5f4dcc3b5aa765d61d8327deb882cf99', '../View/uploads/empthumb_2_672113391.jpg', '../View/uploads/emp2_672113391.jpg', '023452238', 0, '', 'rstu@hotmail.com', '', '122', '237', 199, '2021-03-03', '2000-03-03', 'เวชยา', 'วรเวช', 'single', '', '23/7 หมู่บ้านโอเคเฟอเฟ็ก 12', 'เขตบางกะปิ', 'คลองจั่น', 'กรุงเทพมหาคร', '10120', 1, 'EH0011', 1, NULL),
(618, 'emp801', '5f4dcc3b5aa765d61d8327deb882cf99', '../View/uploads/empthumb_avatar3_225830788.jpg', '../View/uploads/empavatar3_225830788.jpg', '021112544', 0, '', 'vwx@hotmail.com', '', '123', '238', 199, '2021-03-03', '2000-03-03', 'คงไว้', 'บูรณา', 'single', '', '896/45 หมู่บ้าน สุขใจ 20', 'เขตปทุมวัน', 'รองเมือง', 'กรุงเทพมหาคร', '10110', 1, 'EH002', 2, NULL),
(617, 'emp8801', '5f4dcc3b5aa765d61d8327deb882cf99', '../View/uploads/empthumb_1_356991657.jpg', '../View/uploads/emp1_356991657.jpg', '021112544', 0, '', 'vwx@hotmail.com', '', '123', '237', 199, '2021-03-03', '2000-03-03', 'อยู่เจริญ', 'ปทุมรัตน์', 'single', '', '896/45 หมู่บ้าน สุขใจ 20', 'เขตปทุมวัน', 'รองเมือง', 'กรุงเทพมหาคร', '10110', 1, 'EI001', 3, NULL),
(615, 'emp301', '5f4dcc3b5aa765d61d8327deb882cf99', '../View/uploads/empthumb_maketing-w320_960125103.gif', '../View/uploads/empmaketing-w320_960125103.gif', '026665547', 0, '', 'adb@abc.com', '', '123', '239', 199, '0000-00-00', '0000-00-00', 'สุคนธะ', 'ไกรสร', 'single', '', '116', '', '', '', '', 1, 'EA001', 3, NULL),
(616, 'emp3', '5f4dcc3b5aa765d61d8327deb882cf99', '../View/uploads/empthumb_picture2_2688050349.png', '../View/uploads/emppicture2_2688050349.png', '023446234', 0, '', 'def@hotmail.com', '', '124', '239', 199, '0000-00-00', '0000-00-00', 'ศิริมงคล', 'คมศักดิ์', 'single', '', '788/1 หอพักดวงดาว ถนนอุดมสุข 5', 'เขตดุสิต', 'ดุสิต', 'กรุงเทพมหาคร', '10520', 1, 'EA00201', 3, NULL),
(614, 'emp9', '5f4dcc3b5aa765d61d8327deb882cf99', '../View/uploads/empthumb_a2_1249255641.jpg', '../View/uploads/empa2_1249255641.jpg', '021554233', 0, '', 'xyz@hotmail.com', '', '124', '237', 199, '0000-00-00', '0000-00-00', 'เกิดมี', 'เธียรธาร', 'single', '', '11/786 หมู่บ้านธารารมณ์', 'เขตป้อมปราบศัตรูพ่าย', 'ป้อมปราบ', 'กรุงเทพมหาคร', '10410', 1, 'EI00201', 3, NULL),
(613, 'ceo', '5f4dcc3b5aa765d61d8327deb882cf99', '../View/uploads/empthumb_manage1-w320_1348874215.jpg', '../View/uploads/empmanage1-w320_1348874215.jpg', '023452238', 0, '', 'rstu@hotmail.com', '', '123', '240', 199, '0000-00-00', '0000-00-00', 'คันโธสา', 'จุฬารัตน์', 'single', '', '23/7 หมู่บ้านโอเคเฟอเฟ็ก 12', 'เขตบางกะปิ', 'คลองจั่น', 'กรุงเทพมหาคร', '10120', 1, 'EM00501', 3, NULL),
(612, 'chief', '5f4dcc3b5aa765d61d8327deb882cf99', '../View/uploads/empthumb_dev-320_797895287.jpg', '../View/uploads/empdev-320_797895287.jpg', '021345233', 0, '', 'abc123@hotmail.com', '', '123', '241', 199, '0000-00-00', '0000-00-00', 'สิงหา', 'ชาลี', 'single', '', '55/88 หมู่บ้านรื่นฤดี 7 ถนนหทัยราษฎร์', 'เขตพระโขนง', 'คลองเตย', 'กรุงเทพมหาคร', '10420', 1, 'EM00701', 3, NULL),
(611, 'emp9901', '5f4dcc3b5aa765d61d8327deb882cf99', '../View/uploads/empthumb_10930522_786265701459324_1310912553955830447_n_1140643425.jpg', '../View/uploads/emp10930522_786265701459324_1310912553955830447_n_1140643425.jpg', '021554233', 0, '', 'xyz@hotmail.com', '', '123', '246', 199, '0000-00-00', '0000-00-00', 'ชนะภัย', 'ศิริพร', 'single', '', '11/786 หมู่บ้านธารารมณ์', 'เขตป้อมปราบศัตรูพ่าย', 'ป้อมปราบ', 'กรุงเทพมหาคร', '10410', 1, 'EM006', 3, NULL),
(610, 'emp801', '5f4dcc3b5aa765d61d8327deb882cf99', '../View/uploads/empthumb_1511137_433575890129932_2950144930921405395_n_571849341.jpg', '../View/uploads/emp1511137_433575890129932_2950144930921405395_n_571849341.jpg', '021112544', 0, '', 'vwx@hotmail.com', '', '124', '240', 199, '0000-00-00', '0000-00-00', 'สิงห์ทองกล้า', 'ศรีสุดา', 'single', '', '896/45 หมู่บ้าน สุขใจ 20', 'เขตปทุมวัน', 'รองเมือง', 'กรุงเทพมหาคร', '10110', 1, 'EM004', 3, NULL),
(609, 'emp201', '5f4dcc3b5aa765d61d8327deb882cf99', '../View/uploads/empthumb_avatar-2_1329337786.png', '../View/uploads/empavatar-2_1329337786.png', '021112233', 0, '', 'abc@hotmail.com', '', '124', '241', 199, '0000-00-00', '0000-00-00', 'อินทา', 'สาธิดา', 'single', '', '466/178 หมู่บ้านเสริมสุข ถนนรามคำแหง 120', 'เขตพระนคร', 'วังบูรพาภิรมย์', 'กรุงเทพมหาคร', '10510', 1, 'EL001', 3, NULL),
(608, 'emp301', '5f4dcc3b5aa765d61d8327deb882cf99', '../View/uploads/empthumb_a4_1337987174.jpg', '../View/uploads/empa4_1337987174.jpg', '023446234', 0, '', 'def@hotmail.com', '', '124', '246', 199, '0000-00-00', '0000-00-00', 'นวลกุลชร', 'ธนดล', 'single', '', '788/1 หอพักดวงดาว ถนนอุดมสุข 5', 'เขตดุสิต', 'ดุสิต', 'กรุงเทพมหาคร', '10520', 1, 'EL002', 3, NULL),
(607, 'emp601', '5f4dcc3b5aa765d61d8327deb882cf99', '../View/uploads/empthumb_sergey-azovskiy_1138190614.jpg', '../View/uploads/empsergey-azovskiy_1138190614.jpg', '026612237', 0, '', 'opq@hotmail.com', '', '124', '237', 199, '0000-00-00', '2000-03-03', 'แสงนิลสี', 'นิคม', 'single', '', '46/4 หมู่บ้านร่วมใจ สามัคคี 55', 'เขตบางเขน', 'ลาดยาว', 'กรุงเทพมหาคร', '10440', 1, 'EP001', 3, NULL),
(636, 'user1', '81dc9bdb52d04dc20036dbd8313ed055', '', '', '', 0, '', '', '', '125', '248', 203, '0000-00-00', '0000-00-00', 'USER1', 'USER1', 'single', '', '', '', '', '', '', 1, 'EM001', 0, NULL),
(649, 'xxx1234xx', '5f4dcc3b5aa765d61d8327deb882cf99', '', '', 'xxx1234xx', 0, '', 'xxx1234xx', 'xx', '122', '237', 199, '0000-00-00', '0000-00-00', 'xxx1234xx', 'xxx1234xx', 'single', '5555', 'abc', 'xx', 'xx', 'xx', 'xx', 1, 'xxx1234xx', 3, 'xxx1234'),
(693, 'user001', '97f3c717da19b4697ae9884e67aabce6', '../View/uploads/empthumb_mapt_5544696950.jpg', '../View/uploads/empmapt_5544696950.jpg', '020000000', 0, '', 'test001@gmail.com', 'อื่นๆ', '142', '260', 213, '2023-04-22', '0000-00-00', 'คงไว้', 'ไกรสร', 'single', '0800000000', '553/80', 'เขตบางกะปิ', 'คลองจั่น', 'กทม.', '10210', 1, 'EM001', 1, NULL),
(694, 'user002', '8b63b2922634ffaeab2019e50f13dd20', '../View/uploads/empthumb_1024x500_5765734555.png', '../View/uploads/emp1024x500_5765734555.png', '020000000', 0, '', 'test001@gmail.com', 'อื่นๆ', '142', '260', 213, '2023-04-22', '0000-00-00', 'อยู่เจริญ', 'วรเวช', 'single', '0800000000', '554/80', 'เขตบางกะปิ', 'คลองจั่น', 'กทม.', '10210', 1, 'EM002', 1, NULL),
(695, 'user003', 'e16f3b20872b973a50a3c2a1ac996d99', '', '', '020000000', 20, NULL, 'test001@gmail.com', 'อื่นๆ', '142', '260', 213, '2023-04-22', '0000-00-00', 'คันโธสา', 'เธียรธาร', 'single', '0800000000', '555/80', 'เขตบางกะปิ', 'คลองจั่น', 'กทม.', '10210', 1, 'EM003', 1, NULL),
(696, 'user004', 'b0253a17d6974cf8d66886aa97d839aa', '', '', '020000000', 20, NULL, 'test001@gmail.com', 'อื่นๆ', '142', '260', 213, '2023-04-22', '0000-00-00', 'สิงห์ทองกล้า', 'ศิริพร', 'single', '0800000000', '556/80', 'เขตบางกะปิ', 'คลองจั่น', 'กทม.', '10210', 1, 'EM004', 1, NULL),
(697, 'user005', '9fda8f6fecb98a7017e9d3b0a7e377a7', '', '', '020000000', 20, NULL, 'test001@gmail.com', 'อื่นๆ', '142', '260', 213, '2023-04-22', '2023-04-22', 'คงไว้', 'บูรณา', 'single', '0800000000', '557/80', 'เขตบางกะปิ', 'คลองจั่น', 'กทม.', '10210', 1, 'EM005', 1, NULL),
(698, 'user001', '97f3c717da19b4697ae9884e67aabce6', '', '', '020000000', 20, NULL, 'test001@gmail.com', 'อื่นๆ', '145', '264', 214, '2023-04-22', '0000-00-00', 'คงไว้', 'ไกรสร', 'single', '0800000000', '553/80', 'เขตบางกะปิ', 'คลองจั่น', 'กทม.', '10210', 1, 'EM001', 3, NULL),
(699, 'user002', '8b63b2922634ffaeab2019e50f13dd20', '', '', '020000000', 20, NULL, 'test001@gmail.com', 'อื่นๆ', '145', '264', 214, '2023-04-22', '0000-00-00', 'อยู่เจริญ', 'วรเวช', 'single', '0800000000', '554/80', 'เขตบางกะปิ', 'คลองจั่น', 'กทม.', '10210', 1, 'EM002', 3, NULL),
(700, 'user003', 'e16f3b20872b973a50a3c2a1ac996d99', '', '', '020000000', 20, NULL, 'test001@gmail.com', 'อื่นๆ', '145', '264', 214, '2023-04-22', '0000-00-00', 'คันโธสา', 'เธียรธาร', 'single', '0800000000', '555/80', 'เขตบางกะปิ', 'คลองจั่น', 'กทม.', '10210', 1, 'EM003', 3, NULL),
(701, 'user004', 'b0253a17d6974cf8d66886aa97d839aa', '', '', '020000000', 20, NULL, 'test001@gmail.com', 'อื่นๆ', '145', '264', 214, '2023-04-22', '0000-00-00', 'สิงห์ทองกล้า', 'ศิริพร', 'single', '0800000000', '556/80', 'เขตบางกะปิ', 'คลองจั่น', 'กทม.', '10210', 1, 'EM004', 2, NULL),
(702, 'user005', '9fda8f6fecb98a7017e9d3b0a7e377a7', '', '', '020000000', 20, NULL, 'test001@gmail.com', 'อื่นๆ', '145', '264', 214, '2023-04-22', '2023-04-22', 'คงไว้', 'บูรณา', 'single', '0800000000', '557/80', 'เขตบางกะปิ', 'คลองจั่น', 'กทม.', '10210', 1, 'EM005', 1, NULL),
(703, 'user001', '97f3c717da19b4697ae9884e67aabce6', '', '', '020000000', 20, NULL, 'test001@gmail.com', 'อื่นๆ', '148', '268', 215, '2023-04-22', '0000-00-00', 'คงไว้', 'ไกรสร', 'single', '0800000000', '553/80', 'เขตบางกะปิ', 'คลองจั่น', 'กทม.', '10210', 1, 'EM001', 3, NULL),
(704, 'user002', '8b63b2922634ffaeab2019e50f13dd20', '', '', '020000000', 20, NULL, 'test001@gmail.com', 'อื่นๆ', '148', '268', 215, '2023-04-22', '0000-00-00', 'อยู่เจริญ', 'วรเวช', 'single', '0800000000', '554/80', 'เขตบางกะปิ', 'คลองจั่น', 'กทม.', '10210', 1, 'EM002', 3, NULL),
(705, 'user003', 'e16f3b20872b973a50a3c2a1ac996d99', '', '', '020000000', 20, NULL, 'test001@gmail.com', 'อื่นๆ', '148', '268', 215, '2023-04-22', '0000-00-00', 'คันโธสา', 'เธียรธาร', 'single', '0800000000', '555/80', 'เขตบางกะปิ', 'คลองจั่น', 'กทม.', '10210', 1, 'EM003', 3, NULL),
(706, 'user004', 'b0253a17d6974cf8d66886aa97d839aa', '', '', '020000000', 20, NULL, 'test001@gmail.com', 'อื่นๆ', '148', '268', 215, '2023-04-22', '0000-00-00', 'สิงห์ทองกล้า', 'ศิริพร', 'single', '0800000000', '556/80', 'เขตบางกะปิ', 'คลองจั่น', 'กทม.', '10210', 1, 'EM004', 2, NULL),
(707, 'user005', '9fda8f6fecb98a7017e9d3b0a7e377a7', '', '', '020000000', 20, NULL, 'test001@gmail.com', 'อื่นๆ', '148', '268', 215, '2023-04-22', '2023-04-22', 'คงไว้', 'บูรณา', 'single', '0800000000', '557/80', 'เขตบางกะปิ', 'คลองจั่น', 'กทม.', '10210', 1, 'EM005', 1, NULL),
(713, 'EM001', '313dfdaa79dffdc8d45d1db93dd662db', '../View/uploads/empthumb_icon512x512_1570667409.png', '../View/uploads/empicon512x512_1570667409.png', '', 0, '', 'kosit.arom@gmail.com', '', '151', '272', 216, '2023-04-15', '2023-04-22', 'EM001', 'EM001', 'single', '0809926565', '', '', '', 'bangkok', '', 1, 'EM001', 3, ''),
(709, 'user002', '8b63b2922634ffaeab2019e50f13dd20', '', '', '020000000', 20, NULL, 'test001@gmail.com', 'อื่นๆ', '151', '272', 216, '2023-04-22', '0000-00-00', 'อยู่เจริญ', 'วรเวช', 'single', '0800000000', '554/80', 'เขตบางกะปิ', 'คลองจั่น', 'กทม.', '10210', 1, 'EM002', 3, NULL),
(710, 'user003', 'e16f3b20872b973a50a3c2a1ac996d99', '', '', '020000000', 20, NULL, 'test001@gmail.com', 'อื่นๆ', '151', '272', 216, '2023-04-22', '0000-00-00', 'คันโธสา', 'เธียรธาร', 'single', '0800000000', '555/80', 'เขตบางกะปิ', 'คลองจั่น', 'กทม.', '10210', 1, 'EM003', 3, NULL),
(711, 'user004', 'b0253a17d6974cf8d66886aa97d839aa', '', '', '020000000', 20, NULL, 'test001@gmail.com', 'อื่นๆ', '151', '272', 216, '2023-04-22', '0000-00-00', 'สิงห์ทองกล้า', 'ศิริพร', 'single', '0800000000', '556/80', 'เขตบางกะปิ', 'คลองจั่น', 'กทม.', '10210', 1, 'EM004', 2, NULL),
(712, 'user005', '9fda8f6fecb98a7017e9d3b0a7e377a7', '', '', '020000000', 20, NULL, 'test001@gmail.com', 'อื่นๆ', '151', '272', 216, '2023-04-22', '2023-04-22', 'คงไว้', 'บูรณา', 'single', '0800000000', '557/80', 'เขตบางกะปิ', 'คลองจั่น', 'กทม.', '10210', 1, 'EM005', 1, NULL);

-- --------------------------------------------------------

--
-- Table structure for table `emp_status`
--

CREATE TABLE `emp_status` (
  `id` int(11) NOT NULL,
  `emp_status_work` varchar(255) DEFAULT NULL
) ENGINE=MyISAM DEFAULT CHARSET=utf8;

--
-- Dumping data for table `emp_status`
--

INSERT INTO `emp_status` (`id`, `emp_status_work`) VALUES
(1, 'ทำงานอยู่'),
(2, 'พักงานชั่วคราว'),
(3, 'ลาออก');

-- --------------------------------------------------------

--
-- Table structure for table `kpi`
--

CREATE TABLE `kpi` (
  `kpi_id` int(11) NOT NULL,
  `kpi_name` varchar(255) DEFAULT NULL,
  `kpi_detail` varchar(255) DEFAULT NULL,
  `admin_id` int(11) DEFAULT NULL,
  `kpi_code` varchar(255) DEFAULT NULL,
  `department_id` int(11) DEFAULT NULL,
  `kpi_better_flag` varchar(1) DEFAULT 'Y',
  `kpi_type_score` int(11) NOT NULL DEFAULT 1,
  `kpi_data_target` decimal(10,2) DEFAULT NULL,
  `perspective_id` int(11) DEFAULT NULL,
  `kpi_unit` varchar(45) DEFAULT NULL
) ENGINE=MyISAM DEFAULT CHARSET=utf8;

--
-- Dumping data for table `kpi`
--

INSERT INTO `kpi` (`kpi_id`, `kpi_name`, `kpi_detail`, `admin_id`, `kpi_code`, `department_id`, `kpi_better_flag`, `kpi_type_score`, `kpi_data_target`, `perspective_id`, `kpi_unit`) VALUES
(766, 'ปริมาณของเสียที่เกิดจากการผลิต', 'ลงลง 5% ของปีที่ผ่านมา', 199, '', 0, 'N', 1, NULL, 41, NULL),
(921, '5555', '', 212, '', NULL, 'Y', 2, '0.00', 59, NULL),
(922, 'หาเงินเก่ง', '', 1, '', NULL, 'Y', 2, '0.00', 62, NULL),
(904, 'dddfd', 'fdfd', 198, '', NULL, 'Y', 2, '0.00', 1, NULL),
(907, 'adfasdfsd', '', 198, '', NULL, 'Y', 2, '0.00', 1, NULL),
(908, 'afasdfasdfasd', '', 198, '', NULL, 'Y', 2, '0.00', 1, NULL),
(909, 'afasdfasdfasd', '', 198, '', NULL, 'Y', 2, '0.00', 1, NULL),
(920, 'มูลค่ายอดขาย', '', 212, '', NULL, 'Y', 2, '0.00', 58, NULL),
(918, '3333', '', 205, '', NULL, 'Y', 2, '0.00', 56, NULL),
(919, 'DDDD', '', 205, '', NULL, 'Y', 1, '55.00', 56, NULL),
(900, 'Percentage', '', 198, '', NULL, 'Y', 1, '100.00', 1, NULL),
(901, '555', '555', 198, '', NULL, 'Y', 2, '0.00', 1, NULL),
(902, 'ทดสอบการเพ่ิมต้วชี้วัด', '', 198, '', NULL, 'Y', 3, '0.00', 1, NULL),
(903, 'ทดสอบการเพิ่มตัวชี้วัดครั้งที่2', '', 198, '', NULL, 'Y', 1, '9.00', 1, NULL),
(893, 'TEST3', '', 198, '', NULL, 'N', 2, '0.00', 2, NULL),
(894, 'TESDD44', '', 198, '', NULL, 'Y', 1, '40.00', 1, NULL),
(895, 'DDDDDD', '', 198, '', NULL, 'N', 3, '0.00', 1, NULL),
(896, 'ทดสอบๅๅ', '', 198, '', NULL, 'Y', 2, '0.00', 1, NULL),
(897, 'กกกกกกกกกกก', '', 198, '', NULL, 'Y', 3, '0.00', 1, NULL),
(898, 'กกกกกกกกด', '', 198, '', NULL, 'N', 1, '0.00', 1, NULL),
(767, 'ผลผลิต(productivity)', 'เพิ่มขึ้น 5% ของปีที่ผ่านมา', 199, 'P002', 242, NULL, 1, NULL, NULL, NULL),
(768, ' จํานวนครั้งที่ผลิตไม่ทันตามแผน', 'น้อยกว่า 5% ของจํานวนครั้งที่ผลิตทั้งหมด', 199, 'P003', 242, NULL, 1, NULL, NULL, NULL),
(769, 'ต้นทุนการผลิต', 'ลดลง 3% เมื่อเทียบกับปีที่ผ่านมา', 199, 'P004', 242, NULL, 1, NULL, NULL, NULL),
(770, 'การ Rework งานเสีย', 'น้อยกว่า 3% ของยอดการ ผลิตทั้งหมด', 199, 'P005', 242, NULL, 1, NULL, NULL, NULL),
(771, 'จํานวนสิ่งที่ไเป็นไปตามข้อกําหนด', 'ไม่เกิน 3% ของจํานวนที่ผลิต', 199, 'QC001', 247, NULL, 1, NULL, NULL, NULL),
(772, 'แก้ไขสาเหตุที่ทําเกิดสิ่งที่ไม่เป็นไม่ตามข้อกําหนด', 'ได้อย่างน้อย 5 สาเหตุต่อปี', 199, 'QC002', 247, NULL, 1, NULL, NULL, NULL),
(773, 'ความผิดพลาดที่พบจากการ Re-check', 'ผลการตรวจซ้ําต้องมีผล ความผิดพลาดเป็น ศูนย์', 199, 'QC003', 247, NULL, 1, NULL, NULL, NULL),
(774, 'จํานวน customer complaint ที่เกิดจากสินค้าตก Spec. ลดลงจากปีที่ผ่านมา', 'ลดลง 50% เมื่อเทียบกับปีที่ผ่านมา', 199, 'QC004', 247, NULL, 1, NULL, NULL, NULL),
(775, 'ฝีมือในการต่อรองราคา สามารถประหยัดเงินให้องค์กรได้', 'ประหยัดได้ 10% โดยที่ คุณภาพเท่าเดิมรวดเร็ว, มาตรฐานเหมือนเดิมหรือดีขึ้น', 199, 'PO001', 241, NULL, 1, NULL, NULL, NULL),
(776, 'สามารถสั่งซื้อวัตถุดิบได้ตรง ตาม Spec. ที่แต่ละฝ่ายต้องการ', 'มากกว่า 95% ของจํานวน รายการวัตถุดิบที่สั่งซื้อทั้งหมด', 199, 'PO002', 241, NULL, 1, NULL, NULL, NULL),
(777, 'เพิ่มจํานวน vendor เกรด A ให้ได้', '70% ของ vendor ทั้งหมด', 199, 'PO003', 241, NULL, 1, NULL, NULL, NULL),
(778, 'กรณีเร่งด่วนจัดซื้อได้ทันตามกําหนดเวลาที่ตกลงกับ ผู้ต้องการสั่งซื้อ', '90% ของความต้องการ สั่งซื้อทั้งหมด', 199, 'PO004', 241, NULL, 1, NULL, NULL, NULL),
(779, 'ความถูกต้องของบัญชีสินค้าคงคลัง', 'ถูกต้อง 100%', 199, 'WH001', 244, NULL, 1, NULL, NULL, NULL),
(780, 'จํานวนรายการวัตถุดิบที่มียอดตรงกับ Stock card', 'ไม่น้อยกว่า 98% ของรายการวัตถุดิบทั้งหมด', 199, 'WH002', 244, NULL, 1, NULL, NULL, NULL),
(781, 'ความสูญเสียของสินค้าเนื่องมาจากการจัดเก็บสินค้าในคลัง', 'สูญเสีย 0%', 199, 'WH003', 244, NULL, 1, NULL, NULL, NULL),
(782, 'การเก็บรักษาวัตถุดิบหลัก ให้มีปริมาณเหมาะสมตาม Min-Max ที่ตั้งไว้', 'รายการวัตถุดิบหลักทั้งหมดไม่น้อยกว่า 95% ของ', 199, 'WH004', 244, NULL, 1, NULL, NULL, NULL),
(783, 'จํานวนครั้งที่จ่ายวัตถุดิบผิด', 'น้อยกว่า 3% ของจํานวนครั้งที่จ่ายทั้งหมด', 199, 'WH005', 244, NULL, 1, NULL, NULL, NULL),
(784, 'ความแม่นยําในการประมารการแนวโน้มทางการตลาด ล่วงหน้า 3 เดือน', 'ตลาดเคลื่อนไม่เกิน 5% ของมูลค่าจริง', 199, 'MK001', 240, NULL, 1, NULL, NULL, NULL),
(785, 'คุณภาพในการจัดโปรโมชั่นที่ทําให้ยอดขายเพิ่มขึ้น', 'น้อยกว่า 30% ของงบโปรโมชั่น', 199, 'MK002', 240, NULL, 1, NULL, NULL, NULL),
(786, 'ยอดซื้อรวมาของลูกค้ารายใหม่', 'มากกว่า 30% ของยอดซื้อทั้งหมด', 199, 'MK003', 240, NULL, 1, NULL, NULL, NULL),
(787, 'เปิดตลาดใหม่ กลุ่มลูกค้าใหม่ได้', '10% ของยอดขาย', 199, 'MK004', 240, NULL, 1, NULL, NULL, NULL),
(788, 'ความพึงพอใจของลูกค้า', 'ได้ไม่ต่ำกว่า 90% ในทุกหัวข้อการประเมินและต้องชนะคู่แข่งในทุกหัวข้อ', 199, 'S001', 239, NULL, 1, NULL, NULL, NULL),
(789, 'เป็นตัวเลือกอันดับแรกของลูกค้า', 'มากกว่า 90% ของลูกค้าทั้งหมด', 199, 'S002', 239, NULL, 1, NULL, NULL, NULL),
(795, 'ขยายมาตรฐานลูกค้าใหม่', 'มากกว่า 20% ของจํานวนลูกค้าทั้งหมด', 199, 'S003', 239, NULL, 1, NULL, NULL, NULL),
(796, 'การรักษาลูกค้าเก่า', 'มากกว่า 20% ของจํานวนลูกค้าทั้งหมด', 199, 'S004', 239, NULL, 1, NULL, NULL, NULL),
(797, 'ยอดขายรวมเมื่อเทียบกับปีที่ผ่านมา', 'มากกว่า 90% ของยอดเงิน', 199, 'S005', 239, NULL, 1, NULL, NULL, NULL),
(798, 'อัตราในการส่งคืนสินค้าจากลูกค้า', 'ไม่เกิน 10%', 199, 'TP001', 245, NULL, 1, NULL, NULL, NULL),
(799, 'การจัดส่งทันเวลา', 'มากกว่า 95% ของจํานวนครั้งที่ส่งทั้งหมด', 199, 'TP002', 245, NULL, 1, NULL, NULL, NULL),
(800, 'ความถูกต้องของบิล', 'มากกว่า 98% ของจํานวนบิลทั้งหมด', 199, 'ACC001', 237, 'Y', 1, NULL, NULL, NULL),
(801, 'จํานวนของการส่งบิลไม่ทันเวลา', 'น้อยกว่า 3% ของจํานวนบิลทั้งหมด', 199, 'ACC002', 237, 'N', 1, NULL, NULL, NULL),
(802, 'ภาระหนี้ค้างชําระ', 'ไม่เกิน 80% ของยอดขาย', 199, 'ACC003', 237, 'N', 1, NULL, NULL, NULL),
(803, 'อัตราส่วนของหนี้เสีย', 'ไม่เกิน 5% ของยอดขายทั้งหมด', 199, 'ACC004', 237, 'N', 1, NULL, NULL, NULL),
(814, 'testttt', 'TEST', 199, '3333', 237, 'Y', 1, NULL, NULL, NULL),
(815, 'test222', '', 199, '4444', 237, 'Y', 1, NULL, NULL, NULL),
(816, ' Local All PO', 'นับจำนวน po โดย 1 PO = 6คะแนน', 203, 'K001', 248, 'Y', 1, NULL, NULL, NULL),
(817, 'Local All Item', 'นับจำนวนรายการ Item  1 คะแนน / item', 203, 'K002', 248, 'Y', 1, NULL, NULL, NULL),
(805, 'ความสามารถในการรับสมัครพนักงานเพื่อคัดเลือกเข้ามาเป็นพนักงานใหม่ให้ได้ทันเวลา', 'มากกว่า 80% ของตําแหน่งว่างทั้งหมด', 199, 'HR001', 246, NULL, 1, NULL, NULL, NULL),
(806, 'การฝึกอบรมเพื่อพัฒนาบุคลากร', 'มากกว่า 95% ของจํานวนบุคลากรทั้งหมด', 199, 'HR002', 246, NULL, 1, NULL, NULL, NULL),
(807, 'อัตราในการขาดงานของพนักงาน', 'น้อยกว่า 5% ของวันทํางานทั้งหมด / คน / ปี', 199, 'HR003', 246, NULL, 1, NULL, NULL, NULL),
(808, 'อัตราการทํางานล่วงเวลา', 'มากกว่า 5% ของเวลาทํางานทั้งหมด', 199, 'HR004', 246, NULL, 1, NULL, NULL, NULL),
(809, 'อัตราส่วนของพนักงานที่ผ่านการทดสอบความรู้', 'ไม่น้อยกว่า 98% ของพนักงานที่อบรมทั้งหมด', 199, 'HR005', 246, NULL, 1, NULL, NULL, NULL),
(810, 'ยอดขาย', 'มากกว่า 5% สินทรัพย์รวม', 199, 'FD001', 238, 'Y', 1, NULL, NULL, NULL),
(811, 'กําไร', 'มากกว่า 60% ของยอดขาย', 199, 'FD002', 238, 'Y', 1, NULL, NULL, NULL),
(812, 'จํานวนเงินปันผล', 'มากกว่า 10% ของกําไร', 199, 'FD003', 238, 'Y', 1, NULL, NULL, NULL),
(813, 'ยอดหนี้เสีย', 'น้อยกว่า 5% ของยอดขาย', 199, 'FD004', 238, 'N', 1, NULL, NULL, NULL),
(881, '345345345', '', 199, '3453453', NULL, 'N', 1, '3.00', NULL, NULL),
(891, 'test', '', 198, '', 0, 'Y', 2, '0.00', 1, NULL),
(935, 'xxx', '', 213, '', NULL, 'Y', 2, '5.00', 64, NULL),
(924, 'ความพึงพอใจของผู้ใช้บริหาร', '', 214, 'KPI001', NULL, 'Y', 2, '5.00', 0, NULL),
(925, 'ความรวดเร็วในการให้บริการ', '', 214, 'KPI001', NULL, 'Y', 2, '5.00', 0, NULL),
(926, 'ความพึงพอใจของผู้ใช้บริหาร', '', 215, 'KPI001', NULL, 'Y', 2, '5.00', 0, NULL),
(927, 'ความรวดเร็วในการให้บริการ', '', 215, 'KPI001', NULL, 'Y', 2, '5.00', 0, NULL),
(928, 'ความพึงพอใจของผู้ใช้บริหาร', '', 216, 'KPI001', NULL, 'Y', 2, '5.00', 76, NULL),
(929, 'ความรวดเร็วในการให้บริการ', '', 216, 'KPI001', NULL, 'Y', 2, '5.00', 76, NULL),
(930, 'หาเงินเก่ง', '', 216, '', NULL, 'Y', 2, '0.00', 76, NULL),
(931, 'หาเงินเก่ง2', '', 216, '', NULL, 'Y', 2, '0.00', 76, NULL),
(932, 'ผ่านไม่ผ่าน', '', 216, '', NULL, 'Y', 3, '5.00', 76, NULL),
(936, 'xx02', '', 213, '', NULL, 'Y', 2, '5.00', 64, NULL),
(937, 'test03', '', 213, '', NULL, 'Y', 2, '5.00', 64, NULL),
(938, 'ยอดขายกำหนดเอง', '', 213, '', 0, 'Y', 1, '40000.00', 64, 'บาท'),
(939, 'ผ่านไม่ผ่าน', '', 213, '', NULL, 'Y', 3, '5.00', 64, NULL),
(940, 'xxxxxกำหนดเอง', '', 213, '', 0, 'Y', 1, '40000.00', 64, 'บาท');

-- --------------------------------------------------------

--
-- Table structure for table `kpi_result`
--

CREATE TABLE `kpi_result` (
  `kpi_year` varchar(255) NOT NULL,
  `appraisal_period_id` varchar(11) NOT NULL,
  `department_id` varchar(11) NOT NULL,
  `position_id` varchar(11) NOT NULL,
  `emp_id` varchar(11) NOT NULL,
  `adjust_percentage` double DEFAULT NULL,
  `adjust_reason` text DEFAULT NULL,
  `confirm_flag` varchar(255) DEFAULT NULL,
  `approve_flag` varchar(255) DEFAULT NULL,
  `score_sum_percentage` double(11,2) DEFAULT NULL,
  `emp_score_sum_percentage` double(11,2) DEFAULT NULL,
  `emp_confirm_flag` varchar(45) DEFAULT NULL,
  `score_final_percentage` double(11,2) DEFAULT NULL,
  `admin_id` int(11) DEFAULT NULL
) ENGINE=MyISAM DEFAULT CHARSET=utf8;

--
-- Dumping data for table `kpi_result`
--

INSERT INTO `kpi_result` (`kpi_year`, `appraisal_period_id`, `department_id`, `position_id`, `emp_id`, `adjust_percentage`, `adjust_reason`, `confirm_flag`, `approve_flag`, `score_sum_percentage`, `emp_score_sum_percentage`, `emp_confirm_flag`, `score_final_percentage`, `admin_id`) VALUES
('2017', '822', '237', '124', '607', 0, '', 'Y', 'Y', 95.00, NULL, NULL, 95.00, 199),
('2017', '822', '238', '124', '606', 0, '', 'Y', 'Y', 75.00, NULL, NULL, 75.00, 199),
('2017', '822', '246', '124', '608', 0, '', 'Y', 'Y', 70.00, NULL, NULL, 70.00, 199),
('2017', '822', '241', '124', '609', 0, '', 'Y', 'Y', 50.00, NULL, NULL, 50.00, 199),
('2017', '822', '240', '124', '610', 0, '', 'Y', 'Y', 95.00, NULL, NULL, 95.00, 199),
('2017', '822', '239', '124', '616', 0, '', 'Y', 'Y', 65.00, NULL, NULL, 65.00, 199),
('2017', '823', '238', '124', '606', 0, '', 'Y', 'Y', 90.00, NULL, NULL, 90.00, 199),
('2017', '823', '237', '124', '607', 0, '', 'Y', 'Y', 80.00, NULL, NULL, 80.00, 199),
('2017', '823', '246', '124', '608', 0, '', 'Y', 'Y', 75.00, NULL, NULL, 75.00, 199),
('2017', '823', '241', '124', '609', 0, '', 'Y', 'Y', 65.00, NULL, NULL, 65.00, 199),
('2017', '823', '240', '124', '610', 0, '', 'Y', 'Y', 75.00, NULL, NULL, 75.00, 199),
('2017', '823', '237', '124', '614', 0, '', 'Y', 'Y', 85.00, NULL, NULL, 85.00, 199),
('2017', '823', '239', '124', '616', 0, '', 'Y', 'Y', 40.00, NULL, NULL, 40.00, 199),
('2017', '824', '238', '124', '606', 0, '', 'Y', 'Y', 90.00, NULL, NULL, 90.00, 199),
('2017', '824', '237', '124', '607', 0, '', 'Y', 'Y', 70.00, NULL, NULL, 70.00, 199),
('2017', '824', '246', '124', '608', 0, '', 'Y', 'Y', 65.00, NULL, NULL, 65.00, 199),
('2017', '824', '241', '124', '609', 0, '', 'Y', 'Y', 85.00, NULL, NULL, 85.00, 199),
('2017', '824', '240', '124', '610', 0, '', 'Y', 'Y', 70.00, NULL, NULL, 70.00, 199),
('2017', '824', '237', '124', '614', 0, '', 'Y', 'Y', 80.00, NULL, NULL, 80.00, 199),
('2017', '824', '239', '124', '616', 0, '', 'Y', 'Y', 90.00, NULL, NULL, 90.00, 199),
('2017', '827', '238', '124', '606', 0, '', 'Y', 'Y', 80.00, NULL, NULL, 80.00, 199),
('2017', '827', '237', '124', '607', 0, '', 'Y', 'Y', 80.00, NULL, NULL, 80.00, 199),
('2017', '827', '246', '124', '608', 0, '', 'Y', 'Y', 75.00, NULL, NULL, 75.00, 199),
('2017', '827', '241', '124', '609', 0, '', 'Y', 'Y', 85.00, NULL, NULL, 85.00, 199),
('2017', '827', '240', '124', '610', 0, '', 'Y', 'Y', 70.00, NULL, NULL, 70.00, 199),
('2017', '827', '237', '124', '614', 0, '', 'Y', 'Y', 80.00, NULL, NULL, 80.00, 199),
('2017', '827', '239', '124', '616', 0, '', 'Y', 'Y', 80.00, NULL, NULL, 80.00, 199),
('', '', '', '', '', 0, '', 'Y', 'N', 30.00, NULL, NULL, 30.00, 199),
('2017', '822', '237', '123', '617', 0, '', 'Y', 'Y', 85.00, NULL, NULL, 85.00, 199),
('2020', '829', '237', '124', '614', 0, '', 'N', 'N', 90.00, 75.00, 'Y', NULL, 199),
('2020', '828', '237', '124', '614', 6, '', 'Y', 'Y', 60.00, 55.00, 'Y', 64.00, 199),
('2017', '822', '237', '124', '614', 0, '', 'Y', 'Y', 65.00, NULL, NULL, 65.00, 199),
('2020', '828', '237', '124', '607', 0, '', 'Y', 'Y', 85.00, NULL, NULL, 51.00, 199),
('2021', '850', '237', '124', '607', 0, '', 'Y', 'Y', 80.00, 80.00, 'Y', 80.00, 199),
('2021', '842', '11', '10', '16', 6, '', 'Y', 'N', 100.00, NULL, NULL, 106.00, 198),
('2021', '843', '9', '8', '1', 0, '', 'Y', 'Y', 100.00, NULL, NULL, 60.00, 198),
('2021', '842', '13', '10', '6', 0, '', 'Y', 'Y', 100.00, NULL, NULL, 60.00, 198),
('2021', '842', '12', '8', '12', 0, '', 'Y', 'Y', 80.00, 90.00, 'Y', 84.00, 198),
('2021', '842', '13', '10', '7', 0, '', 'Y', 'Y', 90.00, NULL, NULL, 54.00, 198),
('2021', '842', '12', '10', '11', 1, 'ทำดี', 'Y', 'Y', 100.00, 94.00, 'Y', 98.60, 198),
('2021', '842', '15', '10', '26', -5, '', 'Y', 'Y', 100.00, 100.00, 'Y', 95.00, 198),
('2021', '842', '9', '8', '1', 0, '', 'Y', '0', 60.00, NULL, NULL, NULL, 198),
('2021', '842', '9', '8', '2', 0, '', 'Y', 'Y', 75.00, 90.00, 'Y', 81.00, 198),
('2021', '860', '257', '139', '686', 0, '', 'Y', 'Y', 95.00, NULL, NULL, 57.00, 205),
('2021', '862', '258', '140', '688', 0, '', 'Y', 'Y', 100.00, 80.00, 'Y', 92.00, 212),
('2021', '860', '257', '139', '687', 0, '', 'Y', 'Y', 100.00, NULL, NULL, 60.00, 205),
('2021', '861', '257', '139', '685', 0, '', 'Y', 'Y', 50.00, NULL, NULL, 30.00, 205),
('2021', '862', '258', '140', '690', NULL, NULL, 'Y', 'Y', 80.00, 80.00, 'Y', 80.00, 212),
('2021', '862', '258', '140', '689', 0, '', 'Y', 'Y', 80.00, 80.00, 'Y', 80.00, 212),
('2021', '863', '258', '140', '688', 0, '', 'Y', 'Y', 80.00, 100.00, 'Y', 88.00, 212),
('2021', '863', '258', '140', '689', 0, '', 'Y', 'Y', 80.00, 60.00, 'Y', 72.00, 212),
('2021', '863', '258', '140', '690', NULL, NULL, 'Y', 'Y', 80.00, 80.00, 'Y', 80.00, 212),
('2022', '865', '249', '141', '691', 0, '', 'Y', 'Y', 100.00, 100.00, 'Y', 100.00, 1),
('2022', '865', '249', '141', '692', 0, '', 'Y', 'Y', 60.00, 100.00, 'Y', 76.00, 1),
('2023', '866', '260', '142', '694', NULL, NULL, 'Y', 'N', 80.00, 80.00, 'Y', NULL, 213),
('2023', '878', '272', '151', '710', 0, '', 'Y', '0', 0.00, NULL, NULL, NULL, 216),
('2023', '878', '272', '151', '711', 0, '', 'Y', '0', 0.00, NULL, NULL, NULL, 216),
('2023', '878', '272', '151', '712', NULL, NULL, 'Y', 'N', 0.00, 0.00, 'Y', NULL, 216),
('2023', '866', '260', '142', '695', NULL, NULL, 'Y', 'N', 100.00, 100.00, 'Y', NULL, 213);

-- --------------------------------------------------------

--
-- Table structure for table `package`
--

CREATE TABLE `package` (
  `id` int(11) NOT NULL,
  `name` varchar(45) DEFAULT NULL,
  `user_amount` int(11) DEFAULT NULL,
  `price_per_month` int(11) DEFAULT NULL,
  `price_per_year` int(11) DEFAULT NULL,
  `appraisal_amount` int(11) DEFAULT NULL,
  `previous_amount` int(11) DEFAULT NULL
) ENGINE=InnoDB DEFAULT CHARSET=utf8;

--
-- Dumping data for table `package`
--

INSERT INTO `package` (`id`, `name`, `user_amount`, `price_per_month`, `price_per_year`, `appraisal_amount`, `previous_amount`) VALUES
(1, 'package E', 5, 0, 0, 4, 0),
(2, 'package D', 10, 299, 2990, 4, 0),
(3, 'package C', 15, 399, 3990, 4, 0),
(4, 'package B', 30, 699, 6990, 6, 0),
(5, 'package A', 50, 999, 9990, 12, 1),
(6, 'package AAA', 9999999, 89000, 89000, 9999, 9999);

-- --------------------------------------------------------

--
-- Table structure for table `perspective`
--

CREATE TABLE `perspective` (
  `perspective_id` int(11) NOT NULL,
  `perspective_name` varchar(200) DEFAULT NULL,
  `perspective_weight` int(11) DEFAULT NULL,
  `admin_id` int(11) DEFAULT NULL
) ENGINE=InnoDB DEFAULT CHARSET=utf8;

--
-- Dumping data for table `perspective`
--

INSERT INTO `perspective` (`perspective_id`, `perspective_name`, `perspective_weight`, `admin_id`) VALUES
(1, 'มุมมองทางด้านกระบวนการ', 25, 198),
(2, 'มุมมองด้านการเรียนรู้และการเติบโต', 25, 198),
(3, 'มุมมองทางด้านการเงิน', 25, 198),
(41, 'test-test01', 100, 199),
(55, 'มุมมองทางด้านลูกค้า', 25, 198),
(56, 'มุมมองด้านการพัฒนาบุคคลากร', 50, 205),
(57, 'wtreter', 50, 205),
(58, 'พัฒนาบุคคลากร', 50, 212),
(59, 'ด้านลูกค้า', 10, 212),
(60, 'การเงิน', 10, 212),
(61, 'การเรียนรู้และการเติบโต', 30, 212),
(62, 'ด้านการเงิน', 100, 1),
(64, 'พัฒนาบุคคลากร', 25, 213),
(65, 'ด้านลูกค้า', 25, 213),
(66, 'การเงิน', 25, 213),
(67, 'การเรียนรู้และการเติบโต', 25, 213),
(68, 'พัฒนาบุคคลากร', 25, 214),
(69, 'ด้านลูกค้า', 25, 214),
(70, 'การเงิน', 25, 214),
(71, 'การเรียนรู้และการเติบโต', 25, 214),
(72, 'พัฒนาบุคคลากร', 25, 215),
(73, 'ด้านลูกค้า', 25, 215),
(74, 'การเงิน', 25, 215),
(75, 'การเรียนรู้และการเติบโต', 25, 215),
(76, 'พัฒนาบุคคลากร', 25, 216),
(77, 'ด้านลูกค้า', 25, 216),
(78, 'การเงิน', 25, 216),
(79, 'การเรียนรู้และการเติบโต', 25, 216);

-- --------------------------------------------------------

--
-- Table structure for table `position_emp`
--

CREATE TABLE `position_emp` (
  `position_id` int(11) NOT NULL,
  `position_name` varchar(255) DEFAULT NULL,
  `role_id` int(11) DEFAULT NULL,
  `admin_id` int(11) DEFAULT NULL
) ENGINE=MyISAM DEFAULT CHARSET=utf8;

--
-- Dumping data for table `position_emp`
--

INSERT INTO `position_emp` (`position_id`, `position_name`, `role_id`, `admin_id`) VALUES
(8, 'พนักงาน', 0, 198),
(10, 'หัวหน้า', 0, 198),
(136, 'ผู้บริหาร', 0, 198),
(122, 'ผู้บริหาร', 1, 199),
(123, 'หัวหน้าแผนก', 2, 199),
(124, 'พนักงาน', 3, 199),
(125, 'พนักงานขาย', 3, 203),
(139, 'พนักงานขาย', 0, 205),
(140, 'พนักงาน', 0, 212),
(141, 'การเงิน', 0, 1),
(142, 'ผู้บริหาร', 1, 213),
(143, 'หัวหน้าแผนก', 2, 213),
(144, 'พนักงานทั่วไป', 3, 213),
(145, 'ผู้บริหาร', 1, 214),
(146, 'หัวหน้าแผนก', 2, 214),
(147, 'พนักงานทั่วไป', 3, 214),
(148, 'ผู้บริหาร', 1, 215),
(149, 'หัวหน้าแผนก', 2, 215),
(150, 'พนักงานทั่วไป', 3, 215),
(151, 'ผู้บริหาร', 1, 216),
(152, 'หัวหน้าแผนก', 2, 216),
(153, 'พนักงานทั่วไป', 3, 216);

-- --------------------------------------------------------

--
-- Table structure for table `role`
--

CREATE TABLE `role` (
  `role_id` int(11) NOT NULL,
  `role_name` varchar(255) DEFAULT NULL
) ENGINE=MyISAM DEFAULT CHARSET=utf8;

--
-- Dumping data for table `role`
--

INSERT INTO `role` (`role_id`, `role_name`) VALUES
(1, 'ผู้ประเมินสูงสุด'),
(2, 'ผู้ประเมิน'),
(3, 'ผู้รับประเมิน');

-- --------------------------------------------------------

--
-- Table structure for table `threshold`
--

CREATE TABLE `threshold` (
  `threshold_id` int(11) NOT NULL,
  `threshold_name` varchar(255) DEFAULT NULL,
  `threshold_begin` varchar(255) DEFAULT NULL,
  `threshold_end` varchar(255) DEFAULT NULL,
  `threshold_color` varchar(255) DEFAULT NULL,
  `admin_id` int(11) DEFAULT NULL,
  `score` varchar(45) DEFAULT NULL
) ENGINE=MyISAM DEFAULT CHARSET=utf8;

--
-- Dumping data for table `threshold`
--

INSERT INTO `threshold` (`threshold_id`, `threshold_name`, `threshold_begin`, `threshold_end`, `threshold_color`, `admin_id`, `score`) VALUES
(1, 'ไม่ผ่าน', '0', '19', 'DD0000', NULL, '0'),
(2, 'ต่ำกว่าเกณฑ์', '20', '39', 'FFFF99', NULL, '1'),
(3, 'ผ่านเกณฑ์ขั้นต่ำ', '40', '59', 'FFCC66', NULL, '2'),
(4, 'น่าพอใจ', '60', '79', '99FF00', NULL, '3'),
(5, 'ดี', '80', '99', '339933', NULL, '4'),
(6, 'ดีมาก', '100', '100', '336666', NULL, '5');

--
-- Indexes for dumped tables
--

--
-- Indexes for table `admin`
--
ALTER TABLE `admin`
  ADD PRIMARY KEY (`admin_id`);

--
-- Indexes for table `appraisal_period`
--
ALTER TABLE `appraisal_period`
  ADD PRIMARY KEY (`appraisal_period_id`);

--
-- Indexes for table `assign_evaluate_kpi`
--
ALTER TABLE `assign_evaluate_kpi`
  ADD PRIMARY KEY (`assign_kpi_year`,`appraisal_period_id`,`department_id`,`position_id`,`emp_id`,`kpi_id`);

--
-- Indexes for table `assign_kpi_master`
--
ALTER TABLE `assign_kpi_master`
  ADD PRIMARY KEY (`assign_kpi_id`);

--
-- Indexes for table `baseline`
--
ALTER TABLE `baseline`
  ADD PRIMARY KEY (`baseline_id`);

--
-- Indexes for table `department`
--
ALTER TABLE `department`
  ADD PRIMARY KEY (`department_id`);

--
-- Indexes for table `employee`
--
ALTER TABLE `employee`
  ADD PRIMARY KEY (`emp_id`);

--
-- Indexes for table `emp_status`
--
ALTER TABLE `emp_status`
  ADD PRIMARY KEY (`id`);

--
-- Indexes for table `kpi`
--
ALTER TABLE `kpi`
  ADD PRIMARY KEY (`kpi_id`);

--
-- Indexes for table `kpi_result`
--
ALTER TABLE `kpi_result`
  ADD PRIMARY KEY (`kpi_year`,`appraisal_period_id`,`department_id`,`position_id`,`emp_id`);

--
-- Indexes for table `package`
--
ALTER TABLE `package`
  ADD PRIMARY KEY (`id`);

--
-- Indexes for table `perspective`
--
ALTER TABLE `perspective`
  ADD PRIMARY KEY (`perspective_id`);

--
-- Indexes for table `position_emp`
--
ALTER TABLE `position_emp`
  ADD PRIMARY KEY (`position_id`);

--
-- Indexes for table `role`
--
ALTER TABLE `role`
  ADD PRIMARY KEY (`role_id`);

--
-- Indexes for table `threshold`
--
ALTER TABLE `threshold`
  ADD PRIMARY KEY (`threshold_id`);

--
-- AUTO_INCREMENT for dumped tables
--

--
-- AUTO_INCREMENT for table `admin`
--
ALTER TABLE `admin`
  MODIFY `admin_id` int(11) NOT NULL AUTO_INCREMENT, AUTO_INCREMENT=217;

--
-- AUTO_INCREMENT for table `appraisal_period`
--
ALTER TABLE `appraisal_period`
  MODIFY `appraisal_period_id` int(11) NOT NULL AUTO_INCREMENT, AUTO_INCREMENT=883;

--
-- AUTO_INCREMENT for table `assign_kpi_master`
--
ALTER TABLE `assign_kpi_master`
  MODIFY `assign_kpi_id` int(11) NOT NULL AUTO_INCREMENT, AUTO_INCREMENT=284;

--
-- AUTO_INCREMENT for table `baseline`
--
ALTER TABLE `baseline`
  MODIFY `baseline_id` int(11) NOT NULL AUTO_INCREMENT, AUTO_INCREMENT=1040;

--
-- AUTO_INCREMENT for table `department`
--
ALTER TABLE `department`
  MODIFY `department_id` int(11) NOT NULL AUTO_INCREMENT, AUTO_INCREMENT=277;

--
-- AUTO_INCREMENT for table `employee`
--
ALTER TABLE `employee`
  MODIFY `emp_id` int(11) NOT NULL AUTO_INCREMENT, AUTO_INCREMENT=714;

--
-- AUTO_INCREMENT for table `emp_status`
--
ALTER TABLE `emp_status`
  MODIFY `id` int(11) NOT NULL AUTO_INCREMENT, AUTO_INCREMENT=4;

--
-- AUTO_INCREMENT for table `kpi`
--
ALTER TABLE `kpi`
  MODIFY `kpi_id` int(11) NOT NULL AUTO_INCREMENT, AUTO_INCREMENT=941;

--
-- AUTO_INCREMENT for table `package`
--
ALTER TABLE `package`
  MODIFY `id` int(11) NOT NULL AUTO_INCREMENT, AUTO_INCREMENT=7;

--
-- AUTO_INCREMENT for table `perspective`
--
ALTER TABLE `perspective`
  MODIFY `perspective_id` int(11) NOT NULL AUTO_INCREMENT, AUTO_INCREMENT=81;

--
-- AUTO_INCREMENT for table `position_emp`
--
ALTER TABLE `position_emp`
  MODIFY `position_id` int(11) NOT NULL AUTO_INCREMENT, AUTO_INCREMENT=155;

--
-- AUTO_INCREMENT for table `threshold`
--
ALTER TABLE `threshold`
  MODIFY `threshold_id` int(11) NOT NULL AUTO_INCREMENT, AUTO_INCREMENT=1006;
COMMIT;

/*!40101 SET CHARACTER_SET_CLIENT=@OLD_CHARACTER_SET_CLIENT */;
/*!40101 SET CHARACTER_SET_RESULTS=@OLD_CHARACTER_SET_RESULTS */;
/*!40101 SET COLLATION_CONNECTION=@OLD_COLLATION_CONNECTION */;
